<assessmentItem xmlns:xsi="http://www.w3.org/2001/XMLSchema-instance" xmlns:xsd="http://www.w3.org/2001/XMLSchema" xmlns="http://www.open.com.cn/schemas/exam/openqti_v1" identifier="5ebce78d-d93a-41d7-8360-1ed42acee4c9" title="阅读例题1" adaptive="false" timeDependent="false"><responseDeclaration identifier="RESPONSE" cardinality="single" baseType="identifier"><correctResponse><value>F</value></correctResponse></responseDeclaration><outcomeDeclaration identifier="SCORE" cardinality="single" baseType="float" normalMaximum="1"><defaultValue><value>0</value></defaultValue></outcomeDeclaration><itemBody><choiceInteraction responseIdentifier="RESPONSE" shuffle="false" maxChoices="1"><prompt>&lt;img alt="" width="175" height="108" src="5ebce78d-d93a-41d7-8360-1ed42acee4c9/201171517310510.jpg" /&gt;&lt;ruby&gt;&lt;rb&gt;&lt;/rb&gt;电&lt;rp&gt;(&lt;/rp&gt;&lt;rt&gt;diàn&lt;/rt&gt;&lt;rp&gt;)&lt;/rp&gt;&lt;/ruby&gt; &lt;ruby&gt;&lt;rb&gt;&lt;/rb&gt;视&lt;rp&gt;(&lt;/rp&gt;&lt;rt&gt;shì&lt;/rt&gt;&lt;rp&gt;)&lt;/rp&gt;&lt;/ruby&gt;</prompt><simpleChoice identifier="T" fixed="true">√</simpleChoice><simpleChoice identifier="F" fixed="true">×</simpleChoice></choiceInteraction></itemBody><responseProcessing><responseCondition><responseIf><match><correct identifier="RESPONSE" /><variable identifier="RESPONSE" /></match><setOutcomeValue identifier="SCORE"><baseValue baseType="float">1</baseValue></setOutcomeValue></responseIf></responseCondition></responseProcessing></assessmentItem>