<assessmentItem xmlns:xsi="http://www.w3.org/2001/XMLSchema-instance" xmlns:xsd="http://www.w3.org/2001/XMLSchema" xmlns="http://www.open.com.cn/schemas/exam/openqti_v1" identifier="9e44a6a1-a127-494d-90ee-a2f3d2292a0f" title="听力6" adaptive="false" timeDependent="false"><responseDeclaration identifier="RESPONSE" cardinality="single" baseType="identifier"><correctResponse><value>A</value></correctResponse></responseDeclaration><outcomeDeclaration identifier="SCORE" cardinality="single" baseType="float" normalMaximum="1"><defaultValue><value>0</value></defaultValue></outcomeDeclaration><itemBody><choiceInteraction responseIdentifier="RESPONSE" shuffle="true" maxChoices="1"><prompt>&lt;media src="9e44a6a1-a127-494d-90ee-a2f3d2292a0f/2011715165127838.mp3" duration="21" repeatTimes="0" repeatInterval="0" mimeType="audio/mpeg" content=""&gt;播放音频&lt;/media&gt;</prompt><simpleChoice identifier="A">&lt;img width="137" height="123" alt="" src="9e44a6a1-a127-494d-90ee-a2f3d2292a0f/2011715165146713.jpg" /&gt;</simpleChoice><simpleChoice identifier="B">&lt;img width="137" height="123" alt="" src="9e44a6a1-a127-494d-90ee-a2f3d2292a0f/201171516526400.jpg" /&gt;</simpleChoice><simpleChoice identifier="C">&lt;img width="137" height="123" alt="" src="9e44a6a1-a127-494d-90ee-a2f3d2292a0f/2011715165213353.jpg" /&gt;</simpleChoice></choiceInteraction></itemBody><responseProcessing><responseCondition><responseIf><match><correct identifier="RESPONSE" /><variable identifier="RESPONSE" /></match><setOutcomeValue identifier="SCORE"><baseValue baseType="float">1</baseValue></setOutcomeValue></responseIf></responseCondition></responseProcessing></assessmentItem>