<assessmentItem xmlns:xsi="http://www.w3.org/2001/XMLSchema-instance" xmlns:xsd="http://www.w3.org/2001/XMLSchema" xmlns="http://www.open.com.cn/schemas/exam/openqti_v1" identifier="f46f4cd2-8a26-4aa4-a103-10972a19b376" title="听力9" adaptive="false" timeDependent="false"><responseDeclaration identifier="RESPONSE" cardinality="single" baseType="identifier"><correctResponse><value>A</value></correctResponse></responseDeclaration><outcomeDeclaration identifier="SCORE" cardinality="single" baseType="float" normalMaximum="1"><defaultValue><value>0</value></defaultValue></outcomeDeclaration><itemBody><choiceInteraction responseIdentifier="RESPONSE" shuffle="true" maxChoices="1"><prompt>&lt;media src="f46f4cd2-8a26-4aa4-a103-10972a19b376/2011715165439869.mp3" duration="13" repeatTimes="0" repeatInterval="0" mimeType="audio/mpeg" content=""&gt;播放音频&lt;/media&gt;</prompt><simpleChoice identifier="A">&lt;img width="137" height="123" alt="" src="f46f4cd2-8a26-4aa4-a103-10972a19b376/2011715165459322.jpg" /&gt;</simpleChoice><simpleChoice identifier="B">&lt;img width="137" height="123" alt="" src="f46f4cd2-8a26-4aa4-a103-10972a19b376/201171516558275.jpg" /&gt;</simpleChoice><simpleChoice identifier="C">&lt;img width="137" height="123" alt="" src="f46f4cd2-8a26-4aa4-a103-10972a19b376/2011715165516557.jpg" /&gt;</simpleChoice></choiceInteraction></itemBody><responseProcessing><responseCondition><responseIf><match><correct identifier="RESPONSE" /><variable identifier="RESPONSE" /></match><setOutcomeValue identifier="SCORE"><baseValue baseType="float">1</baseValue></setOutcomeValue></responseIf></responseCondition></responseProcessing></assessmentItem>