<assessmentItem xmlns:xsi="http://www.w3.org/2001/XMLSchema-instance" xmlns:xsd="http://www.w3.org/2001/XMLSchema" xmlns="http://www.open.com.cn/schemas/exam/openqti_v1" identifier="cb9d3c70-d674-427d-ae24-f58f8398fd14" title="听力例题" adaptive="false" timeDependent="false"><responseDeclaration identifier="RESPONSE" cardinality="single" baseType="identifier"><correctResponse><value>A</value></correctResponse></responseDeclaration><outcomeDeclaration identifier="SCORE" cardinality="single" baseType="float" normalMaximum="1"><defaultValue><value>0</value></defaultValue></outcomeDeclaration><itemBody><choiceInteraction responseIdentifier="RESPONSE" shuffle="false" maxChoices="1"><prompt>&lt;media src="cb9d3c70-d674-427d-ae24-f58f8398fd14/201171892025307.mp3" duration="28" repeatTimes="0" repeatInterval="0" mimeType="audio/mpeg" content=""&gt;播放音频&lt;/media&gt;</prompt><simpleChoice identifier="A">&lt;img alt="" width="137" height="123" src="cb9d3c70-d674-427d-ae24-f58f8398fd14/2011715165050353.jpg" /&gt;</simpleChoice><simpleChoice identifier="B">&lt;img alt="" width="137" height="123" src="cb9d3c70-d674-427d-ae24-f58f8398fd14/2011715165056900.jpg" /&gt;</simpleChoice><simpleChoice identifier="C">&lt;img alt="" width="137" height="123" src="cb9d3c70-d674-427d-ae24-f58f8398fd14/201171516514228.jpg" /&gt;</simpleChoice></choiceInteraction></itemBody><responseProcessing><responseCondition><responseIf><match><correct identifier="RESPONSE" /><variable identifier="RESPONSE" /></match><setOutcomeValue identifier="SCORE"><baseValue baseType="float">1</baseValue></setOutcomeValue></responseIf></responseCondition></responseProcessing></assessmentItem>