<assessmentItem xmlns:xsi="http://www.w3.org/2001/XMLSchema-instance" xmlns:xsd="http://www.w3.org/2001/XMLSchema" xmlns="http://www.open.com.cn/schemas/exam/openqti_v1" identifier="db10aee0-4305-4322-8eb1-60615f2800a8" title="听力8" adaptive="false" timeDependent="false"><responseDeclaration identifier="RESPONSE" cardinality="single" baseType="identifier"><correctResponse><value>B</value></correctResponse></responseDeclaration><outcomeDeclaration identifier="SCORE" cardinality="single" baseType="float" normalMaximum="1"><defaultValue><value>0</value></defaultValue></outcomeDeclaration><itemBody><choiceInteraction responseIdentifier="RESPONSE" shuffle="true" maxChoices="1"><prompt>&lt;media src="db10aee0-4305-4322-8eb1-60615f2800a8/2011715165343197.mp3" duration="17" repeatTimes="0" repeatInterval="0" mimeType="audio/mpeg" content=""&gt;播放音频&lt;/media&gt;</prompt><simpleChoice identifier="A">&lt;img alt="" width="137" height="123" src="db10aee0-4305-4322-8eb1-60615f2800a8/201171516540713.jpg" /&gt;</simpleChoice><simpleChoice identifier="B">&lt;img alt="" width="137" height="123" src="db10aee0-4305-4322-8eb1-60615f2800a8/201171516549494.jpg" /&gt;</simpleChoice><simpleChoice identifier="C">&lt;img alt="" width="137" height="123" src="db10aee0-4305-4322-8eb1-60615f2800a8/2011715165418338.jpg" /&gt;</simpleChoice></choiceInteraction></itemBody><responseProcessing><responseCondition><responseIf><match><correct identifier="RESPONSE" /><variable identifier="RESPONSE" /></match><setOutcomeValue identifier="SCORE"><baseValue baseType="float">1</baseValue></setOutcomeValue></responseIf></responseCondition></responseProcessing></assessmentItem>