<assessmentItem xmlns:xsi="http://www.w3.org/2001/XMLSchema-instance" xmlns:xsd="http://www.w3.org/2001/XMLSchema" xmlns="http://www.open.com.cn/schemas/exam/openqti_v1" identifier="3e11bf6b-5c9e-4a33-a180-bf24516c4553" title="听力10" adaptive="false" timeDependent="false"><responseDeclaration identifier="RESPONSE" cardinality="single" baseType="identifier"><correctResponse><value>C</value></correctResponse></responseDeclaration><outcomeDeclaration identifier="SCORE" cardinality="single" baseType="float" normalMaximum="1"><defaultValue><value>0</value></defaultValue></outcomeDeclaration><itemBody><choiceInteraction responseIdentifier="RESPONSE" shuffle="true" maxChoices="1"><prompt>&lt;media src="3e11bf6b-5c9e-4a33-a180-bf24516c4553/2011715165551744.mp3" duration="16" repeatTimes="0" repeatInterval="0" mimeType="audio/mpeg" content=""&gt;播放音频&lt;/media&gt;</prompt><simpleChoice identifier="A">&lt;img alt="" width="137" height="123" src="3e11bf6b-5c9e-4a33-a180-bf24516c4553/2011715165612213.jpg" /&gt;</simpleChoice><simpleChoice identifier="B">&lt;img alt="" width="137" height="123" src="3e11bf6b-5c9e-4a33-a180-bf24516c4553/2011715165624994.jpg" /&gt;</simpleChoice><simpleChoice identifier="C">&lt;img alt="" width="137" height="123" src="3e11bf6b-5c9e-4a33-a180-bf24516c4553/2011715165632807.jpg" /&gt;</simpleChoice></choiceInteraction></itemBody><responseProcessing><responseCondition><responseIf><match><correct identifier="RESPONSE" /><variable identifier="RESPONSE" /></match><setOutcomeValue identifier="SCORE"><baseValue baseType="float">1</baseValue></setOutcomeValue></responseIf></responseCondition></responseProcessing></assessmentItem>