<assessmentTest xmlns:xsi="http://www.w3.org/2001/XMLSchema-instance" xmlns:xsd="http://www.w3.org/2001/XMLSchema" identifier="84d1f065-0bb1-e011-abdb-005056b834eb" title="HSK三级1107（H31114）" xmlns="http://www.open.com.cn/schemas/exam/openqti_v1"><outcomeDeclaration identifier="SCORE" cardinality="single" baseType="float" /><testPart identifier="P01" navigationMode="linear" submissionMode="simultaneous"><rubricBlock view="candidate"><prompt>听力&lt;media src="84d1f065-0bb1-e011-abdb-005056b834eb\P01\201171814442978.mp3" mimeType="audio/mpeg" content="" duration="62" repeatInterval="0" repeatTimes="0"&gt;答题说明&lt;/media&gt;</prompt></rubricBlock><endBlock><prompt>&lt;media src="84d1f065-0bb1-e011-abdb-005056b834eb\P01\2014716102157762.mp3" mimeType="audio/mpeg" content="" duration="4" repeatInterval="0" repeatTimes="0"&gt;模块结束音频&lt;/media&gt;</prompt></endBlock><timeLimits maxTime="2472" checkTime="300" /><assessmentSection identifier="S01" title="第一部分" visible="true" score="25" itemCount="2" optionalItemCount="0" mediaType="1" optionalItemScore="0"><endBlock /><ordering shuffle="false" /><rubricBlock view="candidate"><prompt>&lt;media src="84d1f065-0bb1-e011-abdb-005056b834eb\P01\S01\201171814442957.mp3" mimeType="audio/mpeg" content="" duration="8" repeatInterval="0" repeatTimes="0"&gt;答题说明&lt;/media&gt;</prompt></rubricBlock><assessmentItemRef identifier="c9c6346d-633e-4d75-87a2-a877cfab4975" href="AssessmentItems/ASI_c9c6346d-633e-4d75-87a2-a877cfab4975.xml" type="readingComprehension" subjective="false" isExample="false" prepareDuration="0" responseDuration="5" promptShowDuration="0"><media mimeType="audio/mpeg" src="c9c6346d-633e-4d75-87a2-a877cfab4975\201171514589994.mp3" duration="177" content="" repeatTimes="0" repeatInterval="0">播放音频</media><weight identifier="WEIGHT" value="12.5">12.5</weight></assessmentItemRef><assessmentItemRef identifier="_x0033_7aa08aa-5737-434e-9a5d-43f2b56ab83f" href="AssessmentItems/ASI_37aa08aa-5737-434e-9a5d-43f2b56ab83f.xml" type="readingComprehension" subjective="false" isExample="false" prepareDuration="0" responseDuration="5" promptShowDuration="0"><media mimeType="audio/mpeg" src="37aa08aa-5737-434e-9a5d-43f2b56ab83f\20117151514210.mp3" duration="157" content="" repeatTimes="0" repeatInterval="0">播放音频</media><weight identifier="WEIGHT" value="12.5">12.5</weight></assessmentItemRef></assessmentSection><assessmentSection identifier="S02" title="第二部分" visible="true" score="25" itemCount="10" optionalItemCount="0" mediaType="1" optionalItemScore="0"><endBlock /><ordering shuffle="false" /><rubricBlock view="candidate"><prompt>&lt;media src="84d1f065-0bb1-e011-abdb-005056b834eb\P01\S02\201171814454810.mp3" mimeType="audio/mpeg" content="" duration="7" repeatInterval="0" repeatTimes="0"&gt;答题说明&lt;/media&gt;</prompt></rubricBlock><assessmentItemRef identifier="_x0033_8774109-40d2-479b-a902-2b5de1b89089" href="AssessmentItems/ASI_38774109-40d2-479b-a902-2b5de1b89089.xml" type="judgement" subjective="false" isExample="true" prepareDuration="0" responseDuration="0" promptShowDuration="0"><media mimeType="audio/mpeg" src="38774109-40d2-479b-a902-2b5de1b89089\201171515450932.mp3" duration="35" content="" repeatTimes="0" repeatInterval="0">播放音频</media><weight identifier="WEIGHT" value="0">0</weight></assessmentItemRef><assessmentItemRef identifier="_x0035_26f00fa-4621-436a-97c8-73c61c51c72a" href="AssessmentItems/ASI_526f00fa-4621-436a-97c8-73c61c51c72a.xml" type="judgement" subjective="false" isExample="true" prepareDuration="0" responseDuration="0" promptShowDuration="0"><media mimeType="audio/mpeg" src="526f00fa-4621-436a-97c8-73c61c51c72a\201171515747338.mp3" duration="49" content="" repeatTimes="0" repeatInterval="0">播放音频</media><weight identifier="WEIGHT" value="0">0</weight></assessmentItemRef><assessmentItemRef identifier="_x0030_0a34e7b-00b5-4d00-af07-be4f0b92a0cb" href="AssessmentItems/ASI_00a34e7b-00b5-4d00-af07-be4f0b92a0cb.xml" type="judgement" subjective="false" isExample="false" prepareDuration="0" responseDuration="6" promptShowDuration="0"><media mimeType="audio/mpeg" src="00a34e7b-00b5-4d00-af07-be4f0b92a0cb\201171515917150.mp3" duration="39" content="" repeatTimes="0" repeatInterval="0">播放音频</media><weight identifier="WEIGHT" value="2.5">2.5</weight></assessmentItemRef><assessmentItemRef identifier="_x0036_fff612e-da8f-4f18-b634-fabeb15ca779" href="AssessmentItems/ASI_6fff612e-da8f-4f18-b634-fabeb15ca779.xml" type="judgement" subjective="false" isExample="false" prepareDuration="0" responseDuration="6" promptShowDuration="0"><media mimeType="audio/mpeg" src="6fff612e-da8f-4f18-b634-fabeb15ca779\201171515103957.mp3" duration="43" content="" repeatTimes="0" repeatInterval="0">播放音频</media><weight identifier="WEIGHT" value="2.5">2.5</weight></assessmentItemRef><assessmentItemRef identifier="_x0035_5136e41-c6c6-43ec-9b8f-01cf41a3e35f" href="AssessmentItems/ASI_55136e41-c6c6-43ec-9b8f-01cf41a3e35f.xml" type="judgement" subjective="false" isExample="false" prepareDuration="0" responseDuration="6" promptShowDuration="0"><media mimeType="audio/mpeg" src="55136e41-c6c6-43ec-9b8f-01cf41a3e35f\2011715151120447.mp3" duration="41" content="" repeatTimes="0" repeatInterval="0">播放音频</media><weight identifier="WEIGHT" value="2.5">2.5</weight></assessmentItemRef><assessmentItemRef identifier="_x0034_cd21f97-704e-4bcb-8e53-c750046c4614" href="AssessmentItems/ASI_4cd21f97-704e-4bcb-8e53-c750046c4614.xml" type="judgement" subjective="false" isExample="false" prepareDuration="0" responseDuration="6" promptShowDuration="0"><media mimeType="audio/mpeg" src="4cd21f97-704e-4bcb-8e53-c750046c4614\201171515128291.mp3" duration="35" content="" repeatTimes="0" repeatInterval="0">播放音频</media><weight identifier="WEIGHT" value="2.5">2.5</weight></assessmentItemRef><assessmentItemRef identifier="db33494a-b6b4-4321-81df-035733b574af" href="AssessmentItems/ASI_db33494a-b6b4-4321-81df-035733b574af.xml" type="judgement" subjective="false" isExample="false" prepareDuration="0" responseDuration="6" promptShowDuration="0"><media mimeType="audio/mpeg" src="db33494a-b6b4-4321-81df-035733b574af\2011715151245275.mp3" duration="32" content="" repeatTimes="0" repeatInterval="0">播放音频</media><weight identifier="WEIGHT" value="2.5">2.5</weight></assessmentItemRef><assessmentItemRef identifier="c0b5177b-0b86-42ef-9ffe-ffd17edb5fae" href="AssessmentItems/ASI_c0b5177b-0b86-42ef-9ffe-ffd17edb5fae.xml" type="judgement" subjective="false" isExample="false" prepareDuration="0" responseDuration="6" promptShowDuration="0"><media mimeType="audio/mpeg" src="c0b5177b-0b86-42ef-9ffe-ffd17edb5fae\2011715151318588.mp3" duration="45" content="" repeatTimes="0" repeatInterval="0">播放音频</media><weight identifier="WEIGHT" value="2.5">2.5</weight></assessmentItemRef><assessmentItemRef identifier="c5a61c98-c9dc-42d6-8bc8-829bd665805c" href="AssessmentItems/ASI_c5a61c98-c9dc-42d6-8bc8-829bd665805c.xml" type="judgement" subjective="false" isExample="false" prepareDuration="0" responseDuration="6" promptShowDuration="0"><media mimeType="audio/mpeg" src="c5a61c98-c9dc-42d6-8bc8-829bd665805c\2011715151352603.mp3" duration="45" content="" repeatTimes="0" repeatInterval="0">播放音频</media><weight identifier="WEIGHT" value="2.5">2.5</weight></assessmentItemRef><assessmentItemRef identifier="_x0030_6f6cac5-1364-4645-b834-7fa7a84f6af2" href="AssessmentItems/ASI_06f6cac5-1364-4645-b834-7fa7a84f6af2.xml" type="judgement" subjective="false" isExample="false" prepareDuration="0" responseDuration="6" promptShowDuration="0"><media mimeType="audio/mpeg" src="06f6cac5-1364-4645-b834-7fa7a84f6af2\2011715151423650.mp3" duration="38" content="" repeatTimes="0" repeatInterval="0">播放音频</media><weight identifier="WEIGHT" value="2.5">2.5</weight></assessmentItemRef><assessmentItemRef identifier="_x0035_dc1bb08-431a-4928-9a2d-e718efb6008b" href="AssessmentItems/ASI_5dc1bb08-431a-4928-9a2d-e718efb6008b.xml" type="judgement" subjective="false" isExample="false" prepareDuration="0" responseDuration="6" promptShowDuration="0"><media mimeType="audio/mpeg" src="5dc1bb08-431a-4928-9a2d-e718efb6008b\2011715151451635.mp3" duration="34" content="" repeatTimes="0" repeatInterval="0">播放音频</media><weight identifier="WEIGHT" value="2.5">2.5</weight></assessmentItemRef><assessmentItemRef identifier="_x0037_4f62d96-6c86-4aad-ade1-d75c20f534e0" href="AssessmentItems/ASI_74f62d96-6c86-4aad-ade1-d75c20f534e0.xml" type="judgement" subjective="false" isExample="false" prepareDuration="0" responseDuration="6" promptShowDuration="0"><media mimeType="audio/mpeg" src="74f62d96-6c86-4aad-ade1-d75c20f534e0\2011715151542838.mp3" duration="47" content="" repeatTimes="0" repeatInterval="0">播放音频</media><weight identifier="WEIGHT" value="2.5">2.5</weight></assessmentItemRef></assessmentSection><assessmentSection identifier="S03" title="第三部分" visible="true" score="25" itemCount="10" optionalItemCount="0" mediaType="1" optionalItemScore="0"><endBlock /><ordering shuffle="false" /><rubricBlock view="candidate"><prompt>&lt;media src="84d1f065-0bb1-e011-abdb-005056b834eb\P01\S03\2011718144651197.mp3" mimeType="audio/mpeg" content="" duration="8" repeatInterval="0" repeatTimes="0"&gt;答题说明&lt;/media&gt;</prompt></rubricBlock><assessmentItemRef identifier="_x0037_0533ed5-e48a-4bb0-be88-e2449d2a6638" href="AssessmentItems/ASI_70533ed5-e48a-4bb0-be88-e2449d2a6638.xml" type="singleChoice" subjective="false" isExample="true" prepareDuration="0" responseDuration="0" promptShowDuration="0"><media mimeType="audio/mpeg" src="70533ed5-e48a-4bb0-be88-e2449d2a6638\2011715151728478.mp3" duration="45" content="" repeatTimes="0" repeatInterval="0">播放音频</media><weight identifier="WEIGHT" value="0">0</weight></assessmentItemRef><assessmentItemRef identifier="_x0034_55f5c7b-1b61-4c4b-96d9-f1e733353aa8" href="AssessmentItems/ASI_455f5c7b-1b61-4c4b-96d9-f1e733353aa8.xml" type="singleChoice" subjective="false" isExample="false" prepareDuration="0" responseDuration="10" promptShowDuration="0"><media mimeType="audio/mpeg" src="455f5c7b-1b61-4c4b-96d9-f1e733353aa8\2011715151945525.mp3" duration="39" content="" repeatTimes="0" repeatInterval="0">播放音频</media><weight identifier="WEIGHT" value="2.5">2.5</weight></assessmentItemRef><assessmentItemRef identifier="ffa4ce1b-6a68-4903-af6b-5fa5d7791cad" href="AssessmentItems/ASI_ffa4ce1b-6a68-4903-af6b-5fa5d7791cad.xml" type="singleChoice" subjective="false" isExample="false" prepareDuration="0" responseDuration="10" promptShowDuration="0"><media mimeType="audio/mpeg" src="ffa4ce1b-6a68-4903-af6b-5fa5d7791cad\2011715152043869.mp3" duration="32" content="" repeatTimes="0" repeatInterval="0">播放音频</media><weight identifier="WEIGHT" value="2.5">2.5</weight></assessmentItemRef><assessmentItemRef identifier="_x0032_aacbb90-6625-4191-8985-22d485d556cc" href="AssessmentItems/ASI_2aacbb90-6625-4191-8985-22d485d556cc.xml" type="singleChoice" subjective="false" isExample="false" prepareDuration="0" responseDuration="10" promptShowDuration="0"><media mimeType="audio/mpeg" src="2aacbb90-6625-4191-8985-22d485d556cc\2011715152128557.mp3" duration="32" content="" repeatTimes="0" repeatInterval="0">播放音频</media><weight identifier="WEIGHT" value="2.5">2.5</weight></assessmentItemRef><assessmentItemRef identifier="e87bf301-4e4e-49c8-b59b-e29b71464c18" href="AssessmentItems/ASI_e87bf301-4e4e-49c8-b59b-e29b71464c18.xml" type="singleChoice" subjective="false" isExample="false" prepareDuration="0" responseDuration="10" promptShowDuration="0"><media mimeType="audio/mpeg" src="e87bf301-4e4e-49c8-b59b-e29b71464c18\2011715152211385.mp3" duration="40" content="" repeatTimes="0" repeatInterval="0">播放音频</media><weight identifier="WEIGHT" value="2.5">2.5</weight></assessmentItemRef><assessmentItemRef identifier="_x0037_a513975-1459-48b4-b7ca-6cbf243c5e52" href="AssessmentItems/ASI_7a513975-1459-48b4-b7ca-6cbf243c5e52.xml" type="singleChoice" subjective="false" isExample="false" prepareDuration="0" responseDuration="10" promptShowDuration="0"><media mimeType="audio/mpeg" src="7a513975-1459-48b4-b7ca-6cbf243c5e52\2011715152251978.mp3" duration="37" content="" repeatTimes="0" repeatInterval="0">播放音频</media><weight identifier="WEIGHT" value="2.5">2.5</weight></assessmentItemRef><assessmentItemRef identifier="_x0034_b2cba4a-65c9-4108-9541-61f945b8e4db" href="AssessmentItems/ASI_4b2cba4a-65c9-4108-9541-61f945b8e4db.xml" type="singleChoice" subjective="false" isExample="false" prepareDuration="0" responseDuration="10" promptShowDuration="0"><media mimeType="audio/mpeg" src="4b2cba4a-65c9-4108-9541-61f945b8e4db\201171515251710.mp3" duration="41" content="" repeatTimes="0" repeatInterval="0">播放音频</media><weight identifier="WEIGHT" value="2.5">2.5</weight></assessmentItemRef><assessmentItemRef identifier="fe660bf6-c290-4a24-a3d4-d91fa524b6cb" href="AssessmentItems/ASI_fe660bf6-c290-4a24-a3d4-d91fa524b6cb.xml" type="singleChoice" subjective="false" isExample="false" prepareDuration="0" responseDuration="10" promptShowDuration="0"><media mimeType="audio/mpeg" src="fe660bf6-c290-4a24-a3d4-d91fa524b6cb\201171515269775.mp3" duration="40" content="" repeatTimes="0" repeatInterval="0">播放音频</media><weight identifier="WEIGHT" value="2.5">2.5</weight></assessmentItemRef><assessmentItemRef identifier="_x0030_4ad2e75-bfa4-4411-aa7e-8a69ad8199af" href="AssessmentItems/ASI_04ad2e75-bfa4-4411-aa7e-8a69ad8199af.xml" type="singleChoice" subjective="false" isExample="false" prepareDuration="0" responseDuration="10" promptShowDuration="0"><media mimeType="audio/mpeg" src="04ad2e75-bfa4-4411-aa7e-8a69ad8199af\2011715152824510.mp3" duration="36" content="" repeatTimes="0" repeatInterval="0">播放音频</media><weight identifier="WEIGHT" value="2.5">2.5</weight></assessmentItemRef><assessmentItemRef identifier="_x0032_2b54a46-e10c-4b9d-be0a-bc5a05ea4abb" href="AssessmentItems/ASI_22b54a46-e10c-4b9d-be0a-bc5a05ea4abb.xml" type="singleChoice" subjective="false" isExample="false" prepareDuration="0" responseDuration="10" promptShowDuration="0"><media mimeType="audio/mpeg" src="22b54a46-e10c-4b9d-be0a-bc5a05ea4abb\2011715152945400.mp3" duration="40" content="" repeatTimes="0" repeatInterval="0">播放音频</media><weight identifier="WEIGHT" value="2.5">2.5</weight></assessmentItemRef><assessmentItemRef identifier="_x0039_bb58720-ed9b-4436-84c8-3cd6ce80654a" href="AssessmentItems/ASI_9bb58720-ed9b-4436-84c8-3cd6ce80654a.xml" type="singleChoice" subjective="false" isExample="false" prepareDuration="0" responseDuration="10" promptShowDuration="0"><media mimeType="audio/mpeg" src="9bb58720-ed9b-4436-84c8-3cd6ce80654a\201171515305641.mp3" duration="35" content="" repeatTimes="0" repeatInterval="0">播放音频</media><weight identifier="WEIGHT" value="2.5">2.5</weight></assessmentItemRef></assessmentSection><assessmentSection identifier="S04" title="第四部分" visible="true" score="25" itemCount="10" optionalItemCount="0" mediaType="1" optionalItemScore="0"><endBlock /><ordering shuffle="false" /><rubricBlock view="candidate"><prompt>&lt;media src="84d1f065-0bb1-e011-abdb-005056b834eb\P01\S04\2011718144841244.mp3" mimeType="audio/mpeg" content="" duration="8" repeatInterval="0" repeatTimes="0"&gt;答题说明&lt;/media&gt;</prompt></rubricBlock><assessmentItemRef identifier="f91dc0e1-50ae-417d-b248-4878df576d48" href="AssessmentItems/ASI_f91dc0e1-50ae-417d-b248-4878df576d48.xml" type="singleChoice" subjective="false" isExample="true" prepareDuration="0" responseDuration="0" promptShowDuration="0"><media mimeType="audio/mpeg" src="f91dc0e1-50ae-417d-b248-4878df576d48\201171515337869.mp3" duration="61" content="" repeatTimes="0" repeatInterval="0">播放音频</media><weight identifier="WEIGHT" value="0">0</weight></assessmentItemRef><assessmentItemRef identifier="_x0035_3fe7ec9-1bb4-4179-8b1a-93ff4fbcf44b" href="AssessmentItems/ASI_53fe7ec9-1bb4-4179-8b1a-93ff4fbcf44b.xml" type="singleChoice" subjective="false" isExample="false" prepareDuration="0" responseDuration="10" promptShowDuration="0"><media mimeType="audio/mpeg" src="53fe7ec9-1bb4-4179-8b1a-93ff4fbcf44b\2011715153629932.mp3" duration="41" content="" repeatTimes="0" repeatInterval="0">播放音频</media><weight identifier="WEIGHT" value="2.5">2.5</weight></assessmentItemRef><assessmentItemRef identifier="_x0034_f1fead1-3aed-4a0b-8a09-63b3ae890d56" href="AssessmentItems/ASI_4f1fead1-3aed-4a0b-8a09-63b3ae890d56.xml" type="singleChoice" subjective="false" isExample="false" prepareDuration="0" responseDuration="10" promptShowDuration="0"><media mimeType="audio/mpeg" src="4f1fead1-3aed-4a0b-8a09-63b3ae890d56\2011715153818650.mp3" duration="46" content="" repeatTimes="0" repeatInterval="0">播放音频</media><weight identifier="WEIGHT" value="2.5">2.5</weight></assessmentItemRef><assessmentItemRef identifier="_x0035_04105e1-7911-440e-be94-2da62d2bc2fc" href="AssessmentItems/ASI_504105e1-7911-440e-be94-2da62d2bc2fc.xml" type="singleChoice" subjective="false" isExample="false" prepareDuration="0" responseDuration="10" promptShowDuration="0"><media mimeType="audio/mpeg" src="504105e1-7911-440e-be94-2da62d2bc2fc\2011715153923588.mp3" duration="51" content="" repeatTimes="0" repeatInterval="0">播放音频</media><weight identifier="WEIGHT" value="2.5">2.5</weight></assessmentItemRef><assessmentItemRef identifier="eff0d953-f816-4e96-8b52-9bc101d8671e" href="AssessmentItems/ASI_eff0d953-f816-4e96-8b52-9bc101d8671e.xml" type="singleChoice" subjective="false" isExample="false" prepareDuration="0" responseDuration="10" promptShowDuration="0"><media mimeType="audio/mpeg" src="eff0d953-f816-4e96-8b52-9bc101d8671e\201171515400119.mp3" duration="57" content="" repeatTimes="0" repeatInterval="0">播放音频</media><weight identifier="WEIGHT" value="2.5">2.5</weight></assessmentItemRef><assessmentItemRef identifier="ab596ab9-fd0d-40a3-a4ab-095995c7fa3f" href="AssessmentItems/ASI_ab596ab9-fd0d-40a3-a4ab-095995c7fa3f.xml" type="singleChoice" subjective="false" isExample="false" prepareDuration="0" responseDuration="10" promptShowDuration="0"><media mimeType="audio/mpeg" src="ab596ab9-fd0d-40a3-a4ab-095995c7fa3f\2011715154039822.mp3" duration="60" content="" repeatTimes="0" repeatInterval="0">播放音频</media><weight identifier="WEIGHT" value="2.5">2.5</weight></assessmentItemRef><assessmentItemRef identifier="caf865aa-0b70-424e-ac99-ea419b7fd32d" href="AssessmentItems/ASI_caf865aa-0b70-424e-ac99-ea419b7fd32d.xml" type="singleChoice" subjective="false" isExample="false" prepareDuration="0" responseDuration="10" promptShowDuration="0"><media mimeType="audio/mpeg" src="caf865aa-0b70-424e-ac99-ea419b7fd32d\2011715154121166.mp3" duration="53" content="" repeatTimes="0" repeatInterval="0">播放音频</media><weight identifier="WEIGHT" value="2.5">2.5</weight></assessmentItemRef><assessmentItemRef identifier="cc4ecedb-5185-4573-9d3a-9bda27462fb0" href="AssessmentItems/ASI_cc4ecedb-5185-4573-9d3a-9bda27462fb0.xml" type="singleChoice" subjective="false" isExample="false" prepareDuration="0" responseDuration="10" promptShowDuration="0"><media mimeType="audio/mpeg" src="cc4ecedb-5185-4573-9d3a-9bda27462fb0\201171515422150.mp3" duration="44" content="" repeatTimes="0" repeatInterval="0">播放音频</media><weight identifier="WEIGHT" value="2.5">2.5</weight></assessmentItemRef><assessmentItemRef identifier="a5ce374b-431f-4051-a0f7-5eed982e15b0" href="AssessmentItems/ASI_a5ce374b-431f-4051-a0f7-5eed982e15b0.xml" type="singleChoice" subjective="false" isExample="false" prepareDuration="0" responseDuration="10" promptShowDuration="0"><media mimeType="audio/mpeg" src="a5ce374b-431f-4051-a0f7-5eed982e15b0\2011715154250463.mp3" duration="59" content="" repeatTimes="0" repeatInterval="0">播放音频</media><weight identifier="WEIGHT" value="2.5">2.5</weight></assessmentItemRef><assessmentItemRef identifier="c43c6039-665d-4f0e-afa8-0ebc2b334908" href="AssessmentItems/ASI_c43c6039-665d-4f0e-afa8-0ebc2b334908.xml" type="singleChoice" subjective="false" isExample="false" prepareDuration="0" responseDuration="10" promptShowDuration="0"><media mimeType="audio/mpeg" src="c43c6039-665d-4f0e-afa8-0ebc2b334908\2011715154332541.mp3" duration="48" content="" repeatTimes="0" repeatInterval="0">播放音频</media><weight identifier="WEIGHT" value="2.5">2.5</weight></assessmentItemRef><assessmentItemRef identifier="c65a6040-794d-4b6e-afd0-d7c3a91e11c5" href="AssessmentItems/ASI_c65a6040-794d-4b6e-afd0-d7c3a91e11c5.xml" type="singleChoice" subjective="false" isExample="false" prepareDuration="0" responseDuration="10" promptShowDuration="0"><media mimeType="audio/mpeg" src="c65a6040-794d-4b6e-afd0-d7c3a91e11c5\201171515446994.mp3" duration="51" content="" repeatTimes="0" repeatInterval="0">播放音频</media><weight identifier="WEIGHT" value="2.5">2.5</weight></assessmentItemRef></assessmentSection></testPart><testPart identifier="P02" navigationMode="nonlinear" submissionMode="simultaneous"><rubricBlock view="candidate"><prompt>阅读</prompt></rubricBlock><endBlock /><timeLimits minTime="1800" maxTime="1800" /><assessmentSection identifier="S01" title="第一部分" visible="true" score="30" itemCount="2" optionalItemCount="0" mediaType="0" optionalItemScore="0"><endBlock /><ordering shuffle="false" /><rubricBlock view="candidate" /><assessmentItemRef identifier="_x0037_b97819f-6e65-45e6-ba20-22c0fb7ac79b" href="AssessmentItems/ASI_7b97819f-6e65-45e6-ba20-22c0fb7ac79b.xml" type="readingComprehension" subjective="false" isExample="false" prepareDuration="0" responseDuration="0" promptShowDuration="0"><weight identifier="WEIGHT" value="15">15</weight></assessmentItemRef><assessmentItemRef identifier="_x0034_7af3091-31ce-4dde-8d72-cd9ab6da2ebe" href="AssessmentItems/ASI_47af3091-31ce-4dde-8d72-cd9ab6da2ebe.xml" type="readingComprehension" subjective="false" isExample="false" prepareDuration="0" responseDuration="0" promptShowDuration="0"><weight identifier="WEIGHT" value="15">15</weight></assessmentItemRef></assessmentSection><assessmentSection identifier="S02" title="第二部分" visible="true" score="30" itemCount="2" optionalItemCount="0" mediaType="0" optionalItemScore="0"><endBlock /><ordering shuffle="false" /><rubricBlock view="candidate" /><assessmentItemRef identifier="e03c390e-d73d-4f02-978a-c0f3fbdfea43" href="AssessmentItems/ASI_e03c390e-d73d-4f02-978a-c0f3fbdfea43.xml" type="readingComprehension" subjective="false" isExample="false" prepareDuration="0" responseDuration="0" promptShowDuration="0"><weight identifier="WEIGHT" value="15">15</weight></assessmentItemRef><assessmentItemRef identifier="_x0033_4b8192b-a273-44fd-ac27-73b3b645bace" href="AssessmentItems/ASI_34b8192b-a273-44fd-ac27-73b3b645bace.xml" type="readingComprehension" subjective="false" isExample="false" prepareDuration="0" responseDuration="0" promptShowDuration="0"><weight identifier="WEIGHT" value="15">15</weight></assessmentItemRef></assessmentSection><assessmentSection identifier="S03" title="第三部分" visible="true" score="40" itemCount="10" optionalItemCount="0" mediaType="0" optionalItemScore="0"><endBlock /><ordering shuffle="false" /><rubricBlock view="candidate" /><assessmentItemRef identifier="b4023830-af98-4493-a085-1b3d415cc4ab" href="AssessmentItems/ASI_b4023830-af98-4493-a085-1b3d415cc4ab.xml" type="singleChoice" subjective="false" isExample="true" prepareDuration="0" responseDuration="0" promptShowDuration="0"><weight identifier="WEIGHT" value="0">0</weight></assessmentItemRef><assessmentItemRef identifier="_x0035_2bbabad-f7b1-4729-9cd3-8c334f04c378" href="AssessmentItems/ASI_52bbabad-f7b1-4729-9cd3-8c334f04c378.xml" type="singleChoice" subjective="false" isExample="false" prepareDuration="0" responseDuration="0" promptShowDuration="0"><weight identifier="WEIGHT" value="4">4</weight></assessmentItemRef><assessmentItemRef identifier="_x0034_8106023-60ce-470d-a6d2-df00365b3753" href="AssessmentItems/ASI_48106023-60ce-470d-a6d2-df00365b3753.xml" type="singleChoice" subjective="false" isExample="false" prepareDuration="0" responseDuration="0" promptShowDuration="0"><weight identifier="WEIGHT" value="4">4</weight></assessmentItemRef><assessmentItemRef identifier="b8c936f6-308f-48ce-8c9d-b07fe8b408d7" href="AssessmentItems/ASI_b8c936f6-308f-48ce-8c9d-b07fe8b408d7.xml" type="singleChoice" subjective="false" isExample="false" prepareDuration="0" responseDuration="0" promptShowDuration="0"><weight identifier="WEIGHT" value="4">4</weight></assessmentItemRef><assessmentItemRef identifier="dfd13387-4ed7-4ece-8f9b-9384f5710c39" href="AssessmentItems/ASI_dfd13387-4ed7-4ece-8f9b-9384f5710c39.xml" type="singleChoice" subjective="false" isExample="false" prepareDuration="0" responseDuration="0" promptShowDuration="0"><weight identifier="WEIGHT" value="4">4</weight></assessmentItemRef><assessmentItemRef identifier="_x0036_e934684-29ae-4ab4-8f95-4e7df73a625c" href="AssessmentItems/ASI_6e934684-29ae-4ab4-8f95-4e7df73a625c.xml" type="singleChoice" subjective="false" isExample="false" prepareDuration="0" responseDuration="0" promptShowDuration="0"><weight identifier="WEIGHT" value="4">4</weight></assessmentItemRef><assessmentItemRef identifier="_x0036_b4098d6-848e-43ab-953a-ab8fd3f84152" href="AssessmentItems/ASI_6b4098d6-848e-43ab-953a-ab8fd3f84152.xml" type="singleChoice" subjective="false" isExample="false" prepareDuration="0" responseDuration="0" promptShowDuration="0"><weight identifier="WEIGHT" value="4">4</weight></assessmentItemRef><assessmentItemRef identifier="f54768d8-5c7b-4256-9349-660239823527" href="AssessmentItems/ASI_f54768d8-5c7b-4256-9349-660239823527.xml" type="singleChoice" subjective="false" isExample="false" prepareDuration="0" responseDuration="0" promptShowDuration="0"><weight identifier="WEIGHT" value="4">4</weight></assessmentItemRef><assessmentItemRef identifier="e7c6cfee-9f23-46fd-b38c-60766465f6a7" href="AssessmentItems/ASI_e7c6cfee-9f23-46fd-b38c-60766465f6a7.xml" type="singleChoice" subjective="false" isExample="false" prepareDuration="0" responseDuration="0" promptShowDuration="0"><weight identifier="WEIGHT" value="4">4</weight></assessmentItemRef><assessmentItemRef identifier="_x0032_3f556d2-aaba-437c-8450-f49408c39dd5" href="AssessmentItems/ASI_23f556d2-aaba-437c-8450-f49408c39dd5.xml" type="singleChoice" subjective="false" isExample="false" prepareDuration="0" responseDuration="0" promptShowDuration="0"><weight identifier="WEIGHT" value="4">4</weight></assessmentItemRef><assessmentItemRef identifier="_x0038_aebc754-af5d-4656-b5f2-16a60f680981" href="AssessmentItems/ASI_8aebc754-af5d-4656-b5f2-16a60f680981.xml" type="singleChoice" subjective="false" isExample="false" prepareDuration="0" responseDuration="0" promptShowDuration="0"><weight identifier="WEIGHT" value="4">4</weight></assessmentItemRef></assessmentSection></testPart><testPart identifier="P03" navigationMode="nonlinear" submissionMode="simultaneous"><rubricBlock view="candidate"><prompt>书写</prompt></rubricBlock><endBlock /><timeLimits minTime="900" maxTime="900" /><assessmentSection identifier="S01" title="第一部分" visible="true" score="50" itemCount="5" optionalItemCount="0" mediaType="0" optionalItemScore="0"><endBlock /><ordering shuffle="false" /><rubricBlock view="candidate" /><assessmentItemRef identifier="f6e9b335-4601-4f92-abb0-e0cd27d03fb8" href="AssessmentItems/ASI_f6e9b335-4601-4f92-abb0-e0cd27d03fb8.xml" type="order" subjective="false" isExample="true" prepareDuration="0" responseDuration="0" promptShowDuration="0"><weight identifier="WEIGHT" value="0">0</weight></assessmentItemRef><assessmentItemRef identifier="_x0033_98b5c86-84bf-4101-8614-f13c0d87b775" href="AssessmentItems/ASI_398b5c86-84bf-4101-8614-f13c0d87b775.xml" type="order" subjective="false" isExample="false" prepareDuration="0" responseDuration="0" promptShowDuration="0"><weight identifier="WEIGHT" value="10">10</weight></assessmentItemRef><assessmentItemRef identifier="_x0037_8d8eb96-b403-4c26-9301-1392fbb9074d" href="AssessmentItems/ASI_78d8eb96-b403-4c26-9301-1392fbb9074d.xml" type="order" subjective="false" isExample="false" prepareDuration="0" responseDuration="0" promptShowDuration="0"><weight identifier="WEIGHT" value="10">10</weight></assessmentItemRef><assessmentItemRef identifier="_x0032_9431360-8cb0-4df7-a47b-006228a45013" href="AssessmentItems/ASI_29431360-8cb0-4df7-a47b-006228a45013.xml" type="order" subjective="false" isExample="false" prepareDuration="0" responseDuration="0" promptShowDuration="0"><weight identifier="WEIGHT" value="10">10</weight></assessmentItemRef><assessmentItemRef identifier="_x0035_43fc050-28bc-4dd1-9817-8d5f82b2a0ad" href="AssessmentItems/ASI_543fc050-28bc-4dd1-9817-8d5f82b2a0ad.xml" type="order" subjective="false" isExample="false" prepareDuration="0" responseDuration="0" promptShowDuration="0"><weight identifier="WEIGHT" value="10">10</weight></assessmentItemRef><assessmentItemRef identifier="_x0033_bceba6c-984b-4ecd-9bcf-ab189db4af32" href="AssessmentItems/ASI_3bceba6c-984b-4ecd-9bcf-ab189db4af32.xml" type="order" subjective="false" isExample="false" prepareDuration="0" responseDuration="0" promptShowDuration="0"><weight identifier="WEIGHT" value="10">10</weight></assessmentItemRef></assessmentSection><assessmentSection identifier="S02" title="第二部分" visible="true" score="50" itemCount="5" optionalItemCount="0" mediaType="0" optionalItemScore="0"><endBlock /><ordering shuffle="false" /><rubricBlock view="candidate" /><assessmentItemRef identifier="_x0034_ec026fb-d578-4750-a76e-860cd8a16164" href="AssessmentItems/ASI_4ec026fb-d578-4750-a76e-860cd8a16164.xml" type="textEntry" subjective="true" isExample="true" prepareDuration="0" responseDuration="0" promptShowDuration="0"><weight identifier="WEIGHT" value="0">0</weight></assessmentItemRef><assessmentItemRef identifier="f829c19f-b7b6-4f1f-903c-39d6dd435162" href="AssessmentItems/ASI_f829c19f-b7b6-4f1f-903c-39d6dd435162.xml" type="textEntry" subjective="true" isExample="false" prepareDuration="0" responseDuration="0" promptShowDuration="0"><weight identifier="WEIGHT" value="10">10</weight></assessmentItemRef><assessmentItemRef identifier="ee0f8a65-6ca3-4570-8c6b-7b06fb4c6ec7" href="AssessmentItems/ASI_ee0f8a65-6ca3-4570-8c6b-7b06fb4c6ec7.xml" type="textEntry" subjective="true" isExample="false" prepareDuration="0" responseDuration="0" promptShowDuration="0"><weight identifier="WEIGHT" value="10">10</weight></assessmentItemRef><assessmentItemRef identifier="e505c8c7-5ff9-44ed-90a3-77b086c6723e" href="AssessmentItems/ASI_e505c8c7-5ff9-44ed-90a3-77b086c6723e.xml" type="textEntry" subjective="true" isExample="false" prepareDuration="0" responseDuration="0" promptShowDuration="0"><weight identifier="WEIGHT" value="10">10</weight></assessmentItemRef><assessmentItemRef identifier="f43726de-d5ac-4d8c-b8ac-de2820e0b290" href="AssessmentItems/ASI_f43726de-d5ac-4d8c-b8ac-de2820e0b290.xml" type="textEntry" subjective="true" isExample="false" prepareDuration="0" responseDuration="0" promptShowDuration="0"><weight identifier="WEIGHT" value="10">10</weight></assessmentItemRef><assessmentItemRef identifier="_x0037_69dd1ce-c32f-499e-8507-e7681019ab05" href="AssessmentItems/ASI_769dd1ce-c32f-499e-8507-e7681019ab05.xml" type="textEntry" subjective="true" isExample="false" prepareDuration="0" responseDuration="0" promptShowDuration="0"><weight identifier="WEIGHT" value="10">10</weight></assessmentItemRef></assessmentSection></testPart></assessmentTest>