<assessmentItem xmlns:xsi="http://www.w3.org/2001/XMLSchema-instance" xmlns:xsd="http://www.w3.org/2001/XMLSchema" xmlns="http://www.open.com.cn/schemas/exam/openqti_v1" identifier="6c561bf8-2419-4111-b3b7-25daac76b657" title="阅读56" adaptive="false" timeDependent="false"><responseDeclaration identifier="RESPONSE" cardinality="single" baseType="identifier"><mapping lowerBound="0" upperBound="1" defaultValue="0"><mapEntry mapKey="BAC" mappedValue="1" /></mapping></responseDeclaration><outcomeDeclaration identifier="SCORE" cardinality="single" baseType="float" normalMaximum="1"><defaultValue><value>0</value></defaultValue></outcomeDeclaration><itemBody><div>A&amp;nbsp;&amp;nbsp;&amp;nbsp;这种情况下，就需要及时解释&lt;br /&gt;B&amp;nbsp;&amp;nbsp;&amp;nbsp;两个人在一起，总会出现一些误会&lt;br /&gt;C&amp;nbsp;&amp;nbsp;&amp;nbsp;否则，误会就可能越来越深&lt;br /&gt;&lt;span&gt;&lt;textEntryInteraction responseIdentifier="RESPONSE" expectedLength="3"/&gt;&lt;/span&gt;</div></itemBody><responseProcessing><setOutcomeValue identifier="SCORE"><mapResponse identifier="RESPONSE" /></setOutcomeValue></responseProcessing></assessmentItem>