<assessmentItem xmlns:xsi="http://www.w3.org/2001/XMLSchema-instance" xmlns:xsd="http://www.w3.org/2001/XMLSchema" xmlns="http://www.open.com.cn/schemas/exam/openqti_v1" identifier="551dfb40-63fe-4b26-ae42-b618b01b40d3" title="阅读77" adaptive="false" timeDependent="false"><responseDeclaration identifier="RESPONSE" cardinality="single" baseType="identifier"><correctResponse><value>C</value></correctResponse></responseDeclaration><outcomeDeclaration identifier="SCORE" cardinality="single" baseType="float" normalMaximum="1"><defaultValue><value>0</value></defaultValue></outcomeDeclaration><itemBody><choiceInteraction responseIdentifier="RESPONSE" shuffle="true" maxChoices="1"><prompt>很多人开始抽烟是因为觉得抽烟这个动作看起来很帅，可以吸引大家的注意。但是，抽烟的坏处更多，例如咳嗽、影响周围人们身体健康等。&lt;br /&gt;★&amp;nbsp;&amp;nbsp;&amp;nbsp;许多人开始抽烟是希望：</prompt><simpleChoice identifier="A">减肥</simpleChoice><simpleChoice identifier="B">找回信心</simpleChoice><simpleChoice identifier="C">引人注意</simpleChoice><simpleChoice identifier="D">让人羡慕</simpleChoice></choiceInteraction></itemBody><responseProcessing><responseCondition><responseIf><match><correct identifier="RESPONSE" /><variable identifier="RESPONSE" /></match><setOutcomeValue identifier="SCORE"><baseValue baseType="float">1</baseValue></setOutcomeValue></responseIf></responseCondition></responseProcessing></assessmentItem>