<assessmentItem xmlns:xsi="http://www.w3.org/2001/XMLSchema-instance" xmlns:xsd="http://www.w3.org/2001/XMLSchema" xmlns="http://www.open.com.cn/schemas/exam/openqti_v1" identifier="9c6e1b8e-cf75-40b2-8b2b-351925de9b9b" title="阅读69" adaptive="false" timeDependent="false"><responseDeclaration identifier="RESPONSE" cardinality="single" baseType="identifier"><correctResponse><value>B</value></correctResponse></responseDeclaration><outcomeDeclaration identifier="SCORE" cardinality="single" baseType="float" normalMaximum="1"><defaultValue><value>0</value></defaultValue></outcomeDeclaration><itemBody><choiceInteraction responseIdentifier="RESPONSE" shuffle="true" maxChoices="1"><prompt>举办这次研讨会的目的之一，是给大家提供一次交流、学习的机会。所以，我希望有兴趣的同学积极报名参加。学校的网站上有报名通知，大家可以上网看看。&lt;br /&gt;★&amp;nbsp;&amp;nbsp;&amp;nbsp;说话人希望同学们：</prompt><simpleChoice identifier="A">别请假</simpleChoice><simpleChoice identifier="B">参加活动</simpleChoice><simpleChoice identifier="C">准时出发</simpleChoice><simpleChoice identifier="D">按时交作业</simpleChoice></choiceInteraction></itemBody><responseProcessing><responseCondition><responseIf><match><correct identifier="RESPONSE" /><variable identifier="RESPONSE" /></match><setOutcomeValue identifier="SCORE"><baseValue baseType="float">1</baseValue></setOutcomeValue></responseIf></responseCondition></responseProcessing></assessmentItem>