<assessmentItem xmlns:xsi="http://www.w3.org/2001/XMLSchema-instance" xmlns:xsd="http://www.w3.org/2001/XMLSchema" xmlns="http://www.open.com.cn/schemas/exam/openqti_v1" identifier="03d79bc5-2865-420a-9c18-20f40f870599" title="阅读78" adaptive="false" timeDependent="false"><responseDeclaration identifier="RESPONSE" cardinality="single" baseType="identifier"><correctResponse><value>C</value></correctResponse></responseDeclaration><outcomeDeclaration identifier="SCORE" cardinality="single" baseType="float" normalMaximum="1"><defaultValue><value>0</value></defaultValue></outcomeDeclaration><itemBody><choiceInteraction responseIdentifier="RESPONSE" shuffle="true" maxChoices="1"><prompt>这本小说的作者是医院的一位护士，她通过这本小说告诉我们发生在医院里的许多有趣的故事，让我们对护士、医生这些职业有了更多的了解。&lt;br /&gt;★&amp;nbsp;&amp;nbsp;&amp;nbsp;关于这本小说，可以知道：</prompt><simpleChoice identifier="A">比较贵</simpleChoice><simpleChoice identifier="B">卖光了</simpleChoice><simpleChoice identifier="C">很有意思</simpleChoice><simpleChoice identifier="D">作者很有名</simpleChoice></choiceInteraction></itemBody><responseProcessing><responseCondition><responseIf><match><correct identifier="RESPONSE" /><variable identifier="RESPONSE" /></match><setOutcomeValue identifier="SCORE"><baseValue baseType="float">1</baseValue></setOutcomeValue></responseIf></responseCondition></responseProcessing></assessmentItem>