<assessmentItem xmlns:xsi="http://www.w3.org/2001/XMLSchema-instance" xmlns:xsd="http://www.w3.org/2001/XMLSchema" xmlns="http://www.open.com.cn/schemas/exam/openqti_v1" identifier="844f2c77-b994-40d0-9d6e-79d26f1ca44d" title="阅读73" adaptive="false" timeDependent="false"><responseDeclaration identifier="RESPONSE" cardinality="single" baseType="identifier"><correctResponse><value>D</value></correctResponse></responseDeclaration><outcomeDeclaration identifier="SCORE" cardinality="single" baseType="float" normalMaximum="1"><defaultValue><value>0</value></defaultValue></outcomeDeclaration><itemBody><choiceInteraction responseIdentifier="RESPONSE" shuffle="true" maxChoices="1"><prompt>年轻指的不仅仅是年龄小，更是一种精神。一个70岁还有梦的老人，仍然年轻；一个20岁就放弃了理想的人，心已经老了。&lt;br /&gt;★&amp;nbsp;&amp;nbsp;&amp;nbsp;根据这段话，年轻：</prompt><simpleChoice identifier="A">需要浪漫</simpleChoice><simpleChoice identifier="B">让人有压力</simpleChoice><simpleChoice identifier="C">与年龄无关</simpleChoice><simpleChoice identifier="D">也是一种态度</simpleChoice></choiceInteraction></itemBody><responseProcessing><responseCondition><responseIf><match><correct identifier="RESPONSE" /><variable identifier="RESPONSE" /></match><setOutcomeValue identifier="SCORE"><baseValue baseType="float">1</baseValue></setOutcomeValue></responseIf></responseCondition></responseProcessing></assessmentItem>