<assessmentItem xmlns:xsi="http://www.w3.org/2001/XMLSchema-instance" xmlns:xsd="http://www.w3.org/2001/XMLSchema" xmlns="http://www.open.com.cn/schemas/exam/openqti_v1" identifier="c8ecd0ca-a3d7-435e-baa0-70e3f8a44141" title="阅读80-81" adaptive="false" timeDependent="false"><responseDeclaration identifier="RESPONSE_1" cardinality="single" baseType="identifier"><correctResponse><value>C</value></correctResponse></responseDeclaration><responseDeclaration identifier="RESPONSE_2" cardinality="single" baseType="identifier"><correctResponse><value>D</value></correctResponse></responseDeclaration><outcomeDeclaration identifier="SCORE_1" cardinality="single" baseType="float" normalMaximum="0.5"><defaultValue><value>0</value></defaultValue></outcomeDeclaration><outcomeDeclaration identifier="SCORE_2" cardinality="single" baseType="float" normalMaximum="0.5"><defaultValue><value>0</value></defaultValue></outcomeDeclaration><outcomeDeclaration identifier="SCORE" cardinality="single" baseType="float" normalMaximum="1"><defaultValue><value>0</value></defaultValue></outcomeDeclaration><itemBody><compositeInteraction shuffle="false"><prompt>&amp;nbsp;&amp;nbsp;&amp;nbsp;&amp;nbsp;&amp;nbsp;&amp;nbsp;&amp;nbsp; 孩子眼中的世界是美丽而奇特的，各种各样的&amp;ldquo;为什么&amp;rdquo;吸引着他们的眼睛，例如：&amp;ldquo;太阳为什么会发光？&amp;rdquo;&amp;ldquo;月亮为什么有圆有缺？&amp;rdquo;等等。《十万个为什么》是一部百科全书，用一问一答的方法介绍了各种科学知识，包括地球、动物、植物、交通、科技、社会和文化等方面。它以简单易懂的语言，在增长孩子科学知识方面起到了积极的作用。</prompt><subItem sequenceIndex="1" itemType="singleChoice"><choiceInteraction responseIdentifier="RESPONSE_1" shuffle="true" maxChoices="1"><prompt>★&amp;nbsp;&amp;nbsp;&amp;nbsp;关于《十万个为什么》，可以知道：</prompt><simpleChoice identifier="A">是本杂志</simpleChoice><simpleChoice identifier="B">缺少数字</simpleChoice><simpleChoice identifier="C">内容丰富</simpleChoice><simpleChoice identifier="D">由两部分组成</simpleChoice></choiceInteraction></subItem><subItem sequenceIndex="2" itemType="singleChoice"><choiceInteraction responseIdentifier="RESPONSE_2" shuffle="true" maxChoices="1"><prompt>★ 这段话主要谈什么？</prompt><simpleChoice identifier="A">语言的艺术</simpleChoice><simpleChoice identifier="B">要重视教育</simpleChoice><simpleChoice identifier="C">孩子的特点</simpleChoice><simpleChoice identifier="D">《十万个为什么》</simpleChoice></choiceInteraction></subItem></compositeInteraction></itemBody><responseProcessing><responseCondition><responseIf><match><correct identifier="RESPONSE_1" /><variable identifier="RESPONSE_1" /></match><setOutcomeValue identifier="SCORE_1"><baseValue baseType="float">0.5</baseValue></setOutcomeValue></responseIf></responseCondition><responseCondition><responseIf><match><correct identifier="RESPONSE_2" /><variable identifier="RESPONSE_2" /></match><setOutcomeValue identifier="SCORE_2"><baseValue baseType="float">0.5</baseValue></setOutcomeValue></responseIf></responseCondition><setOutcomeValue identifier="SCORE"><sum><variable identifier="SCORE_1" /><variable identifier="SCORE_2" /></sum></setOutcomeValue></responseProcessing></assessmentItem>