<assessmentItem xmlns:xsi="http://www.w3.org/2001/XMLSchema-instance" xmlns:xsd="http://www.w3.org/2001/XMLSchema" xmlns="http://www.open.com.cn/schemas/exam/openqti_v1" identifier="162467e4-f91f-42db-afc7-471ed0384d3c" title="阅读74" adaptive="false" timeDependent="false"><responseDeclaration identifier="RESPONSE" cardinality="single" baseType="identifier"><correctResponse><value>C</value></correctResponse></responseDeclaration><outcomeDeclaration identifier="SCORE" cardinality="single" baseType="float" normalMaximum="1"><defaultValue><value>0</value></defaultValue></outcomeDeclaration><itemBody><choiceInteraction responseIdentifier="RESPONSE" shuffle="true" maxChoices="1"><prompt>人一生最幸福的事情是有父亲母亲的爱和保护，这种爱和保护是没有任何条件的，也是永远都不会改变的。 &lt;br /&gt;★&amp;nbsp;&amp;nbsp;&amp;nbsp;父母对孩子的爱：</prompt><simpleChoice identifier="A">很复杂</simpleChoice><simpleChoice identifier="B">需要证明</simpleChoice><simpleChoice identifier="C">是不变的</simpleChoice><simpleChoice identifier="D">受环境影响</simpleChoice></choiceInteraction></itemBody><responseProcessing><responseCondition><responseIf><match><correct identifier="RESPONSE" /><variable identifier="RESPONSE" /></match><setOutcomeValue identifier="SCORE"><baseValue baseType="float">1</baseValue></setOutcomeValue></responseIf></responseCondition></responseProcessing></assessmentItem>