<assessmentItem xmlns:xsi="http://www.w3.org/2001/XMLSchema-instance" xmlns:xsd="http://www.w3.org/2001/XMLSchema" xmlns="http://www.open.com.cn/schemas/exam/openqti_v1" identifier="1afea1ee-41cd-4f42-83b5-ca2b0c58c9d0" title="阅读70" adaptive="false" timeDependent="false"><responseDeclaration identifier="RESPONSE" cardinality="single" baseType="identifier"><correctResponse><value>A</value></correctResponse></responseDeclaration><outcomeDeclaration identifier="SCORE" cardinality="single" baseType="float" normalMaximum="1"><defaultValue><value>0</value></defaultValue></outcomeDeclaration><itemBody><choiceInteraction responseIdentifier="RESPONSE" shuffle="true" maxChoices="1"><prompt>北京动物园是中国最大的动物园，那里有450多种动物，你在那儿不但可以看到大熊猫，还可以去海洋馆参观海底世界。&lt;br /&gt;★&amp;nbsp;&amp;nbsp;&amp;nbsp;北京动物园：</prompt><simpleChoice identifier="A">值得去看</simpleChoice><simpleChoice identifier="B">门票免费</simpleChoice><simpleChoice identifier="C">离海边近</simpleChoice><simpleChoice identifier="D">有450多只熊猫</simpleChoice></choiceInteraction></itemBody><responseProcessing><responseCondition><responseIf><match><correct identifier="RESPONSE" /><variable identifier="RESPONSE" /></match><setOutcomeValue identifier="SCORE"><baseValue baseType="float">1</baseValue></setOutcomeValue></responseIf></responseCondition></responseProcessing></assessmentItem>