<assessmentItem xmlns:xsi="http://www.w3.org/2001/XMLSchema-instance" xmlns:xsd="http://www.w3.org/2001/XMLSchema" xmlns="http://www.open.com.cn/schemas/exam/openqti_v1" identifier="d05b2102-f5ff-4d40-8ac8-e51b7344fcb4" title="阅读79" adaptive="false" timeDependent="false"><responseDeclaration identifier="RESPONSE" cardinality="single" baseType="identifier"><correctResponse><value>B</value></correctResponse></responseDeclaration><outcomeDeclaration identifier="SCORE" cardinality="single" baseType="float" normalMaximum="1"><defaultValue><value>0</value></defaultValue></outcomeDeclaration><itemBody><choiceInteraction responseIdentifier="RESPONSE" shuffle="true" maxChoices="1"><prompt>快乐的人好像太阳，走到哪里，哪里就有阳光；伤心的人好像一朵云，走到哪里，哪里就阴雨不断。积极、主动的人能给人带来幸福和快乐；难过、无聊的人只能给人增加烦恼。&lt;br /&gt;★&amp;nbsp;&amp;nbsp;&amp;nbsp;这段话告诉我们：</prompt><simpleChoice identifier="A">要相信爱情</simpleChoice><simpleChoice identifier="B">做人要积极</simpleChoice><simpleChoice identifier="C">要学会原谅</simpleChoice><simpleChoice identifier="D">天气影响心情</simpleChoice></choiceInteraction></itemBody><responseProcessing><responseCondition><responseIf><match><correct identifier="RESPONSE" /><variable identifier="RESPONSE" /></match><setOutcomeValue identifier="SCORE"><baseValue baseType="float">1</baseValue></setOutcomeValue></responseIf></responseCondition></responseProcessing></assessmentItem>