<assessmentItem xmlns:xsi="http://www.w3.org/2001/XMLSchema-instance" xmlns:xsd="http://www.w3.org/2001/XMLSchema" xmlns="http://www.open.com.cn/schemas/exam/openqti_v1" identifier="180dc3cf-eaff-4c7a-9bbc-2e7118fdd01c" title="听力例题" adaptive="false" timeDependent="false"><responseDeclaration identifier="RESPONSE" cardinality="single" baseType="identifier"><correctResponse><value>D</value></correctResponse></responseDeclaration><outcomeDeclaration identifier="SCORE" cardinality="single" baseType="float" normalMaximum="1"><defaultValue><value>0</value></defaultValue></outcomeDeclaration><itemBody><choiceInteraction responseIdentifier="RESPONSE" shuffle="false" maxChoices="1"><prompt>&lt;media src="180dc3cf-eaff-4c7a-9bbc-2e7118fdd01c/2011715114513650.mp3" duration="30" repeatTimes="0" repeatInterval="0" mimeType="audio/mpeg" content=""&gt;播放音频&lt;/media&gt;&lt;br /&gt;女：该加油了，去机场的路上有加油站吗？&lt;br /&gt;男：有，你放心吧。&lt;br /&gt;问：男的主要是什么意思？</prompt><simpleChoice identifier="A">去机场</simpleChoice><simpleChoice identifier="B">快到了</simpleChoice><simpleChoice identifier="C">油是满的</simpleChoice><simpleChoice identifier="D">有加油站</simpleChoice></choiceInteraction></itemBody><responseProcessing><responseCondition><responseIf><match><correct identifier="RESPONSE" /><variable identifier="RESPONSE" /></match><setOutcomeValue identifier="SCORE"><baseValue baseType="float">1</baseValue></setOutcomeValue></responseIf></responseCondition></responseProcessing></assessmentItem>