<assessmentItem xmlns:xsi="http://www.w3.org/2001/XMLSchema-instance" xmlns:xsd="http://www.w3.org/2001/XMLSchema" xmlns="http://www.open.com.cn/schemas/exam/openqti_v1" identifier="4152850c-1241-4fe6-99c3-564740ef2ad7" title="阅读75" adaptive="false" timeDependent="false"><responseDeclaration identifier="RESPONSE" cardinality="single" baseType="identifier"><correctResponse><value>B</value></correctResponse></responseDeclaration><outcomeDeclaration identifier="SCORE" cardinality="single" baseType="float" normalMaximum="1"><defaultValue><value>0</value></defaultValue></outcomeDeclaration><itemBody><choiceInteraction responseIdentifier="RESPONSE" shuffle="true" maxChoices="1"><prompt>邀请别人吃饭，至少要提前一天联系。首先，这是对被邀请人表示尊重；其次，也是为了方便自己做好安排。 &lt;br /&gt;★&amp;nbsp;&amp;nbsp;&amp;nbsp;提前一天发出邀请：</prompt><simpleChoice identifier="A">会很辛苦</simpleChoice><simpleChoice identifier="B">是一种礼貌</simpleChoice><simpleChoice identifier="C">不会被拒绝</simpleChoice><simpleChoice identifier="D">会引起误会</simpleChoice></choiceInteraction></itemBody><responseProcessing><responseCondition><responseIf><match><correct identifier="RESPONSE" /><variable identifier="RESPONSE" /></match><setOutcomeValue identifier="SCORE"><baseValue baseType="float">1</baseValue></setOutcomeValue></responseIf></responseCondition></responseProcessing></assessmentItem>