<assessmentItem xmlns:xsi="http://www.w3.org/2001/XMLSchema-instance" xmlns:xsd="http://www.w3.org/2001/XMLSchema" xmlns="http://www.open.com.cn/schemas/exam/openqti_v1" identifier="84c7d5d7-bd08-4f8b-b673-b32d921e8bd2" title="阅读例题" adaptive="false" timeDependent="false"><responseDeclaration identifier="RESPONSE" cardinality="single" baseType="identifier"><correctResponse><value>A</value></correctResponse></responseDeclaration><outcomeDeclaration identifier="SCORE" cardinality="single" baseType="float" normalMaximum="1"><defaultValue><value>0</value></defaultValue></outcomeDeclaration><itemBody><choiceInteraction responseIdentifier="RESPONSE" shuffle="false" maxChoices="1"><prompt>她很活泼，说话很有趣，总能给我们带来快乐，我们都很喜欢和她在一起。&lt;br /&gt;★&amp;nbsp;&amp;nbsp;&amp;nbsp;她是个什么样的人？</prompt><simpleChoice identifier="A">幽默</simpleChoice><simpleChoice identifier="B">马虎</simpleChoice><simpleChoice identifier="C">骄傲</simpleChoice><simpleChoice identifier="D">害羞</simpleChoice></choiceInteraction></itemBody><responseProcessing><responseCondition><responseIf><match><correct identifier="RESPONSE" /><variable identifier="RESPONSE" /></match><setOutcomeValue identifier="SCORE"><baseValue baseType="float">1</baseValue></setOutcomeValue></responseIf></responseCondition></responseProcessing></assessmentItem>