<assessmentItem xmlns:xsi="http://www.w3.org/2001/XMLSchema-instance" xmlns:xsd="http://www.w3.org/2001/XMLSchema" xmlns="http://www.open.com.cn/schemas/exam/openqti_v1" identifier="e33fb9dc-9708-4973-bc1a-f73bee11bb89" title="阅读63" adaptive="false" timeDependent="false"><responseDeclaration identifier="RESPONSE" cardinality="single" baseType="identifier"><mapping lowerBound="0" upperBound="1" defaultValue="0"><mapEntry mapKey="BAC" mappedValue="1" /></mapping></responseDeclaration><outcomeDeclaration identifier="SCORE" cardinality="single" baseType="float" normalMaximum="1"><defaultValue><value>0</value></defaultValue></outcomeDeclaration><itemBody><div>A&amp;nbsp;&amp;nbsp;&amp;nbsp;有些人会因为听到了真话而感到高兴&lt;br /&gt;B&amp;nbsp;&amp;nbsp;&amp;nbsp;直接说出反对意见或者看法&lt;br /&gt;C&amp;nbsp;&amp;nbsp;&amp;nbsp;而另一些人却会认为是批评而十分难受 &lt;br /&gt;&lt;span&gt;&lt;textEntryInteraction responseIdentifier="RESPONSE" expectedLength="3"/&gt;&lt;/span&gt;</div></itemBody><responseProcessing><setOutcomeValue identifier="SCORE"><mapResponse identifier="RESPONSE" /></setOutcomeValue></responseProcessing></assessmentItem>