<assessmentItem xmlns:xsi="http://www.w3.org/2001/XMLSchema-instance" xmlns:xsd="http://www.w3.org/2001/XMLSchema" xmlns="http://www.open.com.cn/schemas/exam/openqti_v1" identifier="975e9e70-73cc-4a01-8685-789217a69640" title="书写99" adaptive="false" timeDependent="false"><responseDeclaration identifier="RESPONSE" cardinality="single" baseType="string"><correctResponse><value>略</value></correctResponse></responseDeclaration><outcomeDeclaration identifier="SCORE" cardinality="single" baseType="float" normalMaximum="1"><defaultValue><value>0</value></defaultValue></outcomeDeclaration><itemBody><extendedTextInteraction responseIdentifier="RESPONSE" expectedLength="40"><prompt>&lt;img alt="" width="122" height="185" src="975e9e70-73cc-4a01-8685-789217a69640/2011715142825447.jpg" /&gt;&amp;nbsp;&amp;nbsp;&amp;nbsp;&amp;nbsp;&amp;nbsp;&amp;nbsp;复印</prompt></extendedTextInteraction></itemBody></assessmentItem>