<assessmentItem xmlns:xsi="http://www.w3.org/2001/XMLSchema-instance" xmlns:xsd="http://www.w3.org/2001/XMLSchema" xmlns="http://www.open.com.cn/schemas/exam/openqti_v1" identifier="6f8f103a-7f63-44cc-9f5d-b3ce6087f45e" title="书写96" adaptive="false" timeDependent="false"><responseDeclaration identifier="RESPONSE" cardinality="single" baseType="string"><correctResponse><value>略</value></correctResponse></responseDeclaration><outcomeDeclaration identifier="SCORE" cardinality="single" baseType="float" normalMaximum="1"><defaultValue><value>0</value></defaultValue></outcomeDeclaration><itemBody><extendedTextInteraction responseIdentifier="RESPONSE" expectedLength="40"><prompt>&lt;img alt="" width="122" height="178" src="6f8f103a-7f63-44cc-9f5d-b3ce6087f45e/2011715142632947.jpg" /&gt;&amp;nbsp;&amp;nbsp;&amp;nbsp;&amp;nbsp;&amp;nbsp;&amp;nbsp;敲</prompt></extendedTextInteraction></itemBody></assessmentItem>