<assessmentItem xmlns:xsi="http://www.w3.org/2001/XMLSchema-instance" xmlns:xsd="http://www.w3.org/2001/XMLSchema" xmlns="http://www.open.com.cn/schemas/exam/openqti_v1" identifier="c2f9f103-2bba-4805-8918-37571d9ff7b1" title="书写92" adaptive="false" timeDependent="false"><responseDeclaration identifier="RESPONSE" cardinality="ordered" baseType="identifier"><correctResponse><value>E</value><value>C</value><value>A</value><value>B</value><value>D</value></correctResponse></responseDeclaration><outcomeDeclaration identifier="SCORE" cardinality="single" baseType="float" normalMaximum="1"><defaultValue><value>0</value></defaultValue></outcomeDeclaration><itemBody><orderInteraction responseIdentifier="RESPONSE" shuffle="false" orientation="horizontal"><prompt /><simpleChoice identifier="A">每个人</simpleChoice><simpleChoice identifier="B">的</simpleChoice><simpleChoice identifier="C">是</simpleChoice><simpleChoice identifier="D">责任</simpleChoice><simpleChoice identifier="E">保护地球</simpleChoice></orderInteraction></itemBody><responseProcessing><responseCondition><responseIf><match><correct identifier="RESPONSE" /><variable identifier="RESPONSE" /></match><setOutcomeValue identifier="SCORE"><baseValue baseType="float">1</baseValue></setOutcomeValue></responseIf></responseCondition></responseProcessing></assessmentItem>