<assessmentItem xmlns:xsi="http://www.w3.org/2001/XMLSchema-instance" xmlns:xsd="http://www.w3.org/2001/XMLSchema" xmlns="http://www.open.com.cn/schemas/exam/openqti_v1" identifier="8fdadc74-7def-432d-bd47-c677b280555c" title="书写91" adaptive="false" timeDependent="false"><responseDeclaration identifier="RESPONSE" cardinality="ordered" baseType="identifier"><correctResponse><value>A</value><value>E</value><value>C</value><value>D</value><value>B</value></correctResponse></responseDeclaration><outcomeDeclaration identifier="SCORE" cardinality="single" baseType="float" normalMaximum="1"><defaultValue><value>0</value></defaultValue></outcomeDeclaration><itemBody><orderInteraction responseIdentifier="RESPONSE" shuffle="false" orientation="horizontal"><prompt /><simpleChoice identifier="A">人与人</simpleChoice><simpleChoice identifier="B">尊重</simpleChoice><simpleChoice identifier="C">应该</simpleChoice><simpleChoice identifier="D">相互</simpleChoice><simpleChoice identifier="E">之间</simpleChoice></orderInteraction></itemBody><responseProcessing><responseCondition><responseIf><match><correct identifier="RESPONSE" /><variable identifier="RESPONSE" /></match><setOutcomeValue identifier="SCORE"><baseValue baseType="float">1</baseValue></setOutcomeValue></responseIf></responseCondition></responseProcessing></assessmentItem>