<assessmentItem xmlns:xsi="http://www.w3.org/2001/XMLSchema-instance" xmlns:xsd="http://www.w3.org/2001/XMLSchema" xmlns="http://www.open.com.cn/schemas/exam/openqti_v1" identifier="4c36dff6-37f2-448d-86ff-7c7e040b4d57" title="书写100" adaptive="false" timeDependent="false"><responseDeclaration identifier="RESPONSE" cardinality="single" baseType="string"><correctResponse><value>略</value></correctResponse></responseDeclaration><outcomeDeclaration identifier="SCORE" cardinality="single" baseType="float" normalMaximum="1"><defaultValue><value>0</value></defaultValue></outcomeDeclaration><itemBody><extendedTextInteraction responseIdentifier="RESPONSE" expectedLength="40"><prompt>&lt;img alt="" width="131" height="224" src="4c36dff6-37f2-448d-86ff-7c7e040b4d57/2011715142856322.jpg" /&gt;&amp;nbsp;&amp;nbsp;&amp;nbsp;&amp;nbsp;&amp;nbsp;&amp;nbsp;个子</prompt></extendedTextInteraction></itemBody></assessmentItem>