<assessmentItem xmlns:xsi="http://www.w3.org/2001/XMLSchema-instance" xmlns:xsd="http://www.w3.org/2001/XMLSchema" xmlns="http://www.open.com.cn/schemas/exam/openqti_v1" identifier="e9a116a5-5178-4f67-b9db-254966e609d9" title="阅读66" adaptive="false" timeDependent="false"><responseDeclaration identifier="RESPONSE" cardinality="single" baseType="identifier"><correctResponse><value>B</value></correctResponse></responseDeclaration><outcomeDeclaration identifier="SCORE" cardinality="single" baseType="float" normalMaximum="1"><defaultValue><value>0</value></defaultValue></outcomeDeclaration><itemBody><choiceInteraction responseIdentifier="RESPONSE" shuffle="true" maxChoices="1"><prompt>我来南京以前，已经学过一段时间汉语。所以，对我来说，一年级的汉语课，听和说很容易，只是写汉字有点儿难，需要多练习几遍。&lt;br /&gt;★&amp;nbsp;&amp;nbsp;&amp;nbsp;关于他，可以知道什么？</prompt><simpleChoice identifier="A">是北京人</simpleChoice><simpleChoice identifier="B">学过汉语</simpleChoice><simpleChoice identifier="C">是历史老师</simpleChoice><simpleChoice identifier="D">不会说中文</simpleChoice></choiceInteraction></itemBody><responseProcessing><responseCondition><responseIf><match><correct identifier="RESPONSE" /><variable identifier="RESPONSE" /></match><setOutcomeValue identifier="SCORE"><baseValue baseType="float">1</baseValue></setOutcomeValue></responseIf></responseCondition></responseProcessing></assessmentItem>