<assessmentItem xmlns:xsi="http://www.w3.org/2001/XMLSchema-instance" xmlns:xsd="http://www.w3.org/2001/XMLSchema" xmlns="http://www.open.com.cn/schemas/exam/openqti_v1" identifier="f04f9d03-39ad-48e2-bdb9-c76fddcfd2bf" title="阅读60" adaptive="false" timeDependent="false"><responseDeclaration identifier="RESPONSE" cardinality="single" baseType="identifier"><mapping lowerBound="0" upperBound="1" defaultValue="0"><mapEntry mapKey="BCA" mappedValue="1" /></mapping></responseDeclaration><outcomeDeclaration identifier="SCORE" cardinality="single" baseType="float" normalMaximum="1"><defaultValue><value>0</value></defaultValue></outcomeDeclaration><itemBody><div>A&amp;nbsp;&amp;nbsp;&amp;nbsp;因为他们看起来更成熟&lt;br /&gt;B&amp;nbsp;&amp;nbsp;&amp;nbsp;调查结果告诉我们&lt;br /&gt;C&amp;nbsp;&amp;nbsp;&amp;nbsp;结了婚的人更容易获得好工作&lt;br /&gt;&lt;span&gt;&lt;textEntryInteraction responseIdentifier="RESPONSE" expectedLength="3"/&gt;&lt;/span&gt;</div></itemBody><responseProcessing><setOutcomeValue identifier="SCORE"><mapResponse identifier="RESPONSE" /></setOutcomeValue></responseProcessing></assessmentItem>