<assessmentItem xmlns:xsi="http://www.w3.org/2001/XMLSchema-instance" xmlns:xsd="http://www.w3.org/2001/XMLSchema" xmlns="http://www.open.com.cn/schemas/exam/openqti_v1" identifier="07d1ddd7-d774-4a8f-be49-f049d17f84ee" title="听力32" adaptive="false" timeDependent="false"><responseDeclaration identifier="RESPONSE" cardinality="single" baseType="identifier"><correctResponse><value>B</value></correctResponse></responseDeclaration><outcomeDeclaration identifier="SCORE" cardinality="single" baseType="float" normalMaximum="1"><defaultValue><value>0</value></defaultValue></outcomeDeclaration><itemBody><choiceInteraction responseIdentifier="RESPONSE" shuffle="true" maxChoices="1"><prompt>&lt;media src="07d1ddd7-d774-4a8f-be49-f049d17f84ee/2011715121610463.mp3" duration="29" repeatTimes="0" repeatInterval="0" mimeType="audio/mpeg" content=""&gt;播放音频&lt;/media&gt;</prompt><simpleChoice identifier="A">很得意</simpleChoice><simpleChoice identifier="B">缺少锻炼</simpleChoice><simpleChoice identifier="C">想吃西瓜</simpleChoice><simpleChoice identifier="D">把裤子弄脏了</simpleChoice></choiceInteraction></itemBody><responseProcessing><responseCondition><responseIf><match><correct identifier="RESPONSE" /><variable identifier="RESPONSE" /></match><setOutcomeValue identifier="SCORE"><baseValue baseType="float">1</baseValue></setOutcomeValue></responseIf></responseCondition></responseProcessing></assessmentItem>