<assessmentItem xmlns:xsi="http://www.w3.org/2001/XMLSchema-instance" xmlns:xsd="http://www.w3.org/2001/XMLSchema" xmlns="http://www.open.com.cn/schemas/exam/openqti_v1" identifier="3db913dd-fb8c-42bf-8dc4-10fa5c5d10a0" title="阅读68" adaptive="false" timeDependent="false"><responseDeclaration identifier="RESPONSE" cardinality="single" baseType="identifier"><correctResponse><value>C</value></correctResponse></responseDeclaration><outcomeDeclaration identifier="SCORE" cardinality="single" baseType="float" normalMaximum="1"><defaultValue><value>0</value></defaultValue></outcomeDeclaration><itemBody><choiceInteraction responseIdentifier="RESPONSE" shuffle="true" maxChoices="1"><prompt>我孙女儿是去年秋天出生的，到今年9月20日，正好满一岁。到时候，我们准备请亲戚朋友们到家里来吃顿饭，算是给她过生日，希望她能健康快乐地长大。&lt;br /&gt;★&amp;nbsp;&amp;nbsp;&amp;nbsp;他孙女儿：</prompt><simpleChoice identifier="A">很粗心</simpleChoice><simpleChoice identifier="B">喜欢音乐</simpleChoice><simpleChoice identifier="C">快一岁了</simpleChoice><simpleChoice identifier="D">会弹钢琴</simpleChoice></choiceInteraction></itemBody><responseProcessing><responseCondition><responseIf><match><correct identifier="RESPONSE" /><variable identifier="RESPONSE" /></match><setOutcomeValue identifier="SCORE"><baseValue baseType="float">1</baseValue></setOutcomeValue></responseIf></responseCondition></responseProcessing></assessmentItem>