<assessmentItem xmlns:xsi="http://www.w3.org/2001/XMLSchema-instance" xmlns:xsd="http://www.w3.org/2001/XMLSchema" xmlns="http://www.open.com.cn/schemas/exam/openqti_v1" identifier="9b956649-d312-4c96-b10a-9a0f1e31147c" title="阅读67" adaptive="false" timeDependent="false"><responseDeclaration identifier="RESPONSE" cardinality="single" baseType="identifier"><correctResponse><value>A</value></correctResponse></responseDeclaration><outcomeDeclaration identifier="SCORE" cardinality="single" baseType="float" normalMaximum="1"><defaultValue><value>0</value></defaultValue></outcomeDeclaration><itemBody><choiceInteraction responseIdentifier="RESPONSE" shuffle="true" maxChoices="1"><prompt>没关系，不是很严重，不用打针，但是要注意多休息，不要太累。我再给你开点儿药，你要每天按时吃。&lt;br /&gt;★&amp;nbsp;&amp;nbsp;&amp;nbsp;这段话最可能是谁说的？</prompt><simpleChoice identifier="A">大夫</simpleChoice><simpleChoice identifier="B">记者</simpleChoice><simpleChoice identifier="C">顾客</simpleChoice><simpleChoice identifier="D">售货员</simpleChoice></choiceInteraction></itemBody><responseProcessing><responseCondition><responseIf><match><correct identifier="RESPONSE" /><variable identifier="RESPONSE" /></match><setOutcomeValue identifier="SCORE"><baseValue baseType="float">1</baseValue></setOutcomeValue></responseIf></responseCondition></responseProcessing></assessmentItem>