<assessmentItem xmlns:xsi="http://www.w3.org/2001/XMLSchema-instance" xmlns:xsd="http://www.w3.org/2001/XMLSchema" xmlns="http://www.open.com.cn/schemas/exam/openqti_v1" identifier="e93c7684-b843-45bd-9063-ba8fb4290233" title="阅读71" adaptive="false" timeDependent="false"><responseDeclaration identifier="RESPONSE" cardinality="single" baseType="identifier"><correctResponse><value>B</value></correctResponse></responseDeclaration><outcomeDeclaration identifier="SCORE" cardinality="single" baseType="float" normalMaximum="1"><defaultValue><value>0</value></defaultValue></outcomeDeclaration><itemBody><choiceInteraction responseIdentifier="RESPONSE" shuffle="true" maxChoices="1"><prompt>如果3分钟读一页书，半个小时就可以读10页；每天花半个小时来读书，一个月就可以读300页，差不多就是一本书了。&lt;br /&gt;★&amp;nbsp;&amp;nbsp;&amp;nbsp;这段话主要想告诉我们什么？</prompt><simpleChoice identifier="A">要诚实</simpleChoice><simpleChoice identifier="B">要坚持读书</simpleChoice><simpleChoice identifier="C">要有同情心</simpleChoice><simpleChoice identifier="D">阅读要有选择</simpleChoice></choiceInteraction></itemBody><responseProcessing><responseCondition><responseIf><match><correct identifier="RESPONSE" /><variable identifier="RESPONSE" /></match><setOutcomeValue identifier="SCORE"><baseValue baseType="float">1</baseValue></setOutcomeValue></responseIf></responseCondition></responseProcessing></assessmentItem>