<assessmentItem xmlns:xsi="http://www.w3.org/2001/XMLSchema-instance" xmlns:xsd="http://www.w3.org/2001/XMLSchema" xmlns="http://www.open.com.cn/schemas/exam/openqti_v1" identifier="c9b30d25-0dc2-4d1a-9164-6b7f24de9374" title="阅读72" adaptive="false" timeDependent="false"><responseDeclaration identifier="RESPONSE" cardinality="single" baseType="identifier"><correctResponse><value>D</value></correctResponse></responseDeclaration><outcomeDeclaration identifier="SCORE" cardinality="single" baseType="float" normalMaximum="1"><defaultValue><value>0</value></defaultValue></outcomeDeclaration><itemBody><choiceInteraction responseIdentifier="RESPONSE" shuffle="true" maxChoices="1"><prompt>人们常说&amp;ldquo;机会只留给有准备的人&amp;rdquo;，这句话虽然不假，然而光有准备是不够的，你还要主动去找机会，因为机会永远都不是等来的。&lt;br /&gt;★&amp;nbsp;&amp;nbsp;&amp;nbsp;这段话主要告诉我们，应该：</prompt><simpleChoice identifier="A">有耐心</simpleChoice><simpleChoice identifier="B">节约时间</simpleChoice><simpleChoice identifier="C">多鼓励别人</simpleChoice><simpleChoice identifier="D">自己去找机会</simpleChoice></choiceInteraction></itemBody><responseProcessing><responseCondition><responseIf><match><correct identifier="RESPONSE" /><variable identifier="RESPONSE" /></match><setOutcomeValue identifier="SCORE"><baseValue baseType="float">1</baseValue></setOutcomeValue></responseIf></responseCondition></responseProcessing></assessmentItem>