<assessmentItem xmlns:xsi="http://www.w3.org/2001/XMLSchema-instance" xmlns:xsd="http://www.w3.org/2001/XMLSchema" xmlns="http://www.open.com.cn/schemas/exam/openqti_v1" identifier="6458d064-e759-4a37-9839-86ba87beefbe" title="阅读76" adaptive="false" timeDependent="false"><responseDeclaration identifier="RESPONSE" cardinality="single" baseType="identifier"><correctResponse><value>D</value></correctResponse></responseDeclaration><outcomeDeclaration identifier="SCORE" cardinality="single" baseType="float" normalMaximum="1"><defaultValue><value>0</value></defaultValue></outcomeDeclaration><itemBody><choiceInteraction responseIdentifier="RESPONSE" shuffle="true" maxChoices="1"><prompt>结果和过程哪个更重要？我的回答是都重要，就像你看一场体育比赛，你不但会看输赢结果，而且还会看运动员为此流下的汗水与泪水。&lt;br /&gt;★&amp;nbsp;&amp;nbsp;&amp;nbsp;这段话说明：</prompt><simpleChoice identifier="A">应经常笑</simpleChoice><simpleChoice identifier="B">应提高标准</simpleChoice><simpleChoice identifier="C">要重视效果</simpleChoice><simpleChoice identifier="D">过程也很重要</simpleChoice></choiceInteraction></itemBody><responseProcessing><responseCondition><responseIf><match><correct identifier="RESPONSE" /><variable identifier="RESPONSE" /></match><setOutcomeValue identifier="SCORE"><baseValue baseType="float">1</baseValue></setOutcomeValue></responseIf></responseCondition></responseProcessing></assessmentItem>