<assessmentItem xmlns:xsi="http://www.w3.org/2001/XMLSchema-instance" xmlns:xsd="http://www.w3.org/2001/XMLSchema" xmlns="http://www.open.com.cn/schemas/exam/openqti_v1" identifier="98c3ef0b-d661-492f-b8e4-9c474b763f1a" title="书写例题" adaptive="false" timeDependent="false"><responseDeclaration identifier="RESPONSE" cardinality="ordered" baseType="identifier"><correctResponse><value>A</value><value>D</value><value>B</value><value>C</value><value>E</value><value>F</value></correctResponse></responseDeclaration><outcomeDeclaration identifier="SCORE" cardinality="single" baseType="float" normalMaximum="1"><defaultValue><value>0</value></defaultValue></outcomeDeclaration><itemBody><orderInteraction responseIdentifier="RESPONSE" shuffle="false" orientation="horizontal"><prompt /><simpleChoice identifier="A">那座桥</simpleChoice><simpleChoice identifier="B">800年的</simpleChoice><simpleChoice identifier="C">历史</simpleChoice><simpleChoice identifier="D">有</simpleChoice><simpleChoice identifier="E">了</simpleChoice><simpleChoice identifier="F">。</simpleChoice></orderInteraction></itemBody><responseProcessing><responseCondition><responseIf><match><correct identifier="RESPONSE" /><variable identifier="RESPONSE" /></match><setOutcomeValue identifier="SCORE"><baseValue baseType="float">1</baseValue></setOutcomeValue></responseIf></responseCondition></responseProcessing></assessmentItem>