<assessmentItem xmlns:xsi="http://www.w3.org/2001/XMLSchema-instance" xmlns:xsd="http://www.w3.org/2001/XMLSchema" xmlns="http://www.open.com.cn/schemas/exam/openqti_v1" identifier="5f954161-0dc0-4302-b7bc-bad49930c41d" title="书写93" adaptive="false" timeDependent="false"><responseDeclaration identifier="RESPONSE" cardinality="ordered" baseType="identifier"><correctResponse><value>C</value><value>D</value><value>A</value><value>B</value></correctResponse></responseDeclaration><outcomeDeclaration identifier="SCORE" cardinality="single" baseType="float" normalMaximum="1"><defaultValue><value>0</value></defaultValue></outcomeDeclaration><itemBody><orderInteraction responseIdentifier="RESPONSE" shuffle="false" orientation="horizontal"><prompt /><simpleChoice identifier="A">她</simpleChoice><simpleChoice identifier="B">很吃惊</simpleChoice><simpleChoice identifier="C">这个消息</simpleChoice><simpleChoice identifier="D">让</simpleChoice></orderInteraction></itemBody><responseProcessing><responseCondition><responseIf><match><correct identifier="RESPONSE" /><variable identifier="RESPONSE" /></match><setOutcomeValue identifier="SCORE"><baseValue baseType="float">1</baseValue></setOutcomeValue></responseIf></responseCondition></responseProcessing></assessmentItem>