<assessmentItem xmlns:xsi="http://www.w3.org/2001/XMLSchema-instance" xmlns:xsd="http://www.w3.org/2001/XMLSchema" xmlns="http://www.open.com.cn/schemas/exam/openqti_v1" identifier="1243f6ac-52f0-421c-86ad-51b43149cf4d" title="听力例题" adaptive="false" timeDependent="false"><responseDeclaration identifier="RESPONSE" cardinality="single" baseType="identifier"><correctResponse><value>C</value></correctResponse></responseDeclaration><outcomeDeclaration identifier="SCORE" cardinality="single" baseType="float" normalMaximum="1"><defaultValue><value>0</value></defaultValue></outcomeDeclaration><itemBody><choiceInteraction responseIdentifier="RESPONSE" shuffle="false" maxChoices="1"><prompt>&lt;media src="1243f6ac-52f0-421c-86ad-51b43149cf4d/20117151272157.mp3" duration="42" repeatTimes="0" repeatInterval="0" mimeType="audio/mpeg" content=""&gt;播放音频&lt;/media&gt;&lt;br /&gt;男：把这个材料复印5份，一会儿拿到会议室发给大家。&lt;br /&gt;女：好的。会议是下午三点吗？&lt;br /&gt;男：改了。三点半，推迟了半个小时。&lt;br /&gt;女：好，602会议室没变吧？&lt;br /&gt;男：对，没变。&lt;br /&gt;问：会议几点开始？</prompt><simpleChoice identifier="A">两点</simpleChoice><simpleChoice identifier="B">3点</simpleChoice><simpleChoice identifier="C">3：30</simpleChoice><simpleChoice identifier="D">6点</simpleChoice></choiceInteraction></itemBody><responseProcessing><responseCondition><responseIf><match><correct identifier="RESPONSE" /><variable identifier="RESPONSE" /></match><setOutcomeValue identifier="SCORE"><baseValue baseType="float">1</baseValue></setOutcomeValue></responseIf></responseCondition></responseProcessing></assessmentItem>