<assessmentItem xmlns:xsi="http://www.w3.org/2001/XMLSchema-instance" xmlns:xsd="http://www.w3.org/2001/XMLSchema" xmlns="http://www.open.com.cn/schemas/exam/openqti_v1" identifier="52bbabad-f7b1-4729-9cd3-8c334f04c378" title="阅读61" adaptive="false" timeDependent="false"><responseDeclaration identifier="RESPONSE" cardinality="single" baseType="identifier"><correctResponse><value>B</value></correctResponse></responseDeclaration><outcomeDeclaration identifier="SCORE" cardinality="single" baseType="float" normalMaximum="1"><defaultValue><value>0</value></defaultValue></outcomeDeclaration><itemBody><choiceInteraction responseIdentifier="RESPONSE" shuffle="true" maxChoices="1"><prompt>这条裤子是去年过生日时，我姐送我的生日礼物，穿了一次就没再穿，一直放在箱子里。&lt;br /&gt;★&amp;nbsp;&amp;nbsp; 这条裤子：</prompt><simpleChoice identifier="A">是黑色的</simpleChoice><simpleChoice identifier="B">没穿过几次</simpleChoice><simpleChoice identifier="C">是秋天买的</simpleChoice></choiceInteraction></itemBody><responseProcessing><responseCondition><responseIf><match><correct identifier="RESPONSE" /><variable identifier="RESPONSE" /></match><setOutcomeValue identifier="SCORE"><baseValue baseType="float">1</baseValue></setOutcomeValue></responseIf></responseCondition></responseProcessing></assessmentItem>