<assessmentItem xmlns:xsi="http://www.w3.org/2001/XMLSchema-instance" xmlns:xsd="http://www.w3.org/2001/XMLSchema" xmlns="http://www.open.com.cn/schemas/exam/openqti_v1" identifier="f91dc0e1-50ae-417d-b248-4878df576d48" title="听力例题" adaptive="false" timeDependent="false"><responseDeclaration identifier="RESPONSE" cardinality="single" baseType="identifier"><correctResponse><value>C</value></correctResponse></responseDeclaration><outcomeDeclaration identifier="SCORE" cardinality="single" baseType="float" normalMaximum="1"><defaultValue><value>0</value></defaultValue></outcomeDeclaration><itemBody><choiceInteraction responseIdentifier="RESPONSE" shuffle="false" maxChoices="1"><prompt>&lt;media src="f91dc0e1-50ae-417d-b248-4878df576d48/201171515337869.mp3" duration="61" repeatTimes="0" repeatInterval="0" mimeType="audio/mpeg" content=""&gt;播放音频&lt;/media&gt;&lt;br /&gt;女：晚饭做好了，准备吃饭了。&lt;br /&gt;男：等一会儿，比赛还有三分钟就结束了。&lt;br /&gt;女：快点儿吧，一起吃，菜冷了就不好吃了。&lt;br /&gt;男：你先吃，我马上就看完了。&lt;br /&gt;问：男的在做什么？</prompt><simpleChoice identifier="A">洗澡</simpleChoice><simpleChoice identifier="B">吃饭</simpleChoice><simpleChoice identifier="C">看电视</simpleChoice></choiceInteraction></itemBody><responseProcessing><responseCondition><responseIf><match><correct identifier="RESPONSE" /><variable identifier="RESPONSE" /></match><setOutcomeValue identifier="SCORE"><baseValue baseType="float">1</baseValue></setOutcomeValue></responseIf></responseCondition></responseProcessing></assessmentItem>