<assessmentItem xmlns:xsi="http://www.w3.org/2001/XMLSchema-instance" xmlns:xsd="http://www.w3.org/2001/XMLSchema" xmlns="http://www.open.com.cn/schemas/exam/openqti_v1" identifier="7b97819f-6e65-45e6-ba20-22c0fb7ac79b" title="阅读41-45" adaptive="false" timeDependent="false"><responseDeclaration identifier="RESPONSE_1" cardinality="single" baseType="identifier"><correctResponse><value>B</value></correctResponse></responseDeclaration><responseDeclaration identifier="RESPONSE_2" cardinality="single" baseType="identifier"><correctResponse><value>D</value></correctResponse></responseDeclaration><responseDeclaration identifier="RESPONSE_3" cardinality="single" baseType="identifier"><correctResponse><value>C</value></correctResponse></responseDeclaration><responseDeclaration identifier="RESPONSE_4" cardinality="single" baseType="identifier"><correctResponse><value>F</value></correctResponse></responseDeclaration><responseDeclaration identifier="RESPONSE_5" cardinality="single" baseType="identifier"><correctResponse><value>A</value></correctResponse></responseDeclaration><outcomeDeclaration identifier="SCORE_1" cardinality="single" baseType="float" normalMaximum="0.2"><defaultValue><value>0</value></defaultValue></outcomeDeclaration><outcomeDeclaration identifier="SCORE_2" cardinality="single" baseType="float" normalMaximum="0.2"><defaultValue><value>0</value></defaultValue></outcomeDeclaration><outcomeDeclaration identifier="SCORE_3" cardinality="single" baseType="float" normalMaximum="0.2"><defaultValue><value>0</value></defaultValue></outcomeDeclaration><outcomeDeclaration identifier="SCORE_4" cardinality="single" baseType="float" normalMaximum="0.2"><defaultValue><value>0</value></defaultValue></outcomeDeclaration><outcomeDeclaration identifier="SCORE_5" cardinality="single" baseType="float" normalMaximum="0.2"><defaultValue><value>0</value></defaultValue></outcomeDeclaration><outcomeDeclaration identifier="SCORE" cardinality="single" baseType="float" normalMaximum="1"><defaultValue><value>0</value></defaultValue></outcomeDeclaration><itemBody><compositeInteraction shuffle="false"><prompt>A&amp;nbsp;&amp;nbsp;&amp;nbsp;这个周末有时间吗？一起吃个饭吧？&lt;br /&gt;B&amp;nbsp;&amp;nbsp;&amp;nbsp;马上，就差一个题了。&lt;br /&gt;C&amp;nbsp;&amp;nbsp; 虽然是晴天，但外面刮风了，很冷，小心感冒。&lt;br /&gt;D&amp;nbsp;&amp;nbsp; 您放心，6班的水平和我们没法比。&lt;br /&gt;E&amp;nbsp;&amp;nbsp; 当然。我们先坐公共汽车，然后换地铁。&lt;br /&gt;F&amp;nbsp;&amp;nbsp; 如果饿了，就自己拿。&lt;br /&gt;&lt;br /&gt;例如：你知道怎么去那儿吗？&amp;nbsp;&amp;nbsp;&amp;nbsp;&amp;nbsp;&amp;nbsp;&amp;nbsp;&amp;nbsp;&amp;nbsp;&amp;nbsp;&amp;nbsp;（&amp;nbsp;&amp;nbsp;&amp;nbsp;&amp;nbsp;&amp;nbsp;&amp;nbsp;E&amp;nbsp;&amp;nbsp;&amp;nbsp;&amp;nbsp;&amp;nbsp;&amp;nbsp;）</prompt><subItem sequenceIndex="1" itemType="singleChoice"><choiceInteraction responseIdentifier="RESPONSE_1" shuffle="false" maxChoices="1"><prompt>你的数学作业做完了吗？</prompt><simpleChoice identifier="A" /><simpleChoice identifier="B" /><simpleChoice identifier="C" /><simpleChoice identifier="D" /><simpleChoice identifier="E" /><simpleChoice identifier="F" /></choiceInteraction></subItem><subItem sequenceIndex="2" itemType="singleChoice"><choiceInteraction responseIdentifier="RESPONSE_2" shuffle="false" maxChoices="1"><prompt>明天的比赛你们必须拿第一。</prompt><simpleChoice identifier="A" /><simpleChoice identifier="B" /><simpleChoice identifier="C" /><simpleChoice identifier="D" /><simpleChoice identifier="E" /><simpleChoice identifier="F" /></choiceInteraction></subItem><subItem sequenceIndex="3" itemType="singleChoice"><choiceInteraction responseIdentifier="RESPONSE_3" shuffle="false" maxChoices="1"><prompt>没事儿，我经常锻炼，不会生病的。</prompt><simpleChoice identifier="A" /><simpleChoice identifier="B" /><simpleChoice identifier="C" /><simpleChoice identifier="D" /><simpleChoice identifier="E" /><simpleChoice identifier="F" /></choiceInteraction></subItem><subItem sequenceIndex="4" itemType="singleChoice"><choiceInteraction responseIdentifier="RESPONSE_4" shuffle="false" maxChoices="1"><prompt>厨房里有面包、蛋糕。</prompt><simpleChoice identifier="A" /><simpleChoice identifier="B" /><simpleChoice identifier="C" /><simpleChoice identifier="D" /><simpleChoice identifier="E" /><simpleChoice identifier="F" /></choiceInteraction></subItem><subItem sequenceIndex="5" itemType="singleChoice"><choiceInteraction responseIdentifier="RESPONSE_5" shuffle="false" maxChoices="1"><prompt>好啊，哪天？中午还是晚上？</prompt><simpleChoice identifier="A" /><simpleChoice identifier="B" /><simpleChoice identifier="C" /><simpleChoice identifier="D" /><simpleChoice identifier="E" /><simpleChoice identifier="F" /></choiceInteraction></subItem></compositeInteraction></itemBody><responseProcessing><responseCondition><responseIf><match><correct identifier="RESPONSE_1" /><variable identifier="RESPONSE_1" /></match><setOutcomeValue identifier="SCORE_1"><baseValue baseType="float">0.2</baseValue></setOutcomeValue></responseIf></responseCondition><responseCondition><responseIf><match><correct identifier="RESPONSE_2" /><variable identifier="RESPONSE_2" /></match><setOutcomeValue identifier="SCORE_2"><baseValue baseType="float">0.2</baseValue></setOutcomeValue></responseIf></responseCondition><responseCondition><responseIf><match><correct identifier="RESPONSE_3" /><variable identifier="RESPONSE_3" /></match><setOutcomeValue identifier="SCORE_3"><baseValue baseType="float">0.2</baseValue></setOutcomeValue></responseIf></responseCondition><responseCondition><responseIf><match><correct identifier="RESPONSE_4" /><variable identifier="RESPONSE_4" /></match><setOutcomeValue identifier="SCORE_4"><baseValue baseType="float">0.2</baseValue></setOutcomeValue></responseIf></responseCondition><responseCondition><responseIf><match><correct identifier="RESPONSE_5" /><variable identifier="RESPONSE_5" /></match><setOutcomeValue identifier="SCORE_5"><baseValue baseType="float">0.2</baseValue></setOutcomeValue></responseIf></responseCondition><setOutcomeValue identifier="SCORE"><sum><variable identifier="SCORE_1" /><variable identifier="SCORE_2" /><variable identifier="SCORE_3" /><variable identifier="SCORE_4" /><variable identifier="SCORE_5" /></sum></setOutcomeValue></responseProcessing></assessmentItem>