<assessmentItem xmlns:xsi="http://www.w3.org/2001/XMLSchema-instance" xmlns:xsd="http://www.w3.org/2001/XMLSchema" xmlns="http://www.open.com.cn/schemas/exam/openqti_v1" identifier="37aa08aa-5737-434e-9a5d-43f2b56ab83f" title="听力6-10" adaptive="false" timeDependent="false"><responseDeclaration identifier="RESPONSE_1" cardinality="single" baseType="identifier"><correctResponse><value>E</value></correctResponse></responseDeclaration><responseDeclaration identifier="RESPONSE_2" cardinality="single" baseType="identifier"><correctResponse><value>A</value></correctResponse></responseDeclaration><responseDeclaration identifier="RESPONSE_3" cardinality="single" baseType="identifier"><correctResponse><value>C</value></correctResponse></responseDeclaration><responseDeclaration identifier="RESPONSE_4" cardinality="single" baseType="identifier"><correctResponse><value>B</value></correctResponse></responseDeclaration><responseDeclaration identifier="RESPONSE_5" cardinality="single" baseType="identifier"><correctResponse><value>D</value></correctResponse></responseDeclaration><outcomeDeclaration identifier="SCORE_1" cardinality="single" baseType="float" normalMaximum="0.2"><defaultValue><value>0</value></defaultValue></outcomeDeclaration><outcomeDeclaration identifier="SCORE_2" cardinality="single" baseType="float" normalMaximum="0.2"><defaultValue><value>0</value></defaultValue></outcomeDeclaration><outcomeDeclaration identifier="SCORE_3" cardinality="single" baseType="float" normalMaximum="0.2"><defaultValue><value>0</value></defaultValue></outcomeDeclaration><outcomeDeclaration identifier="SCORE_4" cardinality="single" baseType="float" normalMaximum="0.2"><defaultValue><value>0</value></defaultValue></outcomeDeclaration><outcomeDeclaration identifier="SCORE_5" cardinality="single" baseType="float" normalMaximum="0.2"><defaultValue><value>0</value></defaultValue></outcomeDeclaration><outcomeDeclaration identifier="SCORE" cardinality="single" baseType="float" normalMaximum="1"><defaultValue><value>0</value></defaultValue></outcomeDeclaration><itemBody><compositeInteraction shuffle="false"><prompt>&lt;media src="37aa08aa-5737-434e-9a5d-43f2b56ab83f/20117151514210.mp3" duration="157" repeatTimes="0" repeatInterval="0" mimeType="audio/mpeg" content=""&gt;播放音频&lt;/media&gt;&lt;br /&gt;A &lt;img alt="" width="140" height="130" src="37aa08aa-5737-434e-9a5d-43f2b56ab83f/20117151528307.jpg" /&gt;&amp;nbsp;B &lt;img alt="" width="140" height="130" src="37aa08aa-5737-434e-9a5d-43f2b56ab83f/201171515219510.jpg" /&gt;&lt;br /&gt;C &lt;img alt="" width="140" height="130" src="37aa08aa-5737-434e-9a5d-43f2b56ab83f/201171515232728.jpg" /&gt;&amp;nbsp;D &lt;img alt="" width="140" height="130" src="37aa08aa-5737-434e-9a5d-43f2b56ab83f/201171515248791.jpg" /&gt;&lt;br /&gt;E &lt;img alt="" width="140" height="130" src="37aa08aa-5737-434e-9a5d-43f2b56ab83f/20117151530182.jpg" /&gt;</prompt><subItem sequenceIndex="1" itemType="singleChoice"><choiceInteraction responseIdentifier="RESPONSE_1" shuffle="false" maxChoices="1"><prompt /><simpleChoice identifier="A" /><simpleChoice identifier="B" /><simpleChoice identifier="C" /><simpleChoice identifier="D" /><simpleChoice identifier="E" /></choiceInteraction></subItem><subItem sequenceIndex="2" itemType="singleChoice"><choiceInteraction responseIdentifier="RESPONSE_2" shuffle="false" maxChoices="1"><prompt /><simpleChoice identifier="A" /><simpleChoice identifier="B" /><simpleChoice identifier="C" /><simpleChoice identifier="D" /><simpleChoice identifier="E" /></choiceInteraction></subItem><subItem sequenceIndex="3" itemType="singleChoice"><choiceInteraction responseIdentifier="RESPONSE_3" shuffle="false" maxChoices="1"><prompt /><simpleChoice identifier="A" /><simpleChoice identifier="B" /><simpleChoice identifier="C" /><simpleChoice identifier="D" /><simpleChoice identifier="E" /></choiceInteraction></subItem><subItem sequenceIndex="4" itemType="singleChoice"><choiceInteraction responseIdentifier="RESPONSE_4" shuffle="false" maxChoices="1"><prompt /><simpleChoice identifier="A" /><simpleChoice identifier="B" /><simpleChoice identifier="C" /><simpleChoice identifier="D" /><simpleChoice identifier="E" /></choiceInteraction></subItem><subItem sequenceIndex="5" itemType="singleChoice"><choiceInteraction responseIdentifier="RESPONSE_5" shuffle="false" maxChoices="1"><prompt /><simpleChoice identifier="A" /><simpleChoice identifier="B" /><simpleChoice identifier="C" /><simpleChoice identifier="D" /><simpleChoice identifier="E" /></choiceInteraction></subItem></compositeInteraction></itemBody><responseProcessing><responseCondition><responseIf><match><correct identifier="RESPONSE_1" /><variable identifier="RESPONSE_1" /></match><setOutcomeValue identifier="SCORE_1"><baseValue baseType="float">0.2</baseValue></setOutcomeValue></responseIf></responseCondition><responseCondition><responseIf><match><correct identifier="RESPONSE_2" /><variable identifier="RESPONSE_2" /></match><setOutcomeValue identifier="SCORE_2"><baseValue baseType="float">0.2</baseValue></setOutcomeValue></responseIf></responseCondition><responseCondition><responseIf><match><correct identifier="RESPONSE_3" /><variable identifier="RESPONSE_3" /></match><setOutcomeValue identifier="SCORE_3"><baseValue baseType="float">0.2</baseValue></setOutcomeValue></responseIf></responseCondition><responseCondition><responseIf><match><correct identifier="RESPONSE_4" /><variable identifier="RESPONSE_4" /></match><setOutcomeValue identifier="SCORE_4"><baseValue baseType="float">0.2</baseValue></setOutcomeValue></responseIf></responseCondition><responseCondition><responseIf><match><correct identifier="RESPONSE_5" /><variable identifier="RESPONSE_5" /></match><setOutcomeValue identifier="SCORE_5"><baseValue baseType="float">0.2</baseValue></setOutcomeValue></responseIf></responseCondition><setOutcomeValue identifier="SCORE"><sum><variable identifier="SCORE_1" /><variable identifier="SCORE_2" /><variable identifier="SCORE_3" /><variable identifier="SCORE_4" /><variable identifier="SCORE_5" /></sum></setOutcomeValue></responseProcessing></assessmentItem>