<assessmentItem xmlns:xsi="http://www.w3.org/2001/XMLSchema-instance" xmlns:xsd="http://www.w3.org/2001/XMLSchema" xmlns="http://www.open.com.cn/schemas/exam/openqti_v1" identifier="70533ed5-e48a-4bb0-be88-e2449d2a6638" title="听力例题" adaptive="false" timeDependent="false"><responseDeclaration identifier="RESPONSE" cardinality="single" baseType="identifier"><correctResponse><value>A</value></correctResponse></responseDeclaration><outcomeDeclaration identifier="SCORE" cardinality="single" baseType="float" normalMaximum="1"><defaultValue><value>0</value></defaultValue></outcomeDeclaration><itemBody><choiceInteraction responseIdentifier="RESPONSE" shuffle="false" maxChoices="1"><prompt>&lt;media src="70533ed5-e48a-4bb0-be88-e2449d2a6638/2011715151728478.mp3" duration="45" repeatTimes="0" repeatInterval="0" mimeType="audio/mpeg" content=""&gt;播放音频&lt;/media&gt;&lt;br /&gt;男：小王，帮我开一下门，好吗？谢谢！ &lt;br /&gt;女：没问题。您去超市了？买了这么多东西。&lt;br /&gt;问：男的想让小王做什么？</prompt><simpleChoice identifier="A">开门</simpleChoice><simpleChoice identifier="B">拿东西</simpleChoice><simpleChoice identifier="C">去超市买东西</simpleChoice></choiceInteraction></itemBody><responseProcessing><responseCondition><responseIf><match><correct identifier="RESPONSE" /><variable identifier="RESPONSE" /></match><setOutcomeValue identifier="SCORE"><baseValue baseType="float">1</baseValue></setOutcomeValue></responseIf></responseCondition></responseProcessing></assessmentItem>