<assessmentItem xmlns:xsi="http://www.w3.org/2001/XMLSchema-instance" xmlns:xsd="http://www.w3.org/2001/XMLSchema" xmlns="http://www.open.com.cn/schemas/exam/openqti_v1" identifier="23f556d2-aaba-437c-8450-f49408c39dd5" title="阅读69" adaptive="false" timeDependent="false"><responseDeclaration identifier="RESPONSE" cardinality="single" baseType="identifier"><correctResponse><value>C</value></correctResponse></responseDeclaration><outcomeDeclaration identifier="SCORE" cardinality="single" baseType="float" normalMaximum="1"><defaultValue><value>0</value></defaultValue></outcomeDeclaration><itemBody><choiceInteraction responseIdentifier="RESPONSE" shuffle="true" maxChoices="1"><prompt>在北京问路，北京人总是告诉我&amp;ldquo;向北&amp;rdquo;&amp;ldquo;向南&amp;rdquo;或者&amp;ldquo;向东&amp;rdquo;&amp;ldquo;向西&amp;rdquo;。但是我只知道&amp;ldquo;前、后、左、右&amp;rdquo;。&lt;br /&gt;★&amp;nbsp;&amp;nbsp; 向北京人问路，北京人：</prompt><simpleChoice identifier="A">不热情</simpleChoice><simpleChoice identifier="B">很高兴</simpleChoice><simpleChoice identifier="C">习惯说东西南北</simpleChoice></choiceInteraction></itemBody><responseProcessing><responseCondition><responseIf><match><correct identifier="RESPONSE" /><variable identifier="RESPONSE" /></match><setOutcomeValue identifier="SCORE"><baseValue baseType="float">1</baseValue></setOutcomeValue></responseIf></responseCondition></responseProcessing></assessmentItem>