<assessmentItem xmlns:xsi="http://www.w3.org/2001/XMLSchema-instance" xmlns:xsd="http://www.w3.org/2001/XMLSchema" xmlns="http://www.open.com.cn/schemas/exam/openqti_v1" identifier="769dd1ce-c32f-499e-8507-e7681019ab05" title="书写80" adaptive="false" timeDependent="false"><responseDeclaration identifier="RESPONSE" cardinality="single" baseType="identifier"><mapping lowerBound="0" upperBound="1" defaultValue="0"><mapEntry mapKey="个" mappedValue="1" /></mapping></responseDeclaration><outcomeDeclaration identifier="SCORE" cardinality="single" baseType="float" normalMaximum="1"><defaultValue><value>0</value></defaultValue></outcomeDeclaration><itemBody><div>我叔叔认识这（&amp;nbsp;&amp;nbsp;&amp;nbsp;&amp;nbsp;&amp;nbsp;&amp;nbsp;&lt;ruby&gt;&lt;rb&gt;&lt;/rb&gt; &lt;rp&gt;(&lt;/rp&gt;&lt;rt&gt;ɡe&lt;/rt&gt;&lt;rp&gt;)&lt;/rp&gt;&lt;/ruby&gt;&amp;nbsp;&amp;nbsp;&amp;nbsp;&amp;nbsp;&amp;nbsp;&amp;nbsp;）学校的校长，他们是大学同学。&lt;br /&gt;&lt;br /&gt;&lt;br /&gt;&lt;span&gt;&lt;textEntryInteraction responseIdentifier="RESPONSE" expectedLength="10"/&gt;&lt;/span&gt;</div></itemBody><responseProcessing><setOutcomeValue identifier="SCORE"><mapResponse identifier="RESPONSE" /></setOutcomeValue></responseProcessing></assessmentItem>