<assessmentItem xmlns:xsi="http://www.w3.org/2001/XMLSchema-instance" xmlns:xsd="http://www.w3.org/2001/XMLSchema" xmlns="http://www.open.com.cn/schemas/exam/openqti_v1" identifier="f6e9b335-4601-4f92-abb0-e0cd27d03fb8" title="书写例题" adaptive="false" timeDependent="false"><responseDeclaration identifier="RESPONSE" cardinality="ordered" baseType="identifier"><correctResponse><value>D</value><value>B</value><value>F</value><value>C</value><value>E</value><value>A</value><value>G</value></correctResponse></responseDeclaration><outcomeDeclaration identifier="SCORE" cardinality="single" baseType="float" normalMaximum="1"><defaultValue><value>0</value></defaultValue></outcomeDeclaration><itemBody><orderInteraction responseIdentifier="RESPONSE" shuffle="false" orientation="horizontal"><prompt /><simpleChoice identifier="A">小船</simpleChoice><simpleChoice identifier="B">上</simpleChoice><simpleChoice identifier="C">一</simpleChoice><simpleChoice identifier="D">河</simpleChoice><simpleChoice identifier="E">条</simpleChoice><simpleChoice identifier="F">有</simpleChoice><simpleChoice identifier="G">。</simpleChoice></orderInteraction></itemBody><responseProcessing><responseCondition><responseIf><match><correct identifier="RESPONSE" /><variable identifier="RESPONSE" /></match><setOutcomeValue identifier="SCORE"><baseValue baseType="float">1</baseValue></setOutcomeValue></responseIf></responseCondition></responseProcessing></assessmentItem>