<assessmentItem xmlns:xsi="http://www.w3.org/2001/XMLSchema-instance" xmlns:xsd="http://www.w3.org/2001/XMLSchema" xmlns="http://www.open.com.cn/schemas/exam/openqti_v1" identifier="e7c6cfee-9f23-46fd-b38c-60766465f6a7" title="阅读68" adaptive="false" timeDependent="false"><responseDeclaration identifier="RESPONSE" cardinality="single" baseType="identifier"><correctResponse><value>B</value></correctResponse></responseDeclaration><outcomeDeclaration identifier="SCORE" cardinality="single" baseType="float" normalMaximum="1"><defaultValue><value>0</value></defaultValue></outcomeDeclaration><itemBody><choiceInteraction responseIdentifier="RESPONSE" shuffle="true" maxChoices="1"><prompt>说话时如果能多用一些&amp;ldquo;您好&amp;rdquo;&amp;ldquo;再见&amp;rdquo;&amp;ldquo;谢谢&amp;rdquo;&amp;ldquo;对不起&amp;rdquo;&amp;ldquo;没关系&amp;rdquo;&amp;ldquo;不客气&amp;rdquo;这样的词语，和别人的关系就会变得更好，做事情也会容易很多。&lt;br /&gt;★&amp;nbsp;&amp;nbsp; 多用上面这些词语，会：</prompt><simpleChoice identifier="A">让人难过</simpleChoice><simpleChoice identifier="B">有很大帮助</simpleChoice><simpleChoice identifier="C">提高普通话水平</simpleChoice></choiceInteraction></itemBody><responseProcessing><responseCondition><responseIf><match><correct identifier="RESPONSE" /><variable identifier="RESPONSE" /></match><setOutcomeValue identifier="SCORE"><baseValue baseType="float">1</baseValue></setOutcomeValue></responseIf></responseCondition></responseProcessing></assessmentItem>