<assessmentItem xmlns:xsi="http://www.w3.org/2001/XMLSchema-instance" xmlns:xsd="http://www.w3.org/2001/XMLSchema" xmlns="http://www.open.com.cn/schemas/exam/openqti_v1" identifier="48106023-60ce-470d-a6d2-df00365b3753" title="阅读62" adaptive="false" timeDependent="false"><responseDeclaration identifier="RESPONSE" cardinality="single" baseType="identifier"><correctResponse><value>C</value></correctResponse></responseDeclaration><outcomeDeclaration identifier="SCORE" cardinality="single" baseType="float" normalMaximum="1"><defaultValue><value>0</value></defaultValue></outcomeDeclaration><itemBody><choiceInteraction responseIdentifier="RESPONSE" shuffle="true" maxChoices="1"><prompt>过去这儿有很多低矮的旧房子，但是现在都不见了，出现在我们眼前的是干净的街道和漂亮的花园，这个城市的变化真大。&lt;br /&gt;★&amp;nbsp;&amp;nbsp; 这个城市以前：</prompt><simpleChoice identifier="A">很有名</simpleChoice><simpleChoice identifier="B">特别安静</simpleChoice><simpleChoice identifier="C">有不少老房子</simpleChoice></choiceInteraction></itemBody><responseProcessing><responseCondition><responseIf><match><correct identifier="RESPONSE" /><variable identifier="RESPONSE" /></match><setOutcomeValue identifier="SCORE"><baseValue baseType="float">1</baseValue></setOutcomeValue></responseIf></responseCondition></responseProcessing></assessmentItem>