<assessmentItem xmlns:xsi="http://www.w3.org/2001/XMLSchema-instance" xmlns:xsd="http://www.w3.org/2001/XMLSchema" xmlns="http://www.open.com.cn/schemas/exam/openqti_v1" identifier="6b4098d6-848e-43ab-953a-ab8fd3f84152" title="阅读66" adaptive="false" timeDependent="false"><responseDeclaration identifier="RESPONSE" cardinality="single" baseType="identifier"><correctResponse><value>C</value></correctResponse></responseDeclaration><outcomeDeclaration identifier="SCORE" cardinality="single" baseType="float" normalMaximum="1"><defaultValue><value>0</value></defaultValue></outcomeDeclaration><itemBody><choiceInteraction responseIdentifier="RESPONSE" shuffle="true" maxChoices="1"><prompt>有些年轻人说现在工作越来越难找，问我怎样才能找到满意的工作。我想，最重要的是一定要根据自己的兴趣去找。&lt;br /&gt;★&amp;nbsp;&amp;nbsp; 他认为，好的工作：</prompt><simpleChoice identifier="A">是简单的</simpleChoice><simpleChoice identifier="B">能让人更聪明</simpleChoice><simpleChoice identifier="C">一定是自己喜欢的</simpleChoice></choiceInteraction></itemBody><responseProcessing><responseCondition><responseIf><match><correct identifier="RESPONSE" /><variable identifier="RESPONSE" /></match><setOutcomeValue identifier="SCORE"><baseValue baseType="float">1</baseValue></setOutcomeValue></responseIf></responseCondition></responseProcessing></assessmentItem>