<assessmentItem xmlns:xsi="http://www.w3.org/2001/XMLSchema-instance" xmlns:xsd="http://www.w3.org/2001/XMLSchema" xmlns="http://www.open.com.cn/schemas/exam/openqti_v1" identifier="8aebc754-af5d-4656-b5f2-16a60f680981" title="阅读70" adaptive="false" timeDependent="false"><responseDeclaration identifier="RESPONSE" cardinality="single" baseType="identifier"><correctResponse><value>A</value></correctResponse></responseDeclaration><outcomeDeclaration identifier="SCORE" cardinality="single" baseType="float" normalMaximum="1"><defaultValue><value>0</value></defaultValue></outcomeDeclaration><itemBody><choiceInteraction responseIdentifier="RESPONSE" shuffle="true" maxChoices="1"><prompt>&amp;ldquo;日久见人心&amp;rdquo;的意思是，认识时间短，对一个人不可能了解太多，只有在一起的时间长了，才能看出这个人怎么样。&lt;br /&gt;★&amp;nbsp;&amp;nbsp; 了解一个人，需要：</prompt><simpleChoice identifier="A">较长时间</simpleChoice><simpleChoice identifier="B">多关心他</simpleChoice><simpleChoice identifier="C">经常给他写信</simpleChoice></choiceInteraction></itemBody><responseProcessing><responseCondition><responseIf><match><correct identifier="RESPONSE" /><variable identifier="RESPONSE" /></match><setOutcomeValue identifier="SCORE"><baseValue baseType="float">1</baseValue></setOutcomeValue></responseIf></responseCondition></responseProcessing></assessmentItem>