<assessmentItem xmlns:xsi="http://www.w3.org/2001/XMLSchema-instance" xmlns:xsd="http://www.w3.org/2001/XMLSchema" xmlns="http://www.open.com.cn/schemas/exam/openqti_v1" identifier="b8c936f6-308f-48ce-8c9d-b07fe8b408d7" title="阅读63" adaptive="false" timeDependent="false"><responseDeclaration identifier="RESPONSE" cardinality="single" baseType="identifier"><correctResponse><value>A</value></correctResponse></responseDeclaration><outcomeDeclaration identifier="SCORE" cardinality="single" baseType="float" normalMaximum="1"><defaultValue><value>0</value></defaultValue></outcomeDeclaration><itemBody><choiceInteraction responseIdentifier="RESPONSE" shuffle="true" maxChoices="1"><prompt>春节是中国最重要的节日，这一节日在中国有很长的历史了。以前，春节那天，大家都在家里，和家人在一起。近年来，人们在春节里有了新的选择&amp;mdash;&amp;mdash;出门旅游。&lt;br /&gt;★&amp;nbsp;&amp;nbsp; 这段话主要讲：</prompt><simpleChoice identifier="A">春节的变化</simpleChoice><simpleChoice identifier="B">习惯的作用</simpleChoice><simpleChoice identifier="C">文化的影响</simpleChoice></choiceInteraction></itemBody><responseProcessing><responseCondition><responseIf><match><correct identifier="RESPONSE" /><variable identifier="RESPONSE" /></match><setOutcomeValue identifier="SCORE"><baseValue baseType="float">1</baseValue></setOutcomeValue></responseIf></responseCondition></responseProcessing></assessmentItem>