<assessmentItem xmlns:xsi="http://www.w3.org/2001/XMLSchema-instance" xmlns:xsd="http://www.w3.org/2001/XMLSchema" xmlns="http://www.open.com.cn/schemas/exam/openqti_v1" identifier="f54768d8-5c7b-4256-9349-660239823527" title="阅读67" adaptive="false" timeDependent="false"><responseDeclaration identifier="RESPONSE" cardinality="single" baseType="identifier"><correctResponse><value>A</value></correctResponse></responseDeclaration><outcomeDeclaration identifier="SCORE" cardinality="single" baseType="float" normalMaximum="1"><defaultValue><value>0</value></defaultValue></outcomeDeclaration><itemBody><choiceInteraction responseIdentifier="RESPONSE" shuffle="true" maxChoices="1"><prompt>上个月白菜卖一块八一斤，最近因为下雪，这个星期已经变成两块五了，比上个月贵了7角钱。&lt;br /&gt;★&amp;nbsp;&amp;nbsp; 据这段话，可以知道：</prompt><simpleChoice identifier="A">天气不太好</simpleChoice><simpleChoice identifier="B">白菜便宜了</simpleChoice><simpleChoice identifier="C">买菜的人少了</simpleChoice></choiceInteraction></itemBody><responseProcessing><responseCondition><responseIf><match><correct identifier="RESPONSE" /><variable identifier="RESPONSE" /></match><setOutcomeValue identifier="SCORE"><baseValue baseType="float">1</baseValue></setOutcomeValue></responseIf></responseCondition></responseProcessing></assessmentItem>