<assessmentItem xmlns:xsi="http://www.w3.org/2001/XMLSchema-instance" xmlns:xsd="http://www.w3.org/2001/XMLSchema" xmlns="http://www.open.com.cn/schemas/exam/openqti_v1" identifier="455f5c7b-1b61-4c4b-96d9-f1e733353aa8" title="听力21" adaptive="false" timeDependent="false"><responseDeclaration identifier="RESPONSE" cardinality="single" baseType="identifier"><correctResponse><value>A</value></correctResponse></responseDeclaration><outcomeDeclaration identifier="SCORE" cardinality="single" baseType="float" normalMaximum="1"><defaultValue><value>0</value></defaultValue></outcomeDeclaration><itemBody><choiceInteraction responseIdentifier="RESPONSE" shuffle="true" maxChoices="1"><prompt>&lt;media src="455f5c7b-1b61-4c4b-96d9-f1e733353aa8/2011715151945525.mp3" duration="39" repeatTimes="0" repeatInterval="0" mimeType="audio/mpeg" content=""&gt;播放音频&lt;/media&gt;</prompt><simpleChoice identifier="A">朋友</simpleChoice><simpleChoice identifier="B">学生</simpleChoice><simpleChoice identifier="C">服务员</simpleChoice></choiceInteraction></itemBody><responseProcessing><responseCondition><responseIf><match><correct identifier="RESPONSE" /><variable identifier="RESPONSE" /></match><setOutcomeValue identifier="SCORE"><baseValue baseType="float">1</baseValue></setOutcomeValue></responseIf></responseCondition></responseProcessing></assessmentItem>