<assessmentItem xmlns:xsi="http://www.w3.org/2001/XMLSchema-instance" xmlns:xsd="http://www.w3.org/2001/XMLSchema" xmlns="http://www.open.com.cn/schemas/exam/openqti_v1" identifier="f43726de-d5ac-4d8c-b8ac-de2820e0b290" title="书写79" adaptive="false" timeDependent="false"><responseDeclaration identifier="RESPONSE" cardinality="single" baseType="identifier"><mapping lowerBound="0" upperBound="1" defaultValue="0"><mapEntry mapKey="也" mappedValue="1" /></mapping></responseDeclaration><outcomeDeclaration identifier="SCORE" cardinality="single" baseType="float" normalMaximum="1"><defaultValue><value>0</value></defaultValue></outcomeDeclaration><itemBody><div>黄老师笑着回答：&amp;ldquo;我（&amp;nbsp;&amp;nbsp;&amp;nbsp;&amp;nbsp;&amp;nbsp;&amp;nbsp;&lt;ruby&gt;&lt;rb&gt;&lt;/rb&gt; &lt;rp&gt;(&lt;/rp&gt;&lt;rt&gt;yě&lt;/rt&gt;&lt;rp&gt;)&lt;/rp&gt;&lt;/ruby&gt;&amp;nbsp;&amp;nbsp;&amp;nbsp;&amp;nbsp;&amp;nbsp;&amp;nbsp;）同意。&amp;rdquo;&lt;br /&gt;&lt;br /&gt;&lt;br /&gt;&lt;span&gt;&lt;textEntryInteraction responseIdentifier="RESPONSE" expectedLength="10"/&gt;&lt;/span&gt;</div></itemBody><responseProcessing><setOutcomeValue identifier="SCORE"><mapResponse identifier="RESPONSE" /></setOutcomeValue></responseProcessing></assessmentItem>