<assessmentItem xmlns:xsi="http://www.w3.org/2001/XMLSchema-instance" xmlns:xsd="http://www.w3.org/2001/XMLSchema" xmlns="http://www.open.com.cn/schemas/exam/openqti_v1" identifier="dfd13387-4ed7-4ece-8f9b-9384f5710c39" title="阅读64" adaptive="false" timeDependent="false"><responseDeclaration identifier="RESPONSE" cardinality="single" baseType="identifier"><correctResponse><value>A</value></correctResponse></responseDeclaration><outcomeDeclaration identifier="SCORE" cardinality="single" baseType="float" normalMaximum="1"><defaultValue><value>0</value></defaultValue></outcomeDeclaration><itemBody><choiceInteraction responseIdentifier="RESPONSE" shuffle="true" maxChoices="1"><prompt>女儿从小就喜欢短头发，喜欢像男孩子一样踢足球。长大后，她慢慢地开始像个女孩子了。她学习一直很努力，成绩很好。&lt;br /&gt;★&amp;nbsp;&amp;nbsp; 女儿：</prompt><simpleChoice identifier="A">学习很认真</simpleChoice><simpleChoice identifier="B">没离开过家</simpleChoice><simpleChoice identifier="C">喜欢打篮球</simpleChoice></choiceInteraction></itemBody><responseProcessing><responseCondition><responseIf><match><correct identifier="RESPONSE" /><variable identifier="RESPONSE" /></match><setOutcomeValue identifier="SCORE"><baseValue baseType="float">1</baseValue></setOutcomeValue></responseIf></responseCondition></responseProcessing></assessmentItem>