<assessmentTest xmlns:xsi="http://www.w3.org/2001/XMLSchema-instance" xmlns:xsd="http://www.w3.org/2001/XMLSchema" identifier="6c79519b-08b1-e011-abdb-005056b834eb" title="HSK一级1107（H11116）" xmlns="http://www.open.com.cn/schemas/exam/openqti_v1"><outcomeDeclaration identifier="SCORE" cardinality="single" baseType="float" /><testPart identifier="P01" navigationMode="linear" submissionMode="simultaneous"><rubricBlock view="candidate"><prompt>听力&lt;media src="6c79519b-08b1-e011-abdb-005056b834eb\P01\201171814270541.mp3" mimeType="audio/mpeg" content="" duration="65" repeatInterval="0" repeatTimes="0"&gt;答题说明&lt;/media&gt;</prompt></rubricBlock><endBlock><prompt>&lt;media src="6c79519b-08b1-e011-abdb-005056b834eb\P01\2014715162337403.mp3" mimeType="audio/mpeg" content="" duration="4" repeatInterval="0" repeatTimes="0"&gt;模块结束音频&lt;/media&gt;</prompt></endBlock><timeLimits maxTime="1102" checkTime="180" /><assessmentSection identifier="S01" title="第一部分" visible="true" score="25" itemCount="5" optionalItemCount="0" mediaType="1" optionalItemScore="0"><endBlock /><ordering shuffle="false" /><rubricBlock view="candidate"><prompt>&lt;media src="6c79519b-08b1-e011-abdb-005056b834eb\P01\S01\2011718142728103.mp3" mimeType="audio/mpeg" content="" duration="9" repeatInterval="0" repeatTimes="0"&gt;答题说明&lt;/media&gt;</prompt></rubricBlock><assessmentItemRef identifier="f776d6a3-cd0d-439a-b9b1-c8d0bdda7333" href="AssessmentItems/ASI_f776d6a3-cd0d-439a-b9b1-c8d0bdda7333.xml" type="judgement" subjective="false" isExample="true" prepareDuration="0" responseDuration="0" promptShowDuration="0"><media mimeType="audio/mpeg" src="f776d6a3-cd0d-439a-b9b1-c8d0bdda7333\2011715164456822.mp3" duration="19" content="" repeatTimes="0" repeatInterval="0">播放音频</media><weight identifier="WEIGHT" value="0">0</weight></assessmentItemRef><assessmentItemRef identifier="c2b89987-d4f1-4092-9128-21270d868b6d" href="AssessmentItems/ASI_c2b89987-d4f1-4092-9128-21270d868b6d.xml" type="judgement" subjective="false" isExample="true" prepareDuration="0" responseDuration="0" promptShowDuration="0"><media mimeType="audio/mpeg" src="c2b89987-d4f1-4092-9128-21270d868b6d\201171516463135.mp3" duration="18" content="" repeatTimes="0" repeatInterval="0">播放音频</media><weight identifier="WEIGHT" value="0">0</weight></assessmentItemRef><assessmentItemRef identifier="_x0033_adb0fe5-0159-4586-933f-6ae8b852ce9a" href="AssessmentItems/ASI_3adb0fe5-0159-4586-933f-6ae8b852ce9a.xml" type="judgement" subjective="false" isExample="false" prepareDuration="0" responseDuration="9" promptShowDuration="0"><media mimeType="audio/mpeg" src="3adb0fe5-0159-4586-933f-6ae8b852ce9a\2011715164658760.mp3" duration="16" content="" repeatTimes="0" repeatInterval="0">播放音频</media><weight identifier="WEIGHT" value="5">5</weight></assessmentItemRef><assessmentItemRef identifier="_x0030_23f1fe7-5ce9-4f47-9c13-1c79e95d8863" href="AssessmentItems/ASI_023f1fe7-5ce9-4f47-9c13-1c79e95d8863.xml" type="judgement" subjective="false" isExample="false" prepareDuration="0" responseDuration="9" promptShowDuration="0"><media mimeType="audio/mpeg" src="023f1fe7-5ce9-4f47-9c13-1c79e95d8863\2011715164750525.mp3" duration="10" content="" repeatTimes="0" repeatInterval="0">播放音频</media><weight identifier="WEIGHT" value="5">5</weight></assessmentItemRef><assessmentItemRef identifier="_x0035_6becf7b-ca53-407d-86b0-6afce55e33bd" href="AssessmentItems/ASI_56becf7b-ca53-407d-86b0-6afce55e33bd.xml" type="judgement" subjective="false" isExample="false" prepareDuration="0" responseDuration="9" promptShowDuration="0"><media mimeType="audio/mpeg" src="56becf7b-ca53-407d-86b0-6afce55e33bd\2011715164827603.mp3" duration="9" content="" repeatTimes="0" repeatInterval="0">播放音频</media><weight identifier="WEIGHT" value="5">5</weight></assessmentItemRef><assessmentItemRef identifier="d7455bd5-2378-4df9-94ea-4d185a3b6279" href="AssessmentItems/ASI_d7455bd5-2378-4df9-94ea-4d185a3b6279.xml" type="judgement" subjective="false" isExample="false" prepareDuration="0" responseDuration="9" promptShowDuration="0"><media mimeType="audio/mpeg" src="d7455bd5-2378-4df9-94ea-4d185a3b6279\201171516494432.mp3" duration="12" content="" repeatTimes="0" repeatInterval="0">播放音频</media><weight identifier="WEIGHT" value="5">5</weight></assessmentItemRef><assessmentItemRef identifier="def9d266-0563-4c97-9237-f7a7f6a887dc" href="AssessmentItems/ASI_def9d266-0563-4c97-9237-f7a7f6a887dc.xml" type="judgement" subjective="false" isExample="false" prepareDuration="0" responseDuration="9" promptShowDuration="0"><media mimeType="audio/mpeg" src="def9d266-0563-4c97-9237-f7a7f6a887dc\2011715164937619.mp3" duration="10" content="" repeatTimes="0" repeatInterval="0">播放音频</media><weight identifier="WEIGHT" value="5">5</weight></assessmentItemRef></assessmentSection><assessmentSection identifier="S02" title="第二部分" visible="true" score="25" itemCount="5" optionalItemCount="0" mediaType="1" optionalItemScore="0"><endBlock /><ordering shuffle="false" /><rubricBlock view="candidate"><prompt>&lt;media src="6c79519b-08b1-e011-abdb-005056b834eb\P01\S02\2011718142838135.mp3" mimeType="audio/mpeg" content="" duration="9" repeatInterval="0" repeatTimes="0"&gt;答题说明&lt;/media&gt;</prompt></rubricBlock><assessmentItemRef identifier="cb9d3c70-d674-427d-ae24-f58f8398fd14" href="AssessmentItems/ASI_cb9d3c70-d674-427d-ae24-f58f8398fd14.xml" type="singleChoice" subjective="false" isExample="true" prepareDuration="0" responseDuration="0" promptShowDuration="0"><media mimeType="audio/mpeg" src="cb9d3c70-d674-427d-ae24-f58f8398fd14\201171892025307.mp3" duration="28" content="" repeatTimes="0" repeatInterval="0">播放音频</media><weight identifier="WEIGHT" value="0">0</weight></assessmentItemRef><assessmentItemRef identifier="_x0039_e44a6a1-a127-494d-90ee-a2f3d2292a0f" href="AssessmentItems/ASI_9e44a6a1-a127-494d-90ee-a2f3d2292a0f.xml" type="singleChoice" subjective="false" isExample="false" prepareDuration="0" responseDuration="13" promptShowDuration="0"><media mimeType="audio/mpeg" src="9e44a6a1-a127-494d-90ee-a2f3d2292a0f\2011715165127838.mp3" duration="21" content="" repeatTimes="0" repeatInterval="0">播放音频</media><weight identifier="WEIGHT" value="5">5</weight></assessmentItemRef><assessmentItemRef identifier="e68532ad-1c32-4403-88fa-a794a9f1c368" href="AssessmentItems/ASI_e68532ad-1c32-4403-88fa-a794a9f1c368.xml" type="singleChoice" subjective="false" isExample="false" prepareDuration="0" responseDuration="13" promptShowDuration="0"><media mimeType="audio/mpeg" src="e68532ad-1c32-4403-88fa-a794a9f1c368\2011715165245494.mp3" duration="16" content="" repeatTimes="0" repeatInterval="0">播放音频</media><weight identifier="WEIGHT" value="5">5</weight></assessmentItemRef><assessmentItemRef identifier="db10aee0-4305-4322-8eb1-60615f2800a8" href="AssessmentItems/ASI_db10aee0-4305-4322-8eb1-60615f2800a8.xml" type="singleChoice" subjective="false" isExample="false" prepareDuration="0" responseDuration="13" promptShowDuration="0"><media mimeType="audio/mpeg" src="db10aee0-4305-4322-8eb1-60615f2800a8\2011715165343197.mp3" duration="17" content="" repeatTimes="0" repeatInterval="0">播放音频</media><weight identifier="WEIGHT" value="5">5</weight></assessmentItemRef><assessmentItemRef identifier="f46f4cd2-8a26-4aa4-a103-10972a19b376" href="AssessmentItems/ASI_f46f4cd2-8a26-4aa4-a103-10972a19b376.xml" type="singleChoice" subjective="false" isExample="false" prepareDuration="0" responseDuration="13" promptShowDuration="0"><media mimeType="audio/mpeg" src="f46f4cd2-8a26-4aa4-a103-10972a19b376\2011715165439869.mp3" duration="13" content="" repeatTimes="0" repeatInterval="0">播放音频</media><weight identifier="WEIGHT" value="5">5</weight></assessmentItemRef><assessmentItemRef identifier="_x0033_e11bf6b-5c9e-4a33-a180-bf24516c4553" href="AssessmentItems/ASI_3e11bf6b-5c9e-4a33-a180-bf24516c4553.xml" type="singleChoice" subjective="false" isExample="false" prepareDuration="0" responseDuration="13" promptShowDuration="0"><media mimeType="audio/mpeg" src="3e11bf6b-5c9e-4a33-a180-bf24516c4553\2011715165551744.mp3" duration="16" content="" repeatTimes="0" repeatInterval="0">播放音频</media><weight identifier="WEIGHT" value="5">5</weight></assessmentItemRef></assessmentSection><assessmentSection identifier="S03" title="第三部分" visible="true" score="25" itemCount="1" optionalItemCount="0" mediaType="1" optionalItemScore="0"><endBlock /><ordering shuffle="false" /><rubricBlock view="candidate"><prompt>&lt;media src="6c79519b-08b1-e011-abdb-005056b834eb\P01\S03\201171814294110.mp3" mimeType="audio/mpeg" content="" duration="10" repeatInterval="0" repeatTimes="0"&gt;答题说明&lt;/media&gt;</prompt></rubricBlock><assessmentItemRef identifier="_x0038_225bda1-e532-4da0-861e-46b2abfc740a" href="AssessmentItems/ASI_8225bda1-e532-4da0-861e-46b2abfc740a.xml" type="readingComprehension" subjective="false" isExample="false" prepareDuration="0" responseDuration="14" promptShowDuration="0"><media mimeType="audio/mpeg" src="8225bda1-e532-4da0-861e-46b2abfc740a\2011715165929978.mp3" duration="212" content="" repeatTimes="0" repeatInterval="0">播放音频</media><weight identifier="WEIGHT" value="25">25</weight></assessmentItemRef></assessmentSection><assessmentSection identifier="S04" title="第四部分" visible="true" score="25" itemCount="5" optionalItemCount="0" mediaType="1" optionalItemScore="0"><endBlock /><ordering shuffle="false" /><rubricBlock view="candidate"><prompt>&lt;media src="6c79519b-08b1-e011-abdb-005056b834eb\P01\S04\2011718143028697.mp3" mimeType="audio/mpeg" content="" duration="10" repeatInterval="0" repeatTimes="0"&gt;答题说明&lt;/media&gt;</prompt></rubricBlock><assessmentItemRef identifier="d2aae71a-0be3-48e5-8e6f-41516a5187c7" href="AssessmentItems/ASI_d2aae71a-0be3-48e5-8e6f-41516a5187c7.xml" type="singleChoice" subjective="false" isExample="true" prepareDuration="0" responseDuration="0" promptShowDuration="0"><media mimeType="audio/mpeg" src="d2aae71a-0be3-48e5-8e6f-41516a5187c7\2011715172334697.mp3" duration="45" content="" repeatTimes="0" repeatInterval="0">播放音频</media><weight identifier="WEIGHT" value="0">0</weight></assessmentItemRef><assessmentItemRef identifier="cdae5c02-53d2-481d-87c1-e3d4362d5f55" href="AssessmentItems/ASI_cdae5c02-53d2-481d-87c1-e3d4362d5f55.xml" type="singleChoice" subjective="false" isExample="false" prepareDuration="0" responseDuration="14" promptShowDuration="0"><media mimeType="audio/mpeg" src="cdae5c02-53d2-481d-87c1-e3d4362d5f55\2011715172510635.mp3" duration="38" content="" repeatTimes="0" repeatInterval="0">播放音频</media><weight identifier="WEIGHT" value="5">5</weight></assessmentItemRef><assessmentItemRef identifier="_x0038_0dcc245-bc94-4e8f-95e9-4c46f1757bc3" href="AssessmentItems/ASI_80dcc245-bc94-4e8f-95e9-4c46f1757bc3.xml" type="singleChoice" subjective="false" isExample="false" prepareDuration="0" responseDuration="14" promptShowDuration="0"><media mimeType="audio/mpeg" src="80dcc245-bc94-4e8f-95e9-4c46f1757bc3\2011715172619135.mp3" duration="33" content="" repeatTimes="0" repeatInterval="0">播放音频</media><weight identifier="WEIGHT" value="5">5</weight></assessmentItemRef><assessmentItemRef identifier="b279bca7-88fa-4b0c-b5b2-dec3fa567663" href="AssessmentItems/ASI_b279bca7-88fa-4b0c-b5b2-dec3fa567663.xml" type="singleChoice" subjective="false" isExample="false" prepareDuration="0" responseDuration="14" promptShowDuration="0"><media mimeType="audio/mpeg" src="b279bca7-88fa-4b0c-b5b2-dec3fa567663\2011715172710713.mp3" duration="31" content="" repeatTimes="0" repeatInterval="0">播放音频</media><weight identifier="WEIGHT" value="5">5</weight></assessmentItemRef><assessmentItemRef identifier="b62f10e6-07a6-4be0-b5d3-b2b49e0bf094" href="AssessmentItems/ASI_b62f10e6-07a6-4be0-b5d3-b2b49e0bf094.xml" type="singleChoice" subjective="false" isExample="false" prepareDuration="0" responseDuration="14" promptShowDuration="0"><media mimeType="audio/mpeg" src="b62f10e6-07a6-4be0-b5d3-b2b49e0bf094\201171517288228.mp3" duration="23" content="" repeatTimes="0" repeatInterval="0">播放音频</media><weight identifier="WEIGHT" value="5">5</weight></assessmentItemRef><assessmentItemRef identifier="_x0031_0cb3c16-2ed1-4047-8638-328ddfc0a155" href="AssessmentItems/ASI_10cb3c16-2ed1-4047-8638-328ddfc0a155.xml" type="singleChoice" subjective="false" isExample="false" prepareDuration="0" responseDuration="14" promptShowDuration="0"><media mimeType="audio/mpeg" src="10cb3c16-2ed1-4047-8638-328ddfc0a155\2011715172858713.mp3" duration="34" content="" repeatTimes="0" repeatInterval="0">播放音频</media><weight identifier="WEIGHT" value="5">5</weight></assessmentItemRef></assessmentSection></testPart><testPart identifier="P02" navigationMode="nonlinear" submissionMode="simultaneous"><rubricBlock view="candidate"><prompt>阅读</prompt></rubricBlock><endBlock /><timeLimits minTime="1020" maxTime="1020" /><assessmentSection identifier="S01" title="第一部分" visible="true" score="25" itemCount="5" optionalItemCount="0" mediaType="0" optionalItemScore="0"><endBlock /><ordering shuffle="false" /><rubricBlock view="candidate" /><assessmentItemRef identifier="_x0035_ebce78d-d93a-41d7-8360-1ed42acee4c9" href="AssessmentItems/ASI_5ebce78d-d93a-41d7-8360-1ed42acee4c9.xml" type="judgement" subjective="false" isExample="true" prepareDuration="0" responseDuration="0" promptShowDuration="0"><weight identifier="WEIGHT" value="0">0</weight></assessmentItemRef><assessmentItemRef identifier="_x0035_d9adf50-aa34-4a56-8029-c7c28e6fe309" href="AssessmentItems/ASI_5d9adf50-aa34-4a56-8029-c7c28e6fe309.xml" type="judgement" subjective="false" isExample="true" prepareDuration="0" responseDuration="0" promptShowDuration="0"><weight identifier="WEIGHT" value="0">0</weight></assessmentItemRef><assessmentItemRef identifier="_x0039_4d833c1-9616-4e12-9975-bb0a45254664" href="AssessmentItems/ASI_94d833c1-9616-4e12-9975-bb0a45254664.xml" type="judgement" subjective="false" isExample="false" prepareDuration="0" responseDuration="0" promptShowDuration="0"><weight identifier="WEIGHT" value="5">5</weight></assessmentItemRef><assessmentItemRef identifier="ec495d79-b9ea-4190-9c0d-aa6de00e2671" href="AssessmentItems/ASI_ec495d79-b9ea-4190-9c0d-aa6de00e2671.xml" type="judgement" subjective="false" isExample="false" prepareDuration="0" responseDuration="0" promptShowDuration="0"><weight identifier="WEIGHT" value="5">5</weight></assessmentItemRef><assessmentItemRef identifier="b9eacf71-2051-4e41-914a-eeafcb22674d" href="AssessmentItems/ASI_b9eacf71-2051-4e41-914a-eeafcb22674d.xml" type="judgement" subjective="false" isExample="false" prepareDuration="0" responseDuration="0" promptShowDuration="0"><weight identifier="WEIGHT" value="5">5</weight></assessmentItemRef><assessmentItemRef identifier="_x0033_1b6511f-86ce-4047-89c6-865870a20b1f" href="AssessmentItems/ASI_31b6511f-86ce-4047-89c6-865870a20b1f.xml" type="judgement" subjective="false" isExample="false" prepareDuration="0" responseDuration="0" promptShowDuration="0"><weight identifier="WEIGHT" value="5">5</weight></assessmentItemRef><assessmentItemRef identifier="b575f67a-a445-4887-984c-3e691c2e0bdd" href="AssessmentItems/ASI_b575f67a-a445-4887-984c-3e691c2e0bdd.xml" type="judgement" subjective="false" isExample="false" prepareDuration="0" responseDuration="0" promptShowDuration="0"><weight identifier="WEIGHT" value="5">5</weight></assessmentItemRef></assessmentSection><assessmentSection identifier="S02" title="第二部分" visible="true" score="25" itemCount="1" optionalItemCount="0" mediaType="0" optionalItemScore="0"><endBlock /><ordering shuffle="false" /><rubricBlock view="candidate" /><assessmentItemRef identifier="_x0036_27f117f-7cd7-4397-81e9-8e004e335e97" href="AssessmentItems/ASI_627f117f-7cd7-4397-81e9-8e004e335e97.xml" type="readingComprehension" subjective="false" isExample="false" prepareDuration="0" responseDuration="0" promptShowDuration="0"><weight identifier="WEIGHT" value="25">25</weight></assessmentItemRef></assessmentSection><assessmentSection identifier="S03" title="第三部分" visible="true" score="25" itemCount="1" optionalItemCount="0" mediaType="0" optionalItemScore="0"><endBlock /><ordering shuffle="false" /><rubricBlock view="candidate" /><assessmentItemRef identifier="_x0032_5c4772b-b1ab-4399-99fe-0e35248f6cd8" href="AssessmentItems/ASI_25c4772b-b1ab-4399-99fe-0e35248f6cd8.xml" type="readingComprehension" subjective="false" isExample="false" prepareDuration="0" responseDuration="0" promptShowDuration="0"><weight identifier="WEIGHT" value="25">25</weight></assessmentItemRef></assessmentSection><assessmentSection identifier="S04" title="第四部分" visible="true" score="25" itemCount="1" optionalItemCount="0" mediaType="0" optionalItemScore="0"><endBlock /><ordering shuffle="false" /><rubricBlock view="candidate" /><assessmentItemRef identifier="ab02a883-79c8-41c0-8e9f-d5f422fb2a22" href="AssessmentItems/ASI_ab02a883-79c8-41c0-8e9f-d5f422fb2a22.xml" type="readingComprehension" subjective="false" isExample="false" prepareDuration="0" responseDuration="0" promptShowDuration="0"><weight identifier="WEIGHT" value="25">25</weight></assessmentItemRef></assessmentSection></testPart></assessmentTest>