<assessmentItem xmlns:xsi="http://www.w3.org/2001/XMLSchema-instance" xmlns:xsd="http://www.w3.org/2001/XMLSchema" xmlns="http://www.open.com.cn/schemas/exam/openqti_v1" identifier="8ffd79b5-c10d-413b-bc83-01e8d3236eed" title="阅读68" adaptive="false" timeDependent="false"><responseDeclaration identifier="RESPONSE" cardinality="single" baseType="identifier"><correctResponse><value>B</value></correctResponse></responseDeclaration><outcomeDeclaration identifier="SCORE" cardinality="single" baseType="float" normalMaximum="1"><defaultValue><value>0</value></defaultValue></outcomeDeclaration><itemBody><choiceInteraction responseIdentifier="RESPONSE" shuffle="true" maxChoices="1"><prompt>沈括是北宋时期著名的科学家。他自幼勤奋，14岁就读完了家中的藏书，后来跟随父亲去过很多地方，增长了不少见闻，晚年时写下了巨著《梦溪笔谈》，书中详细记载了天文、地理、物理、农学和医学等方面的研究成果，反映了中国古代特别是北宋时期自然科学达到的辉煌成就。</prompt><simpleChoice identifier="A">沈括有很多发明</simpleChoice><simpleChoice identifier="B">沈括小时候学习刻苦</simpleChoice><simpleChoice identifier="C">《梦溪笔谈》是部历史小说</simpleChoice><simpleChoice identifier="D">《梦溪笔谈》是沈括早期的作品</simpleChoice></choiceInteraction></itemBody><responseProcessing><responseCondition><responseIf><match><correct identifier="RESPONSE" /><variable identifier="RESPONSE" /></match><setOutcomeValue identifier="SCORE"><baseValue baseType="float">1</baseValue></setOutcomeValue></responseIf></responseCondition></responseProcessing></assessmentItem>