<assessmentItem xmlns:xsi="http://www.w3.org/2001/XMLSchema-instance" xmlns:xsd="http://www.w3.org/2001/XMLSchema" xmlns="http://www.open.com.cn/schemas/exam/openqti_v1" identifier="602fb2a5-b12b-407c-819a-0fc553f9385b" title="阅读69" adaptive="false" timeDependent="false"><responseDeclaration identifier="RESPONSE" cardinality="single" baseType="identifier"><correctResponse><value>D</value></correctResponse></responseDeclaration><outcomeDeclaration identifier="SCORE" cardinality="single" baseType="float" normalMaximum="1"><defaultValue><value>0</value></defaultValue></outcomeDeclaration><itemBody><choiceInteraction responseIdentifier="RESPONSE" shuffle="true" maxChoices="1"><prompt>火箭飞向月球需要一定的速度和质量，而火箭如此庞大，是无论如何也无法飞上天的。因此，很长一段时间，科学界一致认定：火箭根本不可能被送上月球。直到有人提出&amp;ldquo;分级火箭&amp;rdquo;的思想，这一问题才得到解决。将火箭分成若干级，第一级将其他级送出大气层时便自行脱落以减轻质量，这样火箭的其他部分就能轻松地飞向月球了。</prompt><simpleChoice identifier="A">火箭一共分两级</simpleChoice><simpleChoice identifier="B">火箭的研制费用降低了</simpleChoice><simpleChoice identifier="C">火箭目前无法送上月球</simpleChoice><simpleChoice identifier="D">火箭的第一级可自行脱落</simpleChoice></choiceInteraction></itemBody><responseProcessing><responseCondition><responseIf><match><correct identifier="RESPONSE" /><variable identifier="RESPONSE" /></match><setOutcomeValue identifier="SCORE"><baseValue baseType="float">1</baseValue></setOutcomeValue></responseIf></responseCondition></responseProcessing></assessmentItem>