<assessmentItem xmlns:xsi="http://www.w3.org/2001/XMLSchema-instance" xmlns:xsd="http://www.w3.org/2001/XMLSchema" xmlns="http://www.open.com.cn/schemas/exam/openqti_v1" identifier="d25b3207-83a7-4ca5-8f17-c3b092c74d67" title="阅读75-78" adaptive="false" timeDependent="false"><responseDeclaration identifier="RESPONSE_1" cardinality="single" baseType="identifier"><correctResponse><value>B</value></correctResponse></responseDeclaration><responseDeclaration identifier="RESPONSE_2" cardinality="single" baseType="identifier"><correctResponse><value>C</value></correctResponse></responseDeclaration><responseDeclaration identifier="RESPONSE_3" cardinality="single" baseType="identifier"><correctResponse><value>B</value></correctResponse></responseDeclaration><responseDeclaration identifier="RESPONSE_4" cardinality="single" baseType="identifier"><correctResponse><value>D</value></correctResponse></responseDeclaration><outcomeDeclaration identifier="SCORE_1" cardinality="single" baseType="float" normalMaximum="0.25"><defaultValue><value>0</value></defaultValue></outcomeDeclaration><outcomeDeclaration identifier="SCORE_2" cardinality="single" baseType="float" normalMaximum="0.25"><defaultValue><value>0</value></defaultValue></outcomeDeclaration><outcomeDeclaration identifier="SCORE_3" cardinality="single" baseType="float" normalMaximum="0.25"><defaultValue><value>0</value></defaultValue></outcomeDeclaration><outcomeDeclaration identifier="SCORE_4" cardinality="single" baseType="float" normalMaximum="0.25"><defaultValue><value>0</value></defaultValue></outcomeDeclaration><outcomeDeclaration identifier="SCORE" cardinality="single" baseType="float" normalMaximum="1"><defaultValue><value>0</value></defaultValue></outcomeDeclaration><itemBody><compositeInteraction shuffle="false"><prompt>&amp;nbsp;&amp;nbsp;&amp;nbsp;&amp;nbsp;&amp;nbsp;&lt;img alt="" align="right" style="width: 159px; height: 115px" src="d25b3207-83a7-4ca5-8f17-c3b092c74d67/201171510353619.jpg" /&gt;&amp;nbsp;&amp;nbsp; 新学期开始时，校长把三位老师叫进办公室，对他们说：&amp;ldquo;根据你们过去的教学表现，你们是本校最优秀的教师。因此，我们特意挑选了全校最聪明的100名学生组成三个班让你们教。这些学生比别的孩子都要聪明，希望你们能让他们取得更好的成绩。&amp;rdquo;三位老师都高兴地表示一定尽力。&lt;br /&gt;&amp;nbsp;&amp;nbsp;&amp;nbsp;&amp;nbsp;&amp;nbsp;&amp;nbsp;&amp;nbsp; 校长又叮嘱他们，对待这些孩子，要像平常一样，不要让孩子或家长知道他们是被特意挑选出来的。老师们都答应了。 &lt;br /&gt;&amp;nbsp;&amp;nbsp;&amp;nbsp;&amp;nbsp;&amp;nbsp;&amp;nbsp;&amp;nbsp; 一年之后，这三个班的学生成绩果然排在整个地区的前列。&lt;br /&gt;　　这时，校长告诉了老师真相：这些学生并不是刻意选出来的最优秀的学生，只不过是随机抽调的普通学生。　&lt;br /&gt;&amp;nbsp;&amp;nbsp;&amp;nbsp;&amp;nbsp;&amp;nbsp;&amp;nbsp;&amp;nbsp; 老师们没想到会是这样，经过分析，他们都认为自己的教学水平高才是真正的原因。&lt;br /&gt;&amp;nbsp;&amp;nbsp;&amp;nbsp;&amp;nbsp;&amp;nbsp;&amp;nbsp;&amp;nbsp; 这时校长又告诉他们另一个真相，那就是，他们也不是被专门挑选出来的全校最优秀的教师，也只是随机抽调的普通老师。</prompt><subItem sequenceIndex="1" itemType="singleChoice"><choiceInteraction responseIdentifier="RESPONSE_1" shuffle="true" maxChoices="1"><prompt>开始，校长跟三位老师说：</prompt><simpleChoice identifier="A">这些学生很懒</simpleChoice><simpleChoice identifier="B">他们是最棒的教师</simpleChoice><simpleChoice identifier="C">这些学生是最笨的</simpleChoice><simpleChoice identifier="D">他们受到了家长的欢迎</simpleChoice></choiceInteraction></subItem><subItem sequenceIndex="2" itemType="singleChoice"><choiceInteraction responseIdentifier="RESPONSE_2" shuffle="true" maxChoices="1"><prompt>校长希望老师怎么对待这些学生？</prompt><simpleChoice identifier="A">要多鼓励学生</simpleChoice><simpleChoice identifier="B">允许学生犯错误</simpleChoice><simpleChoice identifier="C">像普通学生那样对待</simpleChoice><simpleChoice identifier="D">要培养学生独立思考的能力</simpleChoice></choiceInteraction></subItem><subItem sequenceIndex="3" itemType="singleChoice"><choiceInteraction responseIdentifier="RESPONSE_3" shuffle="true" maxChoices="1"><prompt>老师们认为自己的教学水平怎么样？</prompt><simpleChoice identifier="A">很糟糕</simpleChoice><simpleChoice identifier="B">非常出色</simpleChoice><simpleChoice identifier="C">属于中等水平</simpleChoice><simpleChoice identifier="D">实际上很普通</simpleChoice></choiceInteraction></subItem><subItem sequenceIndex="4" itemType="singleChoice"><choiceInteraction responseIdentifier="RESPONSE_4" shuffle="true" maxChoices="1"><prompt>上文主要想告诉我们：</prompt><simpleChoice identifier="A">万事开头难</simpleChoice><simpleChoice identifier="B">不要轻信他人</simpleChoice><simpleChoice identifier="C">努力了未必能成功</simpleChoice><simpleChoice identifier="D">别人的看法对我们影响很大</simpleChoice></choiceInteraction></subItem></compositeInteraction></itemBody><responseProcessing><responseCondition><responseIf><match><correct identifier="RESPONSE_1" /><variable identifier="RESPONSE_1" /></match><setOutcomeValue identifier="SCORE_1"><baseValue baseType="float">0.25</baseValue></setOutcomeValue></responseIf></responseCondition><responseCondition><responseIf><match><correct identifier="RESPONSE_2" /><variable identifier="RESPONSE_2" /></match><setOutcomeValue identifier="SCORE_2"><baseValue baseType="float">0.25</baseValue></setOutcomeValue></responseIf></responseCondition><responseCondition><responseIf><match><correct identifier="RESPONSE_3" /><variable identifier="RESPONSE_3" /></match><setOutcomeValue identifier="SCORE_3"><baseValue baseType="float">0.25</baseValue></setOutcomeValue></responseIf></responseCondition><responseCondition><responseIf><match><correct identifier="RESPONSE_4" /><variable identifier="RESPONSE_4" /></match><setOutcomeValue identifier="SCORE_4"><baseValue baseType="float">0.25</baseValue></setOutcomeValue></responseIf></responseCondition><setOutcomeValue identifier="SCORE"><sum><variable identifier="SCORE_1" /><variable identifier="SCORE_2" /><variable identifier="SCORE_3" /><variable identifier="SCORE_4" /></sum></setOutcomeValue></responseProcessing></assessmentItem>