<assessmentItem xmlns:xsi="http://www.w3.org/2001/XMLSchema-instance" xmlns:xsd="http://www.w3.org/2001/XMLSchema" xmlns="http://www.open.com.cn/schemas/exam/openqti_v1" identifier="eaa38f80-1ead-4460-bd73-ac562e5d1255" title="听力33-35" adaptive="false" timeDependent="false"><responseDeclaration identifier="RESPONSE_1" cardinality="single" baseType="identifier"><correctResponse><value>A</value></correctResponse></responseDeclaration><responseDeclaration identifier="RESPONSE_2" cardinality="single" baseType="identifier"><correctResponse><value>A</value></correctResponse></responseDeclaration><responseDeclaration identifier="RESPONSE_3" cardinality="single" baseType="identifier"><correctResponse><value>D</value></correctResponse></responseDeclaration><outcomeDeclaration identifier="SCORE_1" cardinality="single" baseType="float" normalMaximum="0.3333"><defaultValue><value>0</value></defaultValue></outcomeDeclaration><outcomeDeclaration identifier="SCORE_2" cardinality="single" baseType="float" normalMaximum="0.3333"><defaultValue><value>0</value></defaultValue></outcomeDeclaration><outcomeDeclaration identifier="SCORE_3" cardinality="single" baseType="float" normalMaximum="0.3333"><defaultValue><value>0</value></defaultValue></outcomeDeclaration><outcomeDeclaration identifier="SCORE" cardinality="single" baseType="float" normalMaximum="1"><defaultValue><value>0</value></defaultValue></outcomeDeclaration><itemBody><compositeInteraction shuffle="false"><prompt>&lt;media src="eaa38f80-1ead-4460-bd73-ac562e5d1255/20117159162121.mp3" duration="133" repeatTimes="0" repeatInterval="0" mimeType="audio/mpeg" content=""&gt;播放音频&lt;/media&gt;</prompt><subItem sequenceIndex="1" itemType="singleChoice"><choiceInteraction responseIdentifier="RESPONSE_1" shuffle="true" maxChoices="1"><prompt /><simpleChoice identifier="A">自己学</simpleChoice><simpleChoice identifier="B">请教练教</simpleChoice><simpleChoice identifier="C">跟朋友学</simpleChoice><simpleChoice identifier="D">报了学习班</simpleChoice></choiceInteraction></subItem><subItem sequenceIndex="2" itemType="singleChoice"><choiceInteraction responseIdentifier="RESPONSE_2" shuffle="true" maxChoices="1"><prompt /><simpleChoice identifier="A">不会停</simpleChoice><simpleChoice identifier="B">不敢滑</simpleChoice><simpleChoice identifier="C">不会拐弯</simpleChoice><simpleChoice identifier="D">速度太慢</simpleChoice></choiceInteraction></subItem><subItem sequenceIndex="3" itemType="singleChoice"><choiceInteraction responseIdentifier="RESPONSE_3" shuffle="true" maxChoices="1"><prompt /><simpleChoice identifier="A">面对危险要冷静</simpleChoice><simpleChoice identifier="B">要学会选择重点</simpleChoice><simpleChoice identifier="C">方向比速度更重</simpleChoice><simpleChoice identifier="D">要学会停止，才会加速</simpleChoice></choiceInteraction></subItem></compositeInteraction></itemBody><responseProcessing><responseCondition><responseIf><match><correct identifier="RESPONSE_1" /><variable identifier="RESPONSE_1" /></match><setOutcomeValue identifier="SCORE_1"><baseValue baseType="float">0.3333</baseValue></setOutcomeValue></responseIf></responseCondition><responseCondition><responseIf><match><correct identifier="RESPONSE_2" /><variable identifier="RESPONSE_2" /></match><setOutcomeValue identifier="SCORE_2"><baseValue baseType="float">0.3333</baseValue></setOutcomeValue></responseIf></responseCondition><responseCondition><responseIf><match><correct identifier="RESPONSE_3" /><variable identifier="RESPONSE_3" /></match><setOutcomeValue identifier="SCORE_3"><baseValue baseType="float">0.3333</baseValue></setOutcomeValue></responseIf></responseCondition><setOutcomeValue identifier="SCORE"><sum><variable identifier="SCORE_1" /><variable identifier="SCORE_2" /><variable identifier="SCORE_3" /></sum></setOutcomeValue></responseProcessing></assessmentItem>