<assessmentItem xmlns:xsi="http://www.w3.org/2001/XMLSchema-instance" xmlns:xsd="http://www.w3.org/2001/XMLSchema" xmlns="http://www.open.com.cn/schemas/exam/openqti_v1" identifier="54db97ed-c16c-40b9-8620-d72915c18de4" title="阅读62" adaptive="false" timeDependent="false"><responseDeclaration identifier="RESPONSE" cardinality="single" baseType="identifier"><correctResponse><value>D</value></correctResponse></responseDeclaration><outcomeDeclaration identifier="SCORE" cardinality="single" baseType="float" normalMaximum="1"><defaultValue><value>0</value></defaultValue></outcomeDeclaration><itemBody><choiceInteraction responseIdentifier="RESPONSE" shuffle="true" maxChoices="1"><prompt>人们常常跟别人谈上几分钟，就可以猜出对方的职业，比如：&amp;ldquo;您看起来像位老师。&amp;rdquo;&amp;ldquo;您是位工程师吧？&amp;rdquo;这些话在日常生活中经常可以听到。这种判断通常是根据一个人说话时所表现出来的职业特点做出的。</prompt><simpleChoice identifier="A">不要议论他人</simpleChoice><simpleChoice identifier="B">工程师很受人们尊敬</simpleChoice><simpleChoice identifier="C">聊天儿可以增进感情</simpleChoice><simpleChoice identifier="D">谈话反映一个人的职业特点</simpleChoice></choiceInteraction></itemBody><responseProcessing><responseCondition><responseIf><match><correct identifier="RESPONSE" /><variable identifier="RESPONSE" /></match><setOutcomeValue identifier="SCORE"><baseValue baseType="float">1</baseValue></setOutcomeValue></responseIf></responseCondition></responseProcessing></assessmentItem>