<assessmentItem xmlns:xsi="http://www.w3.org/2001/XMLSchema-instance" xmlns:xsd="http://www.w3.org/2001/XMLSchema" xmlns="http://www.open.com.cn/schemas/exam/openqti_v1" identifier="dc6b7f48-33ce-4513-b745-840187103d11" title="阅读63" adaptive="false" timeDependent="false"><responseDeclaration identifier="RESPONSE" cardinality="single" baseType="identifier"><correctResponse><value>B</value></correctResponse></responseDeclaration><outcomeDeclaration identifier="SCORE" cardinality="single" baseType="float" normalMaximum="1"><defaultValue><value>0</value></defaultValue></outcomeDeclaration><itemBody><choiceInteraction responseIdentifier="RESPONSE" shuffle="true" maxChoices="1"><prompt>互联网是一个信息丰富的世界，信息交流速度快，自由度强，实现了全球信息共享。中学生可以在网上浏览世界，认识世界，了解世界最新的新闻信息、科技动态等。这极大地开阔了他们的视野，给学习、生活带来了巨大的便利和乐趣。</prompt><simpleChoice identifier="A">网络安全是个大问题</simpleChoice><simpleChoice identifier="B">网络方便了中学生的学习</simpleChoice><simpleChoice identifier="C">中学生要学会分辨信息的真假</simpleChoice><simpleChoice identifier="D">经常上网不利于小孩子的身体健康</simpleChoice></choiceInteraction></itemBody><responseProcessing><responseCondition><responseIf><match><correct identifier="RESPONSE" /><variable identifier="RESPONSE" /></match><setOutcomeValue identifier="SCORE"><baseValue baseType="float">1</baseValue></setOutcomeValue></responseIf></responseCondition></responseProcessing></assessmentItem>