<assessmentItem xmlns:xsi="http://www.w3.org/2001/XMLSchema-instance" xmlns:xsd="http://www.w3.org/2001/XMLSchema" xmlns="http://www.open.com.cn/schemas/exam/openqti_v1" identifier="67ca8cc4-c84c-42b0-ba43-b2c7d5de64fb" title="阅读87-90" adaptive="false" timeDependent="false"><responseDeclaration identifier="RESPONSE_1" cardinality="single" baseType="identifier"><correctResponse><value>D</value></correctResponse></responseDeclaration><responseDeclaration identifier="RESPONSE_2" cardinality="single" baseType="identifier"><correctResponse><value>A</value></correctResponse></responseDeclaration><responseDeclaration identifier="RESPONSE_3" cardinality="single" baseType="identifier"><correctResponse><value>A</value></correctResponse></responseDeclaration><responseDeclaration identifier="RESPONSE_4" cardinality="single" baseType="identifier"><correctResponse><value>B</value></correctResponse></responseDeclaration><outcomeDeclaration identifier="SCORE_1" cardinality="single" baseType="float" normalMaximum="0.25"><defaultValue><value>0</value></defaultValue></outcomeDeclaration><outcomeDeclaration identifier="SCORE_2" cardinality="single" baseType="float" normalMaximum="0.25"><defaultValue><value>0</value></defaultValue></outcomeDeclaration><outcomeDeclaration identifier="SCORE_3" cardinality="single" baseType="float" normalMaximum="0.25"><defaultValue><value>0</value></defaultValue></outcomeDeclaration><outcomeDeclaration identifier="SCORE_4" cardinality="single" baseType="float" normalMaximum="0.25"><defaultValue><value>0</value></defaultValue></outcomeDeclaration><outcomeDeclaration identifier="SCORE" cardinality="single" baseType="float" normalMaximum="1"><defaultValue><value>0</value></defaultValue></outcomeDeclaration><itemBody><compositeInteraction shuffle="false"><prompt>&amp;nbsp;&amp;nbsp;&amp;nbsp;&amp;nbsp;&amp;nbsp;&amp;nbsp;&lt;img alt="" align="right" style="width: 96px; height: 134px" src="67ca8cc4-c84c-42b0-ba43-b2c7d5de64fb/201171510543457.jpg" /&gt;&amp;nbsp; 一家大公司的一位高级负责人因为工作失误，给公司造成了1000万元的损失，这件事对他打击非常大。&lt;br /&gt;&amp;nbsp;&amp;nbsp;&amp;nbsp;&amp;nbsp;&amp;nbsp;&amp;nbsp;&amp;nbsp; 几天后，这位负责人接到了董事长接见的通知。在办公室里，他被告知调任同等重要的一个新职务。这一结果大大出乎他的意料，他十分惊讶地问道：&amp;ldquo;董事长，我犯了如此重大的错误，您为何不把我开除或降职？&amp;rdquo;&lt;br /&gt;&amp;nbsp;&amp;nbsp;&amp;nbsp;&amp;nbsp;&amp;nbsp;&amp;nbsp;&amp;nbsp; &amp;ldquo;如果那样处理的话，岂不是在你身上白花了1000万元的&amp;lsquo;学费&amp;rsquo;？&amp;rdquo;董事长回答说。&lt;br /&gt;&amp;nbsp;&amp;nbsp;&amp;nbsp;&amp;nbsp;&amp;nbsp;&amp;nbsp;&amp;nbsp; 谈话还不到10分钟，却给了这位高级负责人极大的鼓励和深刻的教育。他在以后的工作中，以惊人的毅力和智慧为公司的发展立下了汗马功劳。&lt;br /&gt;&amp;nbsp;&amp;nbsp;&amp;nbsp;&amp;nbsp;&amp;nbsp;&amp;nbsp;&amp;nbsp; 在这个世界上，还没有不犯错误的人，谁都希望自己犯了错误之后能得到别人的原谅。原谅别人就是信任别人，把他能够做的事交给他继续做下去。不信任的原谅，其实还算不上真正的原谅。信任是最好的原谅。&lt;br /&gt;&amp;nbsp;&amp;nbsp;&amp;nbsp;&amp;nbsp;&amp;nbsp;&amp;nbsp;&amp;nbsp; &amp;ldquo;只有一个方法，可以使过去的错误成为有价值和建设性的经历，那就是冷静地分析我们过去的错误。因错误而获益，然后忘记错误。&amp;rdquo;董事长说：&amp;ldquo;我们允许下属出错，如果哪个人在犯过几次错误之后变得&amp;lsquo;&lt;u&gt;茁壮&lt;/u&gt;&amp;rsquo;了，在公司看来是很有价值的。&amp;rdquo;</prompt><subItem sequenceIndex="1" itemType="singleChoice"><choiceInteraction responseIdentifier="RESPONSE_1" shuffle="true" maxChoices="1"><prompt>关于那位负责人，可以知道：</prompt><simpleChoice identifier="A">主动离职了</simpleChoice><simpleChoice identifier="B">提前退休了</simpleChoice><simpleChoice identifier="C">被董事长批评了</simpleChoice><simpleChoice identifier="D">继续留在了公司</simpleChoice></choiceInteraction></subItem><subItem sequenceIndex="2" itemType="singleChoice"><choiceInteraction responseIdentifier="RESPONSE_2" shuffle="true" maxChoices="1"><prompt>怎样使过去的错误成为有价值的经历？</prompt><simpleChoice identifier="A">总结教训</simpleChoice><simpleChoice identifier="B">信任别人</simpleChoice><simpleChoice identifier="C">永远不要灰心</simpleChoice><simpleChoice identifier="D">珍惜现在的生活</simpleChoice></choiceInteraction></subItem><subItem sequenceIndex="3" itemType="singleChoice"><choiceInteraction responseIdentifier="RESPONSE_3" shuffle="true" maxChoices="1"><prompt>第6段中&amp;ldquo;茁壮&amp;rdquo;的意思最可能是：</prompt><simpleChoice identifier="A">更优秀</simpleChoice><simpleChoice identifier="B">更健康</simpleChoice><simpleChoice identifier="C">更好奇</simpleChoice><simpleChoice identifier="D">更勤奋</simpleChoice></choiceInteraction></subItem><subItem sequenceIndex="4" itemType="singleChoice"><choiceInteraction responseIdentifier="RESPONSE_4" shuffle="true" maxChoices="1"><prompt>最适合做上文标题的是什么？</prompt><simpleChoice identifier="A">虚心使人进步</simpleChoice><simpleChoice identifier="B">信任是最好的原谅</simpleChoice><simpleChoice identifier="C">在竞争中取得胜利</simpleChoice><simpleChoice identifier="D">做个有价值的员工</simpleChoice></choiceInteraction></subItem></compositeInteraction></itemBody><responseProcessing><responseCondition><responseIf><match><correct identifier="RESPONSE_1" /><variable identifier="RESPONSE_1" /></match><setOutcomeValue identifier="SCORE_1"><baseValue baseType="float">0.25</baseValue></setOutcomeValue></responseIf></responseCondition><responseCondition><responseIf><match><correct identifier="RESPONSE_2" /><variable identifier="RESPONSE_2" /></match><setOutcomeValue identifier="SCORE_2"><baseValue baseType="float">0.25</baseValue></setOutcomeValue></responseIf></responseCondition><responseCondition><responseIf><match><correct identifier="RESPONSE_3" /><variable identifier="RESPONSE_3" /></match><setOutcomeValue identifier="SCORE_3"><baseValue baseType="float">0.25</baseValue></setOutcomeValue></responseIf></responseCondition><responseCondition><responseIf><match><correct identifier="RESPONSE_4" /><variable identifier="RESPONSE_4" /></match><setOutcomeValue identifier="SCORE_4"><baseValue baseType="float">0.25</baseValue></setOutcomeValue></responseIf></responseCondition><setOutcomeValue identifier="SCORE"><sum><variable identifier="SCORE_1" /><variable identifier="SCORE_2" /><variable identifier="SCORE_3" /><variable identifier="SCORE_4" /></sum></setOutcomeValue></responseProcessing></assessmentItem>