<assessmentItem xmlns:xsi="http://www.w3.org/2001/XMLSchema-instance" xmlns:xsd="http://www.w3.org/2001/XMLSchema" xmlns="http://www.open.com.cn/schemas/exam/openqti_v1" identifier="9d44889f-5219-4649-b4a0-dd5c17d28ec1" title="阅读67" adaptive="false" timeDependent="false"><responseDeclaration identifier="RESPONSE" cardinality="single" baseType="identifier"><correctResponse><value>A</value></correctResponse></responseDeclaration><outcomeDeclaration identifier="SCORE" cardinality="single" baseType="float" normalMaximum="1"><defaultValue><value>0</value></defaultValue></outcomeDeclaration><itemBody><choiceInteraction responseIdentifier="RESPONSE" shuffle="true" maxChoices="1"><prompt>汽车是现代人最常用的交通工具，很多人出行时都会选择开车或者坐车。但是，传统的汽车不仅耗费了大量的能源，对环境也造成了严重的破坏。因此，为了节约能源，保护环境，目前，世界上许多国家都在积极研发、推广新能源汽车。</prompt><simpleChoice identifier="A">新能源汽车更环保</simpleChoice><simpleChoice identifier="B">新能源汽车造价很高</simpleChoice><simpleChoice identifier="C">坐地铁比开车快很多</simpleChoice><simpleChoice identifier="D">出行要尽量乘坐公交车</simpleChoice></choiceInteraction></itemBody><responseProcessing><responseCondition><responseIf><match><correct identifier="RESPONSE" /><variable identifier="RESPONSE" /></match><setOutcomeValue identifier="SCORE"><baseValue baseType="float">1</baseValue></setOutcomeValue></responseIf></responseCondition></responseProcessing></assessmentItem>