<assessmentItem xmlns:xsi="http://www.w3.org/2001/XMLSchema-instance" xmlns:xsd="http://www.w3.org/2001/XMLSchema" xmlns="http://www.open.com.cn/schemas/exam/openqti_v1" identifier="2eff6240-1746-49ba-b0da-632f3f6ad4ee" title="阅读65" adaptive="false" timeDependent="false"><responseDeclaration identifier="RESPONSE" cardinality="single" baseType="identifier"><correctResponse><value>C</value></correctResponse></responseDeclaration><outcomeDeclaration identifier="SCORE" cardinality="single" baseType="float" normalMaximum="1"><defaultValue><value>0</value></defaultValue></outcomeDeclaration><itemBody><choiceInteraction responseIdentifier="RESPONSE" shuffle="true" maxChoices="1"><prompt>对有些人来说，兴趣广泛不一定是件好事。每个人的精力和时间是有限的，在这有限的时间里，我们真正能专心去做的事情并不是很多。如果既对这个感兴趣，又对那个感兴趣，做一会儿这个，做一会儿那个，那么到最后的结果可能就是什么都做了，但什么也没做成。</prompt><simpleChoice identifier="A">想得多未必是好事</simpleChoice><simpleChoice identifier="B">应该做一个兴趣广泛的人</simpleChoice><simpleChoice identifier="C">兴趣广泛不一定适合所有人</simpleChoice><simpleChoice identifier="D">做一件事情应该有充分的理由</simpleChoice></choiceInteraction></itemBody><responseProcessing><responseCondition><responseIf><match><correct identifier="RESPONSE" /><variable identifier="RESPONSE" /></match><setOutcomeValue identifier="SCORE"><baseValue baseType="float">1</baseValue></setOutcomeValue></responseIf></responseCondition></responseProcessing></assessmentItem>