<assessmentItem xmlns:xsi="http://www.w3.org/2001/XMLSchema-instance" xmlns:xsd="http://www.w3.org/2001/XMLSchema" xmlns="http://www.open.com.cn/schemas/exam/openqti_v1" identifier="98773999-8bf3-4077-8053-36fd1fefa4d9" title="阅读57-60" adaptive="false" timeDependent="false"><responseDeclaration identifier="RESPONSE_1" cardinality="single" baseType="identifier"><correctResponse><value>C</value></correctResponse></responseDeclaration><responseDeclaration identifier="RESPONSE_2" cardinality="single" baseType="identifier"><correctResponse><value>B</value></correctResponse></responseDeclaration><responseDeclaration identifier="RESPONSE_3" cardinality="single" baseType="identifier"><correctResponse><value>D</value></correctResponse></responseDeclaration><responseDeclaration identifier="RESPONSE_4" cardinality="single" baseType="identifier"><correctResponse><value>A</value></correctResponse></responseDeclaration><outcomeDeclaration identifier="SCORE_1" cardinality="single" baseType="float" normalMaximum="0.25"><defaultValue><value>0</value></defaultValue></outcomeDeclaration><outcomeDeclaration identifier="SCORE_2" cardinality="single" baseType="float" normalMaximum="0.25"><defaultValue><value>0</value></defaultValue></outcomeDeclaration><outcomeDeclaration identifier="SCORE_3" cardinality="single" baseType="float" normalMaximum="0.25"><defaultValue><value>0</value></defaultValue></outcomeDeclaration><outcomeDeclaration identifier="SCORE_4" cardinality="single" baseType="float" normalMaximum="0.25"><defaultValue><value>0</value></defaultValue></outcomeDeclaration><outcomeDeclaration identifier="SCORE" cardinality="single" baseType="float" normalMaximum="1"><defaultValue><value>0</value></defaultValue></outcomeDeclaration><itemBody><compositeInteraction shuffle="false"><prompt>&amp;nbsp;&amp;nbsp;&amp;nbsp;&amp;nbsp;&amp;nbsp;&amp;nbsp;&amp;nbsp; &amp;ldquo;欲速则不达&amp;rdquo;，人生不能一味追求速度，其实，&amp;ldquo;慢&amp;rdquo;也是一种生活的艺术。&lt;br /&gt;&amp;nbsp;&amp;nbsp;&amp;nbsp;&amp;nbsp;&amp;nbsp;&amp;nbsp;&amp;nbsp; &amp;ldquo;慢工出细活&amp;rdquo;，这里的&amp;ldquo;慢&amp;rdquo;并不意味着低 &lt;clozeGap responseIdentifier="RESPONSE_1" /&gt; ，而是指按计划逐步进行工作，才能达到好的效果。说话也要学会&amp;ldquo;慢&amp;rdquo;。有的人好发议论，不善于克制自己，很多话不经 &lt;clozeGap responseIdentifier="RESPONSE_2" /&gt; 脱口而出，带来不必要的麻烦。&lt;br /&gt;&amp;nbsp;&amp;nbsp;&amp;nbsp;&amp;nbsp;&amp;nbsp;&amp;nbsp;&amp;nbsp; 现代人工作忙碌，生活节奏快， &lt;clozeGap responseIdentifier="RESPONSE_3" /&gt; 。应该试着让生活节奏放慢些，吃饭要慢慢吃，开车不要超速，不要每件事都跟别人竞争，也不必每日加班&amp;hellip;&amp;hellip;现代人要想 &lt;clozeGap responseIdentifier="RESPONSE_4" /&gt;身心健康，要学会&amp;ldquo;慢&amp;rdquo;这个养生之道。</prompt><subItem sequenceIndex="1" itemType="singleChoice"><choiceInteraction responseIdentifier="RESPONSE_1" shuffle="false" maxChoices="1"><prompt /><simpleChoice identifier="A">程度</simpleChoice><simpleChoice identifier="B">信息</simpleChoice><simpleChoice identifier="C">效率</simpleChoice><simpleChoice identifier="D">优势</simpleChoice></choiceInteraction></subItem><subItem sequenceIndex="2" itemType="singleChoice"><choiceInteraction responseIdentifier="RESPONSE_2" shuffle="false" maxChoices="1"><prompt /><simpleChoice identifier="A">计算</simpleChoice><simpleChoice identifier="B">思考</simpleChoice><simpleChoice identifier="C">记录</simpleChoice><simpleChoice identifier="D">预防</simpleChoice></choiceInteraction></subItem><subItem sequenceIndex="3" itemType="singleChoice"><choiceInteraction responseIdentifier="RESPONSE_3" shuffle="false" maxChoices="1"><prompt /><simpleChoice identifier="A">喜欢回忆过去</simpleChoice><simpleChoice identifier="B">人们都十分乐观</simpleChoice><simpleChoice identifier="C">沟通变得更加容易</simpleChoice><simpleChoice identifier="D">由此带来很多压力</simpleChoice></choiceInteraction></subItem><subItem sequenceIndex="4" itemType="singleChoice"><choiceInteraction responseIdentifier="RESPONSE_4" shuffle="false" maxChoices="1"><prompt /><simpleChoice identifier="A">保持</simpleChoice><simpleChoice identifier="B">传播</simpleChoice><simpleChoice identifier="C">存在</simpleChoice><simpleChoice identifier="D">避免</simpleChoice></choiceInteraction></subItem></compositeInteraction></itemBody><responseProcessing><responseCondition><responseIf><match><correct identifier="RESPONSE_1" /><variable identifier="RESPONSE_1" /></match><setOutcomeValue identifier="SCORE_1"><baseValue baseType="float">0.25</baseValue></setOutcomeValue></responseIf></responseCondition><responseCondition><responseIf><match><correct identifier="RESPONSE_2" /><variable identifier="RESPONSE_2" /></match><setOutcomeValue identifier="SCORE_2"><baseValue baseType="float">0.25</baseValue></setOutcomeValue></responseIf></responseCondition><responseCondition><responseIf><match><correct identifier="RESPONSE_3" /><variable identifier="RESPONSE_3" /></match><setOutcomeValue identifier="SCORE_3"><baseValue baseType="float">0.25</baseValue></setOutcomeValue></responseIf></responseCondition><responseCondition><responseIf><match><correct identifier="RESPONSE_4" /><variable identifier="RESPONSE_4" /></match><setOutcomeValue identifier="SCORE_4"><baseValue baseType="float">0.25</baseValue></setOutcomeValue></responseIf></responseCondition><setOutcomeValue identifier="SCORE"><sum><variable identifier="SCORE_1" /><variable identifier="SCORE_2" /><variable identifier="SCORE_3" /><variable identifier="SCORE_4" /></sum></setOutcomeValue></responseProcessing></assessmentItem>