<assessmentItem xmlns:xsi="http://www.w3.org/2001/XMLSchema-instance" xmlns:xsd="http://www.w3.org/2001/XMLSchema" xmlns="http://www.open.com.cn/schemas/exam/openqti_v1" identifier="63ec1202-641c-4d71-b732-f4db06fb64b7" title="阅读61" adaptive="false" timeDependent="false"><responseDeclaration identifier="RESPONSE" cardinality="single" baseType="identifier"><correctResponse><value>A</value></correctResponse></responseDeclaration><outcomeDeclaration identifier="SCORE" cardinality="single" baseType="float" normalMaximum="1"><defaultValue><value>0</value></defaultValue></outcomeDeclaration><itemBody><choiceInteraction responseIdentifier="RESPONSE" shuffle="true" maxChoices="1"><prompt>樱桃是一种季节性水果，它主要分为酸樱桃和甜樱桃两种，前者主要用于食品加工，而后者则通常是即食水果，也就是说可以直接吃。新鲜的樱桃难于保存，因而其市场价格也比较高。</prompt><simpleChoice identifier="A">樱桃不易保存</simpleChoice><simpleChoice identifier="B">樱桃的产量很大</simpleChoice><simpleChoice identifier="C">酸樱桃有助于消化</simpleChoice><simpleChoice identifier="D">酸樱桃的价格比甜樱桃高</simpleChoice></choiceInteraction></itemBody><responseProcessing><responseCondition><responseIf><match><correct identifier="RESPONSE" /><variable identifier="RESPONSE" /></match><setOutcomeValue identifier="SCORE"><baseValue baseType="float">1</baseValue></setOutcomeValue></responseIf></responseCondition></responseProcessing></assessmentItem>