<assessmentItem xmlns:xsi="http://www.w3.org/2001/XMLSchema-instance" xmlns:xsd="http://www.w3.org/2001/XMLSchema" xmlns="http://www.open.com.cn/schemas/exam/openqti_v1" identifier="c4303098-5ff8-4034-b836-db6a4d6efe9b" title="阅读83-86" adaptive="false" timeDependent="false"><responseDeclaration identifier="RESPONSE_1" cardinality="single" baseType="identifier"><correctResponse><value>D</value></correctResponse></responseDeclaration><responseDeclaration identifier="RESPONSE_2" cardinality="single" baseType="identifier"><correctResponse><value>C</value></correctResponse></responseDeclaration><responseDeclaration identifier="RESPONSE_3" cardinality="single" baseType="identifier"><correctResponse><value>B</value></correctResponse></responseDeclaration><responseDeclaration identifier="RESPONSE_4" cardinality="single" baseType="identifier"><correctResponse><value>D</value></correctResponse></responseDeclaration><outcomeDeclaration identifier="SCORE_1" cardinality="single" baseType="float" normalMaximum="0.25"><defaultValue><value>0</value></defaultValue></outcomeDeclaration><outcomeDeclaration identifier="SCORE_2" cardinality="single" baseType="float" normalMaximum="0.25"><defaultValue><value>0</value></defaultValue></outcomeDeclaration><outcomeDeclaration identifier="SCORE_3" cardinality="single" baseType="float" normalMaximum="0.25"><defaultValue><value>0</value></defaultValue></outcomeDeclaration><outcomeDeclaration identifier="SCORE_4" cardinality="single" baseType="float" normalMaximum="0.25"><defaultValue><value>0</value></defaultValue></outcomeDeclaration><outcomeDeclaration identifier="SCORE" cardinality="single" baseType="float" normalMaximum="1"><defaultValue><value>0</value></defaultValue></outcomeDeclaration><itemBody><compositeInteraction shuffle="false"><prompt>&amp;nbsp;&amp;nbsp;&amp;nbsp;&amp;nbsp;&amp;nbsp;&amp;nbsp;&amp;nbsp;&lt;img alt="" align="right" style="width: 87px; height: 123px" src="c4303098-5ff8-4034-b836-db6a4d6efe9b/2011715104720135.jpg" /&gt; 有一位青年去求职，应聘几家单位都被拒之门外，感到十分沮丧。最后，他抱着一线希望又去一家公司应聘。在此之前，他先去打听了该公司老总的历史。通过了解，发现这个公司老总以前也有与自己相似的经历。他如获珍宝，在应聘时，他就与老总畅谈自己的求职经历，以及自己怀才不遇的愤慨。果然，这一席话博得了老总的赏识和同情，最终他被录用为业务经理。&lt;br /&gt;&amp;nbsp;&amp;nbsp;&amp;nbsp;&amp;nbsp;&amp;nbsp;&amp;nbsp;&amp;nbsp; 这就是所谓的&amp;ldquo;名片效应&amp;rdquo;，即两个人在交往时，如果首先表明自己与对方的态度和价值观相同，就会使对方感到你与他有很多的相似性，从而很快地缩小与你的心理距离，更愿意同你接近，结成良好的人际关系。在这里，有意识、有目的地向对方表明态度和观点，就如同名片一样，可以把自己介绍给对方。 &lt;br /&gt;&amp;nbsp;&amp;nbsp;&amp;nbsp;&amp;nbsp;&amp;nbsp;&amp;nbsp;&amp;nbsp; 恰当地使用&amp;ldquo;心理名片&amp;rdquo;，可以尽快促成人际关系的建立。但要使&amp;ldquo;心理名片&amp;rdquo;起到应有的作用，首先，要善于捕捉对方的信息，把握对方真实的态度，寻找其积极的、你可以接受的观点，制作一张有效的&amp;ldquo;心理名片&amp;rdquo;；其次，寻找时机，恰到好处地向对方出示你的&amp;ldquo;心理名片&amp;rdquo;。掌握&amp;ldquo;心理名片&amp;rdquo;的应用艺术，对于处理好人际关系具有很大的实用价值。</prompt><subItem sequenceIndex="1" itemType="singleChoice"><choiceInteraction responseIdentifier="RESPONSE_1" shuffle="true" maxChoices="1"><prompt>那位青年去那家公司应聘之前：</prompt><simpleChoice identifier="A">一直在做销售</simpleChoice><simpleChoice identifier="B">制作了新的名片</simpleChoice><simpleChoice identifier="C">买了套很正式的服装</simpleChoice><simpleChoice identifier="D">对公司老总做了些调查</simpleChoice></choiceInteraction></subItem><subItem sequenceIndex="2" itemType="singleChoice"><choiceInteraction responseIdentifier="RESPONSE_2" shuffle="true" maxChoices="1"><prompt>关于那位青年，可以知道什么？</prompt><simpleChoice identifier="A">刚刚大学毕业</simpleChoice><simpleChoice identifier="B">做过心理咨询师</simpleChoice><simpleChoice identifier="C">公司老总很欣赏他</simpleChoice><simpleChoice identifier="D">与公司老总是校友</simpleChoice></choiceInteraction></subItem><subItem sequenceIndex="3" itemType="singleChoice"><choiceInteraction responseIdentifier="RESPONSE_3" shuffle="true" maxChoices="1"><prompt>关于&amp;ldquo;名片效应&amp;rdquo;，下列哪项正确？</prompt><simpleChoice identifier="A">能提高表达能力</simpleChoice><simpleChoice identifier="B">能缩短人与人之间的距离</simpleChoice><simpleChoice identifier="C">可以为企业创造更多的利润</simpleChoice><simpleChoice identifier="D">以改变自己的价值观为基础</simpleChoice></choiceInteraction></subItem><subItem sequenceIndex="4" itemType="singleChoice"><choiceInteraction responseIdentifier="RESPONSE_4" shuffle="true" maxChoices="1"><prompt>上文主要谈的是：</prompt><simpleChoice identifier="A">怎样与领导打交道</simpleChoice><simpleChoice identifier="B">人际关系是重要资源</simpleChoice><simpleChoice identifier="C">尊重别人就是尊重自己</simpleChoice><simpleChoice identifier="D">&amp;ldquo;心理名片&amp;rdquo;的应用价值</simpleChoice></choiceInteraction></subItem></compositeInteraction></itemBody><responseProcessing><responseCondition><responseIf><match><correct identifier="RESPONSE_1" /><variable identifier="RESPONSE_1" /></match><setOutcomeValue identifier="SCORE_1"><baseValue baseType="float">0.25</baseValue></setOutcomeValue></responseIf></responseCondition><responseCondition><responseIf><match><correct identifier="RESPONSE_2" /><variable identifier="RESPONSE_2" /></match><setOutcomeValue identifier="SCORE_2"><baseValue baseType="float">0.25</baseValue></setOutcomeValue></responseIf></responseCondition><responseCondition><responseIf><match><correct identifier="RESPONSE_3" /><variable identifier="RESPONSE_3" /></match><setOutcomeValue identifier="SCORE_3"><baseValue baseType="float">0.25</baseValue></setOutcomeValue></responseIf></responseCondition><responseCondition><responseIf><match><correct identifier="RESPONSE_4" /><variable identifier="RESPONSE_4" /></match><setOutcomeValue identifier="SCORE_4"><baseValue baseType="float">0.25</baseValue></setOutcomeValue></responseIf></responseCondition><setOutcomeValue identifier="SCORE"><sum><variable identifier="SCORE_1" /><variable identifier="SCORE_2" /><variable identifier="SCORE_3" /><variable identifier="SCORE_4" /></sum></setOutcomeValue></responseProcessing></assessmentItem>