<assessmentItem xmlns:xsi="http://www.w3.org/2001/XMLSchema-instance" xmlns:xsd="http://www.w3.org/2001/XMLSchema" xmlns="http://www.open.com.cn/schemas/exam/openqti_v1" identifier="22a9006d-0693-460b-a50f-83ac091e02f6" title="阅读66" adaptive="false" timeDependent="false"><responseDeclaration identifier="RESPONSE" cardinality="single" baseType="identifier"><correctResponse><value>B</value></correctResponse></responseDeclaration><outcomeDeclaration identifier="SCORE" cardinality="single" baseType="float" normalMaximum="1"><defaultValue><value>0</value></defaultValue></outcomeDeclaration><itemBody><choiceInteraction responseIdentifier="RESPONSE" shuffle="true" maxChoices="1"><prompt>鸡蛋易碎，所以看护好鸡蛋，有一定风险。若将所有的鸡蛋都放在一个篮子里，则风险更大。因为万一失手，鸡蛋就有可能全部打碎。所以，不要把鸡蛋放在一个篮子里。这样，即使一个篮子里的鸡蛋打碎了，其他篮子里的鸡蛋还完好无损。</prompt><simpleChoice identifier="A">鸡蛋要轻拿轻放</simpleChoice><simpleChoice identifier="B">分散可以减少风险</simpleChoice><simpleChoice identifier="C">矛盾总是先产生于内部</simpleChoice><simpleChoice identifier="D">把鸡蛋放在篮子里不安全&lt;br /&gt;</simpleChoice></choiceInteraction></itemBody><responseProcessing><responseCondition><responseIf><match><correct identifier="RESPONSE" /><variable identifier="RESPONSE" /></match><setOutcomeValue identifier="SCORE"><baseValue baseType="float">1</baseValue></setOutcomeValue></responseIf></responseCondition></responseProcessing></assessmentItem>