<assessmentItem xmlns:xsi="http://www.w3.org/2001/XMLSchema-instance" xmlns:xsd="http://www.w3.org/2001/XMLSchema" xmlns="http://www.open.com.cn/schemas/exam/openqti_v1" identifier="855cc486-2a9b-4356-839f-0bdcb90115d6" title="阅读64" adaptive="false" timeDependent="false"><responseDeclaration identifier="RESPONSE" cardinality="single" baseType="identifier"><correctResponse><value>D</value></correctResponse></responseDeclaration><outcomeDeclaration identifier="SCORE" cardinality="single" baseType="float" normalMaximum="1"><defaultValue><value>0</value></defaultValue></outcomeDeclaration><itemBody><choiceInteraction responseIdentifier="RESPONSE" shuffle="true" maxChoices="1"><prompt>小孙子刚开始学认字，奶奶问他：&amp;ldquo;广字底下一个木是什么字？&amp;rdquo;小孙子毫不犹豫地回答：&amp;ldquo;床。&amp;rdquo;奶奶点了点头，又问：&amp;ldquo;那广底下两个木呢？&amp;rdquo;小孙子认真地想了想，回答说：&amp;ldquo;一个木是床，两个木当然是双人床了。&amp;rdquo;</prompt><simpleChoice identifier="A">奶奶有点儿不耐烦</simpleChoice><simpleChoice identifier="B">小孙子刚上幼儿园</simpleChoice><simpleChoice identifier="C">小孙子在学习成语</simpleChoice><simpleChoice identifier="D">小孙子认识的字不多</simpleChoice></choiceInteraction></itemBody><responseProcessing><responseCondition><responseIf><match><correct identifier="RESPONSE" /><variable identifier="RESPONSE" /></match><setOutcomeValue identifier="SCORE"><baseValue baseType="float">1</baseValue></setOutcomeValue></responseIf></responseCondition></responseProcessing></assessmentItem>