<assessmentItem xmlns:xsi="http://www.w3.org/2001/XMLSchema-instance" xmlns:xsd="http://www.w3.org/2001/XMLSchema" xmlns="http://www.open.com.cn/schemas/exam/openqti_v1" identifier="dc31c65f-b6e5-467e-9b3c-04cecd336d72" title="阅读71-74" adaptive="false" timeDependent="false"><responseDeclaration identifier="RESPONSE_1" cardinality="single" baseType="identifier"><correctResponse><value>B</value></correctResponse></responseDeclaration><responseDeclaration identifier="RESPONSE_2" cardinality="single" baseType="identifier"><correctResponse><value>D</value></correctResponse></responseDeclaration><responseDeclaration identifier="RESPONSE_3" cardinality="single" baseType="identifier"><correctResponse><value>C</value></correctResponse></responseDeclaration><responseDeclaration identifier="RESPONSE_4" cardinality="single" baseType="identifier"><correctResponse><value>A</value></correctResponse></responseDeclaration><outcomeDeclaration identifier="SCORE_1" cardinality="single" baseType="float" normalMaximum="0.25"><defaultValue><value>0</value></defaultValue></outcomeDeclaration><outcomeDeclaration identifier="SCORE_2" cardinality="single" baseType="float" normalMaximum="0.25"><defaultValue><value>0</value></defaultValue></outcomeDeclaration><outcomeDeclaration identifier="SCORE_3" cardinality="single" baseType="float" normalMaximum="0.25"><defaultValue><value>0</value></defaultValue></outcomeDeclaration><outcomeDeclaration identifier="SCORE_4" cardinality="single" baseType="float" normalMaximum="0.25"><defaultValue><value>0</value></defaultValue></outcomeDeclaration><outcomeDeclaration identifier="SCORE" cardinality="single" baseType="float" normalMaximum="1"><defaultValue><value>0</value></defaultValue></outcomeDeclaration><itemBody><compositeInteraction shuffle="false"><prompt>&amp;nbsp;&amp;nbsp;&lt;img alt="" align="right" style="width: 94px; height: 121px" src="dc31c65f-b6e5-467e-9b3c-04cecd336d72/2011715102516416.jpg" /&gt;&amp;nbsp;&amp;nbsp;&amp;nbsp;&amp;nbsp;&amp;nbsp; 一只新组装好的小钟被放到了两只旧钟跟前。两只旧钟&amp;ldquo;滴答滴答&amp;rdquo;一分一秒地走着。一只旧钟对小钟说：&amp;ldquo;来吧，你也该工作了。可是我有点儿担心，你走完3100多万次以后，恐怕便吃不消了。&amp;rdquo;&lt;br /&gt;&amp;nbsp;&amp;nbsp;&amp;nbsp;&amp;nbsp;&amp;nbsp;&amp;nbsp;&amp;nbsp; &amp;ldquo;天哪！3100多万次？&amp;rdquo;小钟吃惊不已：&amp;ldquo;要我做这么大的事？办不到，办不到。&amp;rdquo;&lt;br /&gt;&amp;nbsp;&amp;nbsp;&amp;nbsp;&amp;nbsp;&amp;nbsp;&amp;nbsp;&amp;nbsp; 但另一只旧钟却说：&amp;ldquo;别听他瞎说。不用害怕，其实你只要每秒钟&amp;ldquo;滴答&amp;rdquo;一下就行了。&amp;rdquo;&lt;br /&gt;&amp;nbsp;&amp;nbsp;&amp;nbsp;&amp;nbsp;&amp;nbsp;&amp;nbsp;&amp;nbsp; &amp;ldquo;天下哪有这样简单的事情。&amp;rdquo;小钟将信将疑。&lt;br /&gt;&amp;nbsp;&amp;nbsp;&amp;nbsp;&amp;nbsp;&amp;nbsp;&amp;nbsp;&amp;nbsp; 那只旧钟说：&amp;ldquo;那你何不试试呢？&amp;rdquo;&lt;br /&gt;&amp;nbsp;&amp;nbsp;&amp;nbsp;&amp;nbsp;&amp;nbsp;&amp;nbsp;&amp;nbsp; &amp;ldquo;好吧。&amp;rdquo;小钟很轻松地开始&amp;ldquo;滴答&amp;rdquo;起来。它每秒钟&amp;ldquo;滴答&amp;rdquo;一下，不知不觉中，一年过去了，它摆了3100多万次。&lt;br /&gt;&amp;nbsp;&amp;nbsp;&amp;nbsp;&amp;nbsp;&amp;nbsp;&amp;nbsp;&amp;nbsp; 每个人都希望梦想成真，成功却似乎远在天边，遥不可及。倦怠和不自信让我们怀疑自己的能力，最终放弃努力。其实，我们不必想一年甚至一个月之后的事，只要想着今天我要做些什么，明天我该做些什么，然后努力去完成，就像那只钟一样，每秒&amp;ldquo;滴答&amp;rdquo;一下，成功的喜悦就会慢慢渗入我们的生命。</prompt><subItem sequenceIndex="1" itemType="singleChoice"><choiceInteraction responseIdentifier="RESPONSE_1" shuffle="true" maxChoices="1"><prompt>小钟觉得什么很简单？</prompt><simpleChoice identifier="A">计算时间</simpleChoice><simpleChoice identifier="B">每秒&amp;ldquo;滴答&amp;rdquo;一下</simpleChoice><simpleChoice identifier="C">跟另外两只钟比赛</simpleChoice><simpleChoice identifier="D">一年摆3100多万次</simpleChoice></choiceInteraction></subItem><subItem sequenceIndex="2" itemType="singleChoice"><choiceInteraction responseIdentifier="RESPONSE_2" shuffle="true" maxChoices="1"><prompt>根据上文，有时候我们放弃努力是因为：</prompt><simpleChoice identifier="A">能力不够</simpleChoice><simpleChoice identifier="B">梦想不切实际</simpleChoice><simpleChoice identifier="C">不能适应新环境</simpleChoice><simpleChoice identifier="D">把困难想得太大了</simpleChoice></choiceInteraction></subItem><subItem sequenceIndex="3" itemType="singleChoice"><choiceInteraction responseIdentifier="RESPONSE_3" shuffle="true" maxChoices="1"><prompt>根据上文，下列哪项正确？</prompt><simpleChoice identifier="A">小钟被重新组装了</simpleChoice><simpleChoice identifier="B">小钟比旧钟走得快</simpleChoice><simpleChoice identifier="C">小钟&amp;ldquo;滴答&amp;rdquo;得很轻松</simpleChoice><simpleChoice identifier="D">两只旧钟对小钟不满意</simpleChoice></choiceInteraction></subItem><subItem sequenceIndex="4" itemType="singleChoice"><choiceInteraction responseIdentifier="RESPONSE_4" shuffle="true" maxChoices="1"><prompt>上文主要想告诉我们什么？</prompt><simpleChoice identifier="A">成功需要坚持</simpleChoice><simpleChoice identifier="B">不要总是找借口</simpleChoice><simpleChoice identifier="C">应该严格要求自己</simpleChoice><simpleChoice identifier="D">计划往往赶不上变化</simpleChoice></choiceInteraction></subItem></compositeInteraction></itemBody><responseProcessing><responseCondition><responseIf><match><correct identifier="RESPONSE_1" /><variable identifier="RESPONSE_1" /></match><setOutcomeValue identifier="SCORE_1"><baseValue baseType="float">0.25</baseValue></setOutcomeValue></responseIf></responseCondition><responseCondition><responseIf><match><correct identifier="RESPONSE_2" /><variable identifier="RESPONSE_2" /></match><setOutcomeValue identifier="SCORE_2"><baseValue baseType="float">0.25</baseValue></setOutcomeValue></responseIf></responseCondition><responseCondition><responseIf><match><correct identifier="RESPONSE_3" /><variable identifier="RESPONSE_3" /></match><setOutcomeValue identifier="SCORE_3"><baseValue baseType="float">0.25</baseValue></setOutcomeValue></responseIf></responseCondition><responseCondition><responseIf><match><correct identifier="RESPONSE_4" /><variable identifier="RESPONSE_4" /></match><setOutcomeValue identifier="SCORE_4"><baseValue baseType="float">0.25</baseValue></setOutcomeValue></responseIf></responseCondition><setOutcomeValue identifier="SCORE"><sum><variable identifier="SCORE_1" /><variable identifier="SCORE_2" /><variable identifier="SCORE_3" /><variable identifier="SCORE_4" /></sum></setOutcomeValue></responseProcessing></assessmentItem>