<assessmentItem xmlns:xsi="http://www.w3.org/2001/XMLSchema-instance" xmlns:xsd="http://www.w3.org/2001/XMLSchema" xmlns="http://www.open.com.cn/schemas/exam/openqti_v1" identifier="6d45e52c-271d-4141-bbcf-94cdbdaf854f" title="书写100" adaptive="false" timeDependent="false"><responseDeclaration identifier="RESPONSE" cardinality="single" baseType="string"><correctResponse><value>略</value></correctResponse></responseDeclaration><outcomeDeclaration identifier="SCORE" cardinality="single" baseType="float" normalMaximum="1"><defaultValue><value>0</value></defaultValue></outcomeDeclaration><itemBody><extendedTextInteraction responseIdentifier="RESPONSE" expectedLength="200"><prompt>请结合这张图片写一篇80字左右的短文。&lt;br /&gt;&lt;br /&gt;&lt;img width="181" height="217" alt="" src="6d45e52c-271d-4141-bbcf-94cdbdaf854f/2011715111129322.jpg" /&gt;</prompt></extendedTextInteraction></itemBody></assessmentItem>