<assessmentItem xmlns:xsi="http://www.w3.org/2001/XMLSchema-instance" xmlns:xsd="http://www.w3.org/2001/XMLSchema" xmlns="http://www.open.com.cn/schemas/exam/openqti_v1" identifier="c949479f-1cd7-42ab-a956-facd832835b8" title="阅读79-82" adaptive="false" timeDependent="false"><responseDeclaration identifier="RESPONSE_1" cardinality="single" baseType="identifier"><correctResponse><value>A</value></correctResponse></responseDeclaration><responseDeclaration identifier="RESPONSE_2" cardinality="single" baseType="identifier"><correctResponse><value>D</value></correctResponse></responseDeclaration><responseDeclaration identifier="RESPONSE_3" cardinality="single" baseType="identifier"><correctResponse><value>B</value></correctResponse></responseDeclaration><responseDeclaration identifier="RESPONSE_4" cardinality="single" baseType="identifier"><correctResponse><value>D</value></correctResponse></responseDeclaration><outcomeDeclaration identifier="SCORE_1" cardinality="single" baseType="float" normalMaximum="0.25"><defaultValue><value>0</value></defaultValue></outcomeDeclaration><outcomeDeclaration identifier="SCORE_2" cardinality="single" baseType="float" normalMaximum="0.25"><defaultValue><value>0</value></defaultValue></outcomeDeclaration><outcomeDeclaration identifier="SCORE_3" cardinality="single" baseType="float" normalMaximum="0.25"><defaultValue><value>0</value></defaultValue></outcomeDeclaration><outcomeDeclaration identifier="SCORE_4" cardinality="single" baseType="float" normalMaximum="0.25"><defaultValue><value>0</value></defaultValue></outcomeDeclaration><outcomeDeclaration identifier="SCORE" cardinality="single" baseType="float" normalMaximum="1"><defaultValue><value>0</value></defaultValue></outcomeDeclaration><itemBody><compositeInteraction shuffle="false"><prompt>&amp;nbsp;&amp;nbsp;&amp;nbsp;&amp;nbsp;&amp;nbsp;&amp;nbsp;&amp;nbsp; &lt;img alt="" align="right" style="width: 214px; height: 137px" src="c949479f-1cd7-42ab-a956-facd832835b8/2011715104116322.jpg" /&gt;一位科学家跟一位诗人搭乘同一列火车，两人互不相识。因为很无聊，科学家对诗人说：&amp;ldquo;你要不要跟我玩个游戏？&amp;rdquo;诗人看了看科学家，没有搭腔。 &lt;br /&gt;&amp;nbsp;&amp;nbsp;&amp;nbsp;&amp;nbsp;&amp;nbsp;&amp;nbsp;&amp;nbsp; 科学家继续说：&amp;ldquo;我是科学家，我们互相问对方问题，答不出来的要给5块钱，怎么样？&amp;rdquo;诗人想自己不太容易赢科学家，于是委婉地拒绝了。 &lt;br /&gt;&amp;nbsp;&amp;nbsp;&amp;nbsp;&amp;nbsp;&amp;nbsp;&amp;nbsp;&amp;nbsp; 科学家仍不死心：&amp;ldquo;这样好了，你答不出来只要给我5块，如果我答不出来，就给你50块，这样可以了吧？&amp;rdquo;诗人于是答应了他。&amp;nbsp;&lt;br /&gt;&amp;nbsp;&amp;nbsp;&amp;nbsp;&amp;nbsp;&amp;nbsp;&amp;nbsp;&amp;nbsp; 科学家问：&amp;ldquo;地球到月亮之间有多少公里？&amp;rdquo;诗人答不出来，直接拿了5块给科学家。 &lt;br /&gt;&amp;nbsp;&amp;nbsp;&amp;nbsp;&amp;nbsp;&amp;nbsp;&amp;nbsp;&amp;nbsp; 接着，诗人问：&amp;ldquo;什么东西上山时是四条腿，下山时是五条腿？&amp;rdquo;科学家迷惑地看着诗人，拿出了几张纸，开始在上面计算着，一直到火车到站的时候，他也没算出答案是什么，只好拿了50块给诗人。 &lt;br /&gt;&amp;nbsp;&amp;nbsp;&amp;nbsp;&amp;nbsp;&amp;nbsp;&amp;nbsp;&amp;nbsp; 科学家最后便问：&amp;ldquo;那答案是什么？告诉我吧。&amp;rdquo;只见诗人耸耸肩，拿了5块钱给他，然后得意地走了。</prompt><subItem sequenceIndex="1" itemType="singleChoice"><choiceInteraction responseIdentifier="RESPONSE_1" shuffle="true" maxChoices="1"><prompt>科学家为什么提出要玩游戏？</prompt><simpleChoice identifier="A">觉得无聊</simpleChoice><simpleChoice identifier="B">想认识诗人</simpleChoice><simpleChoice identifier="C">想换一些零钱</simpleChoice><simpleChoice identifier="D">要证明自己比诗人聪明</simpleChoice></choiceInteraction></subItem><subItem sequenceIndex="2" itemType="singleChoice"><choiceInteraction responseIdentifier="RESPONSE_2" shuffle="true" maxChoices="1"><prompt>诗人刚开始为什么拒绝玩游戏？</prompt><simpleChoice identifier="A">没有带钱</simpleChoice><simpleChoice identifier="B">担心被骗</simpleChoice><simpleChoice identifier="C">他的运气太差</simpleChoice><simpleChoice identifier="D">觉得赢的可能性小</simpleChoice></choiceInteraction></subItem><subItem sequenceIndex="3" itemType="singleChoice"><choiceInteraction responseIdentifier="RESPONSE_3" shuffle="true" maxChoices="1"><prompt>关于诗人，可以知道什么？</prompt><simpleChoice identifier="A">提了两个问题</simpleChoice><simpleChoice identifier="B">最后赢了40块钱</simpleChoice><simpleChoice identifier="C">懂得很多科学知识</simpleChoice><simpleChoice identifier="D">获得了科学家的赞美</simpleChoice></choiceInteraction></subItem><subItem sequenceIndex="4" itemType="singleChoice"><choiceInteraction responseIdentifier="RESPONSE_4" shuffle="true" maxChoices="1"><prompt>根据上文，下列哪项正确？</prompt><simpleChoice identifier="A">科学家很感激诗人</simpleChoice><simpleChoice identifier="B">诗人认为游戏不公平</simpleChoice><simpleChoice identifier="C">科学家比诗人先上火车</simpleChoice><simpleChoice identifier="D">诗人也不知道问题的答案</simpleChoice></choiceInteraction></subItem></compositeInteraction></itemBody><responseProcessing><responseCondition><responseIf><match><correct identifier="RESPONSE_1" /><variable identifier="RESPONSE_1" /></match><setOutcomeValue identifier="SCORE_1"><baseValue baseType="float">0.25</baseValue></setOutcomeValue></responseIf></responseCondition><responseCondition><responseIf><match><correct identifier="RESPONSE_2" /><variable identifier="RESPONSE_2" /></match><setOutcomeValue identifier="SCORE_2"><baseValue baseType="float">0.25</baseValue></setOutcomeValue></responseIf></responseCondition><responseCondition><responseIf><match><correct identifier="RESPONSE_3" /><variable identifier="RESPONSE_3" /></match><setOutcomeValue identifier="SCORE_3"><baseValue baseType="float">0.25</baseValue></setOutcomeValue></responseIf></responseCondition><responseCondition><responseIf><match><correct identifier="RESPONSE_4" /><variable identifier="RESPONSE_4" /></match><setOutcomeValue identifier="SCORE_4"><baseValue baseType="float">0.25</baseValue></setOutcomeValue></responseIf></responseCondition><setOutcomeValue identifier="SCORE"><sum><variable identifier="SCORE_1" /><variable identifier="SCORE_2" /><variable identifier="SCORE_3" /><variable identifier="SCORE_4" /></sum></setOutcomeValue></responseProcessing></assessmentItem>