<assessmentItem xmlns:xsi="http://www.w3.org/2001/XMLSchema-instance" xmlns:xsd="http://www.w3.org/2001/XMLSchema" xmlns="http://www.open.com.cn/schemas/exam/openqti_v1" identifier="2a056662-c2a9-4765-afcd-083c3d8d300f" title="书写94" adaptive="false" timeDependent="false"><responseDeclaration identifier="RESPONSE" cardinality="ordered" baseType="identifier"><correctResponse><value>A</value><value>B</value><value>E</value><value>D</value><value>C</value></correctResponse></responseDeclaration><outcomeDeclaration identifier="SCORE" cardinality="single" baseType="float" normalMaximum="1"><defaultValue><value>0</value></defaultValue></outcomeDeclaration><itemBody><orderInteraction responseIdentifier="RESPONSE" shuffle="false" orientation="horizontal"><prompt /><simpleChoice identifier="A">做</simpleChoice><simpleChoice identifier="B">心脏手术</simpleChoice><simpleChoice identifier="C">风险</simpleChoice><simpleChoice identifier="D">一定的</simpleChoice><simpleChoice identifier="E">有</simpleChoice></orderInteraction></itemBody><responseProcessing><responseCondition><responseIf><match><correct identifier="RESPONSE" /><variable identifier="RESPONSE" /></match><setOutcomeValue identifier="SCORE"><baseValue baseType="float">1</baseValue></setOutcomeValue></responseIf></responseCondition></responseProcessing></assessmentItem>