<assessmentItem xmlns:xsi="http://www.w3.org/2001/XMLSchema-instance" xmlns:xsd="http://www.w3.org/2001/XMLSchema" xmlns="http://www.open.com.cn/schemas/exam/openqti_v1" identifier="a8ad5e2d-757c-4f1d-b574-9604162a64c5" title="阅读70" adaptive="false" timeDependent="false"><responseDeclaration identifier="RESPONSE" cardinality="single" baseType="identifier"><correctResponse><value>A</value></correctResponse></responseDeclaration><outcomeDeclaration identifier="SCORE" cardinality="single" baseType="float" normalMaximum="1"><defaultValue><value>0</value></defaultValue></outcomeDeclaration><itemBody><choiceInteraction responseIdentifier="RESPONSE" shuffle="true" maxChoices="1"><prompt>早在两亿多年前，海龟就出现在地球上了。海龟的寿命最长可达152年，是动物中当之无愧的老寿星。因此，人们把龟视为长寿的象征。目前海洋中共有8种海龟，有4种产于中国，主要分布在山东、福建、海南、浙江和广东沿海，其中数量最多的是绿海龟。</prompt><simpleChoice identifier="A">海龟的寿命普遍很长</simpleChoice><simpleChoice identifier="B">海龟是最古老的动物</simpleChoice><simpleChoice identifier="C">海龟的药用价值很高</simpleChoice><simpleChoice identifier="D">中国海龟的数量较少</simpleChoice></choiceInteraction></itemBody><responseProcessing><responseCondition><responseIf><match><correct identifier="RESPONSE" /><variable identifier="RESPONSE" /></match><setOutcomeValue identifier="SCORE"><baseValue baseType="float">1</baseValue></setOutcomeValue></responseIf></responseCondition></responseProcessing></assessmentItem>