<assessmentTest xmlns:xsi="http://www.w3.org/2001/XMLSchema-instance" xmlns:xsd="http://www.w3.org/2001/XMLSchema" identifier="aa1d599d-03b1-e011-abdb-005056b834eb" title="HSK五级1107（H51114）" xmlns="http://www.open.com.cn/schemas/exam/openqti_v1"><outcomeDeclaration identifier="SCORE" cardinality="single" baseType="float" /><testPart identifier="P01" navigationMode="linear" submissionMode="simultaneous"><rubricBlock view="candidate"><prompt>听力&lt;media src="aa1d599d-03b1-e011-abdb-005056b834eb\P01\201171813535650.mp3" mimeType="audio/mpeg" content="" duration="60" repeatInterval="0" repeatTimes="0"&gt;答题说明&lt;/media&gt;</prompt></rubricBlock><endBlock><prompt>&lt;media src="aa1d599d-03b1-e011-abdb-005056b834eb\P01\20141017105015146.mp3" mimeType="audio/mpeg" content="" duration="4" repeatInterval="0" repeatTimes="0"&gt;模块结束音频&lt;/media&gt;</prompt></endBlock><timeLimits maxTime="2113" checkTime="300" /><assessmentSection identifier="S01" title="第一部分" visible="true" score="40" itemCount="20" optionalItemCount="0" mediaType="1" optionalItemScore="0"><endBlock /><ordering shuffle="false" /><rubricBlock view="candidate"><prompt>请选出正确答案。&lt;media src="aa1d599d-03b1-e011-abdb-005056b834eb\P01\S01\2011718135340244.mp3" mimeType="audio/mpeg" content="" duration="8" repeatInterval="0" repeatTimes="0"&gt;答题说明&lt;/media&gt;</prompt></rubricBlock><assessmentItemRef identifier="_x0033_0283e99-0cbf-4777-9b88-731c93ee3df8" href="AssessmentItems/ASI_30283e99-0cbf-4777-9b88-731c93ee3df8.xml" type="singleChoice" subjective="false" isExample="false" prepareDuration="0" responseDuration="13" promptShowDuration="0"><media mimeType="audio/mpeg" src="30283e99-0cbf-4777-9b88-731c93ee3df8\2011714174133637.mp3" duration="25" content="" repeatTimes="0" repeatInterval="0">播放音频</media><weight identifier="WEIGHT" value="2">2</weight></assessmentItemRef><assessmentItemRef identifier="_x0039_52ea656-f599-45a3-9fe7-ed9cc440e4e8" href="AssessmentItems/ASI_952ea656-f599-45a3-9fe7-ed9cc440e4e8.xml" type="singleChoice" subjective="false" isExample="false" prepareDuration="0" responseDuration="13" promptShowDuration="0"><media mimeType="audio/mpeg" src="952ea656-f599-45a3-9fe7-ed9cc440e4e8\2011714174233309.mp3" duration="17" content="" repeatTimes="0" repeatInterval="0">播放音频</media><weight identifier="WEIGHT" value="2">2</weight></assessmentItemRef><assessmentItemRef identifier="_x0036_e47c378-2d50-4083-8334-5abbde743de5" href="AssessmentItems/ASI_6e47c378-2d50-4083-8334-5abbde743de5.xml" type="singleChoice" subjective="false" isExample="false" prepareDuration="0" responseDuration="13" promptShowDuration="0"><media mimeType="audio/mpeg" src="6e47c378-2d50-4083-8334-5abbde743de5\2011714174355746.mp3" duration="18" content="" repeatTimes="0" repeatInterval="0">播放音频</media><weight identifier="WEIGHT" value="2">2</weight></assessmentItemRef><assessmentItemRef identifier="_x0032_c719a9c-a001-4393-afa6-5ecc9b8029be" href="AssessmentItems/ASI_2c719a9c-a001-4393-afa6-5ecc9b8029be.xml" type="singleChoice" subjective="false" isExample="false" prepareDuration="0" responseDuration="13" promptShowDuration="0"><media mimeType="audio/mpeg" src="2c719a9c-a001-4393-afa6-5ecc9b8029be\2011714174445200.mp3" duration="18" content="" repeatTimes="0" repeatInterval="0">播放音频</media><weight identifier="WEIGHT" value="2">2</weight></assessmentItemRef><assessmentItemRef identifier="_x0039_8776fd3-9705-4e56-92a2-49ee6b8451ea" href="AssessmentItems/ASI_98776fd3-9705-4e56-92a2-49ee6b8451ea.xml" type="singleChoice" subjective="false" isExample="false" prepareDuration="0" responseDuration="13" promptShowDuration="0"><media mimeType="audio/mpeg" src="98776fd3-9705-4e56-92a2-49ee6b8451ea\2011714174540153.mp3" duration="16" content="" repeatTimes="0" repeatInterval="0">播放音频</media><weight identifier="WEIGHT" value="2">2</weight></assessmentItemRef><assessmentItemRef identifier="fd6e71f4-1d3e-4ba0-aa87-215fc5c24d32" href="AssessmentItems/ASI_fd6e71f4-1d3e-4ba0-aa87-215fc5c24d32.xml" type="singleChoice" subjective="false" isExample="false" prepareDuration="0" responseDuration="13" promptShowDuration="0"><media mimeType="audio/mpeg" src="fd6e71f4-1d3e-4ba0-aa87-215fc5c24d32\2011714174643559.mp3" duration="17" content="" repeatTimes="0" repeatInterval="0">播放音频</media><weight identifier="WEIGHT" value="2">2</weight></assessmentItemRef><assessmentItemRef identifier="_x0030_2f33327-7e70-44f2-a8bf-8d4868654419" href="AssessmentItems/ASI_02f33327-7e70-44f2-a8bf-8d4868654419.xml" type="singleChoice" subjective="false" isExample="false" prepareDuration="0" responseDuration="13" promptShowDuration="0"><media mimeType="audio/mpeg" src="02f33327-7e70-44f2-a8bf-8d4868654419\2011714174813606.mp3" duration="18" content="" repeatTimes="0" repeatInterval="0">播放音频</media><weight identifier="WEIGHT" value="2">2</weight></assessmentItemRef><assessmentItemRef identifier="cc903311-a113-4b04-830c-73b32f8f5313" href="AssessmentItems/ASI_cc903311-a113-4b04-830c-73b32f8f5313.xml" type="singleChoice" subjective="false" isExample="false" prepareDuration="0" responseDuration="13" promptShowDuration="0"><media mimeType="audio/mpeg" src="cc903311-a113-4b04-830c-73b32f8f5313\2011714174931356.mp3" duration="19" content="" repeatTimes="0" repeatInterval="0">播放音频</media><weight identifier="WEIGHT" value="2">2</weight></assessmentItemRef><assessmentItemRef identifier="b2d988e3-b978-48f4-9c61-35b17c6e9acc" href="AssessmentItems/ASI_b2d988e3-b978-48f4-9c61-35b17c6e9acc.xml" type="singleChoice" subjective="false" isExample="false" prepareDuration="0" responseDuration="13" promptShowDuration="0"><media mimeType="audio/mpeg" src="b2d988e3-b978-48f4-9c61-35b17c6e9acc\2011714175114918.mp3" duration="21" content="" repeatTimes="0" repeatInterval="0">播放音频</media><weight identifier="WEIGHT" value="2">2</weight></assessmentItemRef><assessmentItemRef identifier="b6c0b725-f3d2-4750-94d7-04b95ea97a55" href="AssessmentItems/ASI_b6c0b725-f3d2-4750-94d7-04b95ea97a55.xml" type="singleChoice" subjective="false" isExample="false" prepareDuration="0" responseDuration="13" promptShowDuration="0"><media mimeType="audio/mpeg" src="b6c0b725-f3d2-4750-94d7-04b95ea97a55\201171417526418.mp3" duration="17" content="" repeatTimes="0" repeatInterval="0">播放音频</media><weight identifier="WEIGHT" value="2">2</weight></assessmentItemRef><assessmentItemRef identifier="_x0036_4db55d3-3644-4c13-804f-a8a5bcf36e64" href="AssessmentItems/ASI_64db55d3-3644-4c13-804f-a8a5bcf36e64.xml" type="singleChoice" subjective="false" isExample="false" prepareDuration="0" responseDuration="13" promptShowDuration="0"><media mimeType="audio/mpeg" src="64db55d3-3644-4c13-804f-a8a5bcf36e64\201171417531028.mp3" duration="19" content="" repeatTimes="0" repeatInterval="0">播放音频</media><weight identifier="WEIGHT" value="2">2</weight></assessmentItemRef><assessmentItemRef identifier="_x0038_f15b5ff-becc-4eda-bc8f-d384783c88fa" href="AssessmentItems/ASI_8f15b5ff-becc-4eda-bc8f-d384783c88fa.xml" type="singleChoice" subjective="false" isExample="false" prepareDuration="0" responseDuration="13" promptShowDuration="0"><media mimeType="audio/mpeg" src="8f15b5ff-becc-4eda-bc8f-d384783c88fa\201171417547887.mp3" duration="23" content="" repeatTimes="0" repeatInterval="0">播放音频</media><weight identifier="WEIGHT" value="2">2</weight></assessmentItemRef><assessmentItemRef identifier="_x0034_50137dc-7a5e-48f6-9b8e-490e2cc9638c" href="AssessmentItems/ASI_450137dc-7a5e-48f6-9b8e-490e2cc9638c.xml" type="singleChoice" subjective="false" isExample="false" prepareDuration="0" responseDuration="13" promptShowDuration="0"><media mimeType="audio/mpeg" src="450137dc-7a5e-48f6-9b8e-490e2cc9638c\2011714175518371.mp3" duration="18" content="" repeatTimes="0" repeatInterval="0">播放音频</media><weight identifier="WEIGHT" value="2">2</weight></assessmentItemRef><assessmentItemRef identifier="_x0030_2d4bd7b-d406-4166-8991-329c2cbc558c" href="AssessmentItems/ASI_02d4bd7b-d406-4166-8991-329c2cbc558c.xml" type="singleChoice" subjective="false" isExample="false" prepareDuration="0" responseDuration="13" promptShowDuration="0"><media mimeType="audio/mpeg" src="02d4bd7b-d406-4166-8991-329c2cbc558c\2011714175629293.mp3" duration="19" content="" repeatTimes="0" repeatInterval="0">播放音频</media><weight identifier="WEIGHT" value="2">2</weight></assessmentItemRef><assessmentItemRef identifier="_x0032_e5d2bf0-2510-4470-a905-e94e66c53894" href="AssessmentItems/ASI_2e5d2bf0-2510-4470-a905-e94e66c53894.xml" type="singleChoice" subjective="false" isExample="false" prepareDuration="0" responseDuration="13" promptShowDuration="0"><media mimeType="audio/mpeg" src="2e5d2bf0-2510-4470-a905-e94e66c53894\2011714175746903.mp3" duration="19" content="" repeatTimes="0" repeatInterval="0">播放音频</media><weight identifier="WEIGHT" value="2">2</weight></assessmentItemRef><assessmentItemRef identifier="_x0038_9026928-3642-4eb4-b0e0-5d6b987dac85" href="AssessmentItems/ASI_89026928-3642-4eb4-b0e0-5d6b987dac85.xml" type="singleChoice" subjective="false" isExample="false" prepareDuration="0" responseDuration="13" promptShowDuration="0"><media mimeType="audio/mpeg" src="89026928-3642-4eb4-b0e0-5d6b987dac85\2011714175912262.mp3" duration="15" content="" repeatTimes="0" repeatInterval="0">播放音频</media><weight identifier="WEIGHT" value="2">2</weight></assessmentItemRef><assessmentItemRef identifier="bb5e422b-c578-4ace-82f1-2fe4fab14672" href="AssessmentItems/ASI_bb5e422b-c578-4ace-82f1-2fe4fab14672.xml" type="singleChoice" subjective="false" isExample="false" prepareDuration="0" responseDuration="13" promptShowDuration="0"><media mimeType="audio/mpeg" src="bb5e422b-c578-4ace-82f1-2fe4fab14672\201171418027637.mp3" duration="19" content="" repeatTimes="0" repeatInterval="0">播放音频</media><weight identifier="WEIGHT" value="2">2</weight></assessmentItemRef><assessmentItemRef identifier="c320f767-9850-4126-8d5f-35493b00c6b4" href="AssessmentItems/ASI_c320f767-9850-4126-8d5f-35493b00c6b4.xml" type="singleChoice" subjective="false" isExample="false" prepareDuration="0" responseDuration="13" promptShowDuration="0"><media mimeType="audio/mpeg" src="c320f767-9850-4126-8d5f-35493b00c6b4\20117141822606.mp3" duration="17" content="" repeatTimes="0" repeatInterval="0">播放音频</media><weight identifier="WEIGHT" value="2">2</weight></assessmentItemRef><assessmentItemRef identifier="f225747b-6604-40d3-b328-697148a57e7a" href="AssessmentItems/ASI_f225747b-6604-40d3-b328-697148a57e7a.xml" type="singleChoice" subjective="false" isExample="false" prepareDuration="0" responseDuration="13" promptShowDuration="0"><media mimeType="audio/mpeg" src="f225747b-6604-40d3-b328-697148a57e7a\20117141839856.mp3" duration="18" content="" repeatTimes="0" repeatInterval="0">播放音频</media><weight identifier="WEIGHT" value="2">2</weight></assessmentItemRef><assessmentItemRef identifier="de930064-1533-4425-9994-bb554890c872" href="AssessmentItems/ASI_de930064-1533-4425-9994-bb554890c872.xml" type="singleChoice" subjective="false" isExample="false" prepareDuration="0" responseDuration="13" promptShowDuration="0"><media mimeType="audio/mpeg" src="de930064-1533-4425-9994-bb554890c872\20117141846731.mp3" duration="19" content="" repeatTimes="0" repeatInterval="0">播放音频</media><weight identifier="WEIGHT" value="2">2</weight></assessmentItemRef></assessmentSection><assessmentSection identifier="S02" title="第二部分" visible="true" score="60" itemCount="16" optionalItemCount="0" mediaType="1" optionalItemScore="0"><endBlock /><ordering shuffle="false" /><rubricBlock view="candidate"><prompt>请选出正确答案。&lt;media src="aa1d599d-03b1-e011-abdb-005056b834eb\P01\S02\2011718135621135.mp3" mimeType="audio/mpeg" content="" duration="9" repeatInterval="0" repeatTimes="0"&gt;答题说明&lt;/media&gt;</prompt></rubricBlock><assessmentItemRef identifier="_x0038_d3689c4-3e56-4604-846e-8b5da1378555" href="AssessmentItems/ASI_8d3689c4-3e56-4604-846e-8b5da1378555.xml" type="singleChoice" subjective="false" isExample="false" prepareDuration="0" responseDuration="14" promptShowDuration="0"><media mimeType="audio/mpeg" src="8d3689c4-3e56-4604-846e-8b5da1378555\201171585534762.mp3" duration="31" content="" repeatTimes="0" repeatInterval="0">播放音频</media><weight identifier="WEIGHT" value="2">2</weight></assessmentItemRef><assessmentItemRef identifier="_x0034_570a774-6367-4853-a15d-1d902a1606c5" href="AssessmentItems/ASI_4570a774-6367-4853-a15d-1d902a1606c5.xml" type="singleChoice" subjective="false" isExample="false" prepareDuration="0" responseDuration="14" promptShowDuration="0"><media mimeType="audio/mpeg" src="4570a774-6367-4853-a15d-1d902a1606c5\201171585637418.mp3" duration="28" content="" repeatTimes="0" repeatInterval="0">播放音频</media><weight identifier="WEIGHT" value="2">2</weight></assessmentItemRef><assessmentItemRef identifier="_x0030_8cab20d-524b-4e63-9399-1a465e1caf05" href="AssessmentItems/ASI_08cab20d-524b-4e63-9399-1a465e1caf05.xml" type="singleChoice" subjective="false" isExample="false" prepareDuration="0" responseDuration="14" promptShowDuration="0"><media mimeType="audio/mpeg" src="08cab20d-524b-4e63-9399-1a465e1caf05\201171585730309.mp3" duration="29" content="" repeatTimes="0" repeatInterval="0">播放音频</media><weight identifier="WEIGHT" value="2">2</weight></assessmentItemRef><assessmentItemRef identifier="_x0039_7bed385-37c7-459b-bcb7-30d5a1ec8f6d" href="AssessmentItems/ASI_97bed385-37c7-459b-bcb7-30d5a1ec8f6d.xml" type="singleChoice" subjective="false" isExample="false" prepareDuration="0" responseDuration="14" promptShowDuration="0"><media mimeType="audio/mpeg" src="97bed385-37c7-459b-bcb7-30d5a1ec8f6d\20117158581675.mp3" duration="28" content="" repeatTimes="0" repeatInterval="0">播放音频</media><weight identifier="WEIGHT" value="2">2</weight></assessmentItemRef><assessmentItemRef identifier="ec4a233b-2855-4b31-a11b-6c6487d516c1" href="AssessmentItems/ASI_ec4a233b-2855-4b31-a11b-6c6487d516c1.xml" type="singleChoice" subjective="false" isExample="false" prepareDuration="0" responseDuration="14" promptShowDuration="0"><media mimeType="audio/mpeg" src="ec4a233b-2855-4b31-a11b-6c6487d516c1\201171585918559.mp3" duration="21" content="" repeatTimes="0" repeatInterval="0">播放音频</media><weight identifier="WEIGHT" value="2">2</weight></assessmentItemRef><assessmentItemRef identifier="c81e2243-c2a1-41a1-9732-16bbc2aa1abe" href="AssessmentItems/ASI_c81e2243-c2a1-41a1-9732-16bbc2aa1abe.xml" type="singleChoice" subjective="false" isExample="false" prepareDuration="0" responseDuration="14" promptShowDuration="0"><media mimeType="audio/mpeg" src="c81e2243-c2a1-41a1-9732-16bbc2aa1abe\20117159057543.mp3" duration="25" content="" repeatTimes="0" repeatInterval="0">播放音频</media><weight identifier="WEIGHT" value="2.5">2.5</weight></assessmentItemRef><assessmentItemRef identifier="_x0035_1ccbe6f-5ac4-4551-97de-81ba5d55696a" href="AssessmentItems/ASI_51ccbe6f-5ac4-4551-97de-81ba5d55696a.xml" type="singleChoice" subjective="false" isExample="false" prepareDuration="0" responseDuration="14" promptShowDuration="0"><media mimeType="audio/mpeg" src="51ccbe6f-5ac4-4551-97de-81ba5d55696a\20117159229309.mp3" duration="24" content="" repeatTimes="0" repeatInterval="0">播放音频</media><weight identifier="WEIGHT" value="2.5">2.5</weight></assessmentItemRef><assessmentItemRef identifier="_x0031_72c8f87-6b06-4ba8-9382-223f5f4db7d5" href="AssessmentItems/ASI_172c8f87-6b06-4ba8-9382-223f5f4db7d5.xml" type="singleChoice" subjective="false" isExample="false" prepareDuration="0" responseDuration="14" promptShowDuration="0"><media mimeType="audio/mpeg" src="172c8f87-6b06-4ba8-9382-223f5f4db7d5\20117159355746.mp3" duration="23" content="" repeatTimes="0" repeatInterval="0">播放音频</media><weight identifier="WEIGHT" value="2.5">2.5</weight></assessmentItemRef><assessmentItemRef identifier="_x0039_52206ac-3932-4039-941d-7da8b1dfc965" href="AssessmentItems/ASI_952206ac-3932-4039-941d-7da8b1dfc965.xml" type="singleChoice" subjective="false" isExample="false" prepareDuration="0" responseDuration="14" promptShowDuration="0"><media mimeType="audio/mpeg" src="952206ac-3932-4039-941d-7da8b1dfc965\20117159511481.mp3" duration="23" content="" repeatTimes="0" repeatInterval="0">播放音频</media><weight identifier="WEIGHT" value="2.5">2.5</weight></assessmentItemRef><assessmentItemRef identifier="_x0038_b048362-7bf2-4eb5-9a5d-13e80abf6029" href="AssessmentItems/ASI_8b048362-7bf2-4eb5-9a5d-13e80abf6029.xml" type="singleChoice" subjective="false" isExample="false" prepareDuration="0" responseDuration="14" promptShowDuration="0"><media mimeType="audio/mpeg" src="8b048362-7bf2-4eb5-9a5d-13e80abf6029\20117159741309.mp3" duration="24" content="" repeatTimes="0" repeatInterval="0">播放音频</media><weight identifier="WEIGHT" value="2.5">2.5</weight></assessmentItemRef><assessmentItemRef identifier="_x0030_2bb9117-7395-4924-8c11-bf88f489a6b1" href="AssessmentItems/ASI_02bb9117-7395-4924-8c11-bf88f489a6b1.xml" type="readingComprehension" subjective="false" isExample="false" prepareDuration="0" responseDuration="14" promptShowDuration="0"><media mimeType="audio/mpeg" src="02bb9117-7395-4924-8c11-bf88f489a6b1\201171591329965.mp3" duration="82" content="" repeatTimes="0" repeatInterval="0">播放音频</media><weight identifier="WEIGHT" value="5">5</weight></assessmentItemRef><assessmentItemRef identifier="eaa38f80-1ead-4460-bd73-ac562e5d1255" href="AssessmentItems/ASI_eaa38f80-1ead-4460-bd73-ac562e5d1255.xml" type="readingComprehension" subjective="false" isExample="false" prepareDuration="0" responseDuration="14" promptShowDuration="0"><media mimeType="audio/mpeg" src="eaa38f80-1ead-4460-bd73-ac562e5d1255\20117159162121.mp3" duration="133" content="" repeatTimes="0" repeatInterval="0">播放音频</media><weight identifier="WEIGHT" value="7.5">7.5</weight></assessmentItemRef><assessmentItemRef identifier="f2142ae1-8bd6-456d-b231-6a1402be2e18" href="AssessmentItems/ASI_f2142ae1-8bd6-456d-b231-6a1402be2e18.xml" type="readingComprehension" subjective="false" isExample="false" prepareDuration="0" responseDuration="14" promptShowDuration="0"><media mimeType="audio/mpeg" src="f2142ae1-8bd6-456d-b231-6a1402be2e18\201171591943137.mp3" duration="125" content="" repeatTimes="0" repeatInterval="0">播放音频</media><weight identifier="WEIGHT" value="7.5">7.5</weight></assessmentItemRef><assessmentItemRef identifier="_x0038_8b2f8b7-a9aa-4533-a91f-87ad280f1030" href="AssessmentItems/ASI_88b2f8b7-a9aa-4533-a91f-87ad280f1030.xml" type="readingComprehension" subjective="false" isExample="false" prepareDuration="0" responseDuration="14" promptShowDuration="0"><media mimeType="audio/mpeg" src="88b2f8b7-a9aa-4533-a91f-87ad280f1030\201171592452856.mp3" duration="127" content="" repeatTimes="0" repeatInterval="0">播放音频</media><weight identifier="WEIGHT" value="7.5">7.5</weight></assessmentItemRef><assessmentItemRef identifier="_x0034_373df64-9756-4251-af93-8764c771e859" href="AssessmentItems/ASI_4373df64-9756-4251-af93-8764c771e859.xml" type="readingComprehension" subjective="false" isExample="false" prepareDuration="0" responseDuration="14" promptShowDuration="0"><media mimeType="audio/mpeg" src="4373df64-9756-4251-af93-8764c771e859\20117159414788.mp3" duration="79" content="" repeatTimes="0" repeatInterval="0">播放音频</media><weight identifier="WEIGHT" value="5">5</weight></assessmentItemRef><assessmentItemRef identifier="_x0032_b3a1709-b80f-43b9-b991-ab192111a9e8" href="AssessmentItems/ASI_2b3a1709-b80f-43b9-b991-ab192111a9e8.xml" type="readingComprehension" subjective="false" isExample="false" prepareDuration="0" responseDuration="14" promptShowDuration="0"><media mimeType="audio/mpeg" src="2b3a1709-b80f-43b9-b991-ab192111a9e8\201171594416166.mp3" duration="74" content="" repeatTimes="0" repeatInterval="0">播放音频</media><weight identifier="WEIGHT" value="5">5</weight></assessmentItemRef></assessmentSection></testPart><testPart identifier="P02" navigationMode="nonlinear" submissionMode="simultaneous"><rubricBlock view="candidate"><prompt>阅读</prompt></rubricBlock><endBlock /><timeLimits minTime="2700" maxTime="2700" /><assessmentSection identifier="S01" title="第一部分" visible="true" score="30" itemCount="4" optionalItemCount="0" mediaType="0" optionalItemScore="0"><endBlock /><ordering shuffle="false" /><rubricBlock view="candidate"><prompt>请选出正确答案。</prompt></rubricBlock><assessmentItemRef identifier="_x0036_83b304a-58bf-40c2-b135-932863e32b79" href="AssessmentItems/ASI_683b304a-58bf-40c2-b135-932863e32b79.xml" type="cloze" subjective="false" isExample="false" prepareDuration="0" responseDuration="0" promptShowDuration="0"><weight identifier="WEIGHT" value="8">8</weight></assessmentItemRef><assessmentItemRef identifier="c92e7163-64b2-4c34-af6d-377374055769" href="AssessmentItems/ASI_c92e7163-64b2-4c34-af6d-377374055769.xml" type="cloze" subjective="false" isExample="false" prepareDuration="0" responseDuration="0" promptShowDuration="0"><weight identifier="WEIGHT" value="6">6</weight></assessmentItemRef><assessmentItemRef identifier="_x0033_fab9d52-eeeb-4b79-96eb-6956d3ed998a" href="AssessmentItems/ASI_3fab9d52-eeeb-4b79-96eb-6956d3ed998a.xml" type="cloze" subjective="false" isExample="false" prepareDuration="0" responseDuration="0" promptShowDuration="0"><weight identifier="WEIGHT" value="8">8</weight></assessmentItemRef><assessmentItemRef identifier="_x0039_8773999-8bf3-4077-8053-36fd1fefa4d9" href="AssessmentItems/ASI_98773999-8bf3-4077-8053-36fd1fefa4d9.xml" type="cloze" subjective="false" isExample="false" prepareDuration="0" responseDuration="0" promptShowDuration="0"><weight identifier="WEIGHT" value="8">8</weight></assessmentItemRef></assessmentSection><assessmentSection identifier="S02" title="第二部分" visible="true" score="20" itemCount="10" optionalItemCount="0" mediaType="0" optionalItemScore="0"><endBlock /><ordering shuffle="false" /><rubricBlock view="candidate"><prompt>请选出与试题内容一致的一项。</prompt></rubricBlock><assessmentItemRef identifier="_x0036_3ec1202-641c-4d71-b732-f4db06fb64b7" href="AssessmentItems/ASI_63ec1202-641c-4d71-b732-f4db06fb64b7.xml" type="singleChoice" subjective="false" isExample="false" prepareDuration="0" responseDuration="0" promptShowDuration="0"><weight identifier="WEIGHT" value="2">2</weight></assessmentItemRef><assessmentItemRef identifier="_x0035_4db97ed-c16c-40b9-8620-d72915c18de4" href="AssessmentItems/ASI_54db97ed-c16c-40b9-8620-d72915c18de4.xml" type="singleChoice" subjective="false" isExample="false" prepareDuration="0" responseDuration="0" promptShowDuration="0"><weight identifier="WEIGHT" value="2">2</weight></assessmentItemRef><assessmentItemRef identifier="dc6b7f48-33ce-4513-b745-840187103d11" href="AssessmentItems/ASI_dc6b7f48-33ce-4513-b745-840187103d11.xml" type="singleChoice" subjective="false" isExample="false" prepareDuration="0" responseDuration="0" promptShowDuration="0"><weight identifier="WEIGHT" value="2">2</weight></assessmentItemRef><assessmentItemRef identifier="_x0038_55cc486-2a9b-4356-839f-0bdcb90115d6" href="AssessmentItems/ASI_855cc486-2a9b-4356-839f-0bdcb90115d6.xml" type="singleChoice" subjective="false" isExample="false" prepareDuration="0" responseDuration="0" promptShowDuration="0"><weight identifier="WEIGHT" value="2">2</weight></assessmentItemRef><assessmentItemRef identifier="_x0032_eff6240-1746-49ba-b0da-632f3f6ad4ee" href="AssessmentItems/ASI_2eff6240-1746-49ba-b0da-632f3f6ad4ee.xml" type="singleChoice" subjective="false" isExample="false" prepareDuration="0" responseDuration="0" promptShowDuration="0"><weight identifier="WEIGHT" value="2">2</weight></assessmentItemRef><assessmentItemRef identifier="_x0032_2a9006d-0693-460b-a50f-83ac091e02f6" href="AssessmentItems/ASI_22a9006d-0693-460b-a50f-83ac091e02f6.xml" type="singleChoice" subjective="false" isExample="false" prepareDuration="0" responseDuration="0" promptShowDuration="0"><weight identifier="WEIGHT" value="2">2</weight></assessmentItemRef><assessmentItemRef identifier="_x0039_d44889f-5219-4649-b4a0-dd5c17d28ec1" href="AssessmentItems/ASI_9d44889f-5219-4649-b4a0-dd5c17d28ec1.xml" type="singleChoice" subjective="false" isExample="false" prepareDuration="0" responseDuration="0" promptShowDuration="0"><weight identifier="WEIGHT" value="2">2</weight></assessmentItemRef><assessmentItemRef identifier="_x0038_ffd79b5-c10d-413b-bc83-01e8d3236eed" href="AssessmentItems/ASI_8ffd79b5-c10d-413b-bc83-01e8d3236eed.xml" type="singleChoice" subjective="false" isExample="false" prepareDuration="0" responseDuration="0" promptShowDuration="0"><weight identifier="WEIGHT" value="2">2</weight></assessmentItemRef><assessmentItemRef identifier="_x0036_02fb2a5-b12b-407c-819a-0fc553f9385b" href="AssessmentItems/ASI_602fb2a5-b12b-407c-819a-0fc553f9385b.xml" type="singleChoice" subjective="false" isExample="false" prepareDuration="0" responseDuration="0" promptShowDuration="0"><weight identifier="WEIGHT" value="2">2</weight></assessmentItemRef><assessmentItemRef identifier="a8ad5e2d-757c-4f1d-b574-9604162a64c5" href="AssessmentItems/ASI_a8ad5e2d-757c-4f1d-b574-9604162a64c5.xml" type="singleChoice" subjective="false" isExample="false" prepareDuration="0" responseDuration="0" promptShowDuration="0"><weight identifier="WEIGHT" value="2">2</weight></assessmentItemRef></assessmentSection><assessmentSection identifier="S03" title="第三部分" visible="true" score="50" itemCount="5" optionalItemCount="0" mediaType="0" optionalItemScore="0"><endBlock /><ordering shuffle="false" /><rubricBlock view="candidate"><prompt>请选出正确答案。</prompt></rubricBlock><assessmentItemRef identifier="dc31c65f-b6e5-467e-9b3c-04cecd336d72" href="AssessmentItems/ASI_dc31c65f-b6e5-467e-9b3c-04cecd336d72.xml" type="readingComprehension" subjective="false" isExample="false" prepareDuration="0" responseDuration="0" promptShowDuration="0"><weight identifier="WEIGHT" value="10">10</weight></assessmentItemRef><assessmentItemRef identifier="d25b3207-83a7-4ca5-8f17-c3b092c74d67" href="AssessmentItems/ASI_d25b3207-83a7-4ca5-8f17-c3b092c74d67.xml" type="readingComprehension" subjective="false" isExample="false" prepareDuration="0" responseDuration="0" promptShowDuration="0"><weight identifier="WEIGHT" value="10">10</weight></assessmentItemRef><assessmentItemRef identifier="c949479f-1cd7-42ab-a956-facd832835b8" href="AssessmentItems/ASI_c949479f-1cd7-42ab-a956-facd832835b8.xml" type="readingComprehension" subjective="false" isExample="false" prepareDuration="0" responseDuration="0" promptShowDuration="0"><weight identifier="WEIGHT" value="10">10</weight></assessmentItemRef><assessmentItemRef identifier="c4303098-5ff8-4034-b836-db6a4d6efe9b" href="AssessmentItems/ASI_c4303098-5ff8-4034-b836-db6a4d6efe9b.xml" type="readingComprehension" subjective="false" isExample="false" prepareDuration="0" responseDuration="0" promptShowDuration="0"><weight identifier="WEIGHT" value="10">10</weight></assessmentItemRef><assessmentItemRef identifier="_x0036_7ca8cc4-c84c-42b0-ba43-b2c7d5de64fb" href="AssessmentItems/ASI_67ca8cc4-c84c-42b0-ba43-b2c7d5de64fb.xml" type="readingComprehension" subjective="false" isExample="false" prepareDuration="0" responseDuration="0" promptShowDuration="0"><weight identifier="WEIGHT" value="10">10</weight></assessmentItemRef></assessmentSection></testPart><testPart identifier="P03" navigationMode="nonlinear" submissionMode="simultaneous"><rubricBlock view="candidate"><prompt>书写</prompt></rubricBlock><endBlock /><timeLimits minTime="2400" maxTime="2400" /><assessmentSection identifier="S01" title="第一部分" visible="true" score="80" itemCount="8" optionalItemCount="0" mediaType="0" optionalItemScore="0"><endBlock /><ordering shuffle="false" /><rubricBlock view="candidate"><prompt>完成句子。</prompt></rubricBlock><assessmentItemRef identifier="f70e697f-9d19-4749-8089-3a9446de4a92" href="AssessmentItems/ASI_f70e697f-9d19-4749-8089-3a9446de4a92.xml" type="order" subjective="false" isExample="true" prepareDuration="0" responseDuration="0" promptShowDuration="0"><weight identifier="WEIGHT" value="0">0</weight></assessmentItemRef><assessmentItemRef identifier="_x0035_61240cf-0b98-45b8-9441-b089832b5e7c" href="AssessmentItems/ASI_561240cf-0b98-45b8-9441-b089832b5e7c.xml" type="order" subjective="false" isExample="false" prepareDuration="0" responseDuration="0" promptShowDuration="0"><weight identifier="WEIGHT" value="10">10</weight></assessmentItemRef><assessmentItemRef identifier="_x0031_2c145b0-7f48-4d25-a56c-ef1f33a5f328" href="AssessmentItems/ASI_12c145b0-7f48-4d25-a56c-ef1f33a5f328.xml" type="order" subjective="false" isExample="false" prepareDuration="0" responseDuration="0" promptShowDuration="0"><weight identifier="WEIGHT" value="10">10</weight></assessmentItemRef><assessmentItemRef identifier="bd2276e5-a230-4d0e-9b54-5b55f7c669a9" href="AssessmentItems/ASI_bd2276e5-a230-4d0e-9b54-5b55f7c669a9.xml" type="order" subjective="false" isExample="false" prepareDuration="0" responseDuration="0" promptShowDuration="0"><weight identifier="WEIGHT" value="10">10</weight></assessmentItemRef><assessmentItemRef identifier="_x0032_a056662-c2a9-4765-afcd-083c3d8d300f" href="AssessmentItems/ASI_2a056662-c2a9-4765-afcd-083c3d8d300f.xml" type="order" subjective="false" isExample="false" prepareDuration="0" responseDuration="0" promptShowDuration="0"><weight identifier="WEIGHT" value="10">10</weight></assessmentItemRef><assessmentItemRef identifier="_x0033_fc7727e-2878-4bbd-bb2b-45dc9ef7d818" href="AssessmentItems/ASI_3fc7727e-2878-4bbd-bb2b-45dc9ef7d818.xml" type="order" subjective="false" isExample="false" prepareDuration="0" responseDuration="0" promptShowDuration="0"><weight identifier="WEIGHT" value="10">10</weight></assessmentItemRef><assessmentItemRef identifier="_x0037_47b4551-ef53-4013-9dd9-1fe344c5e977" href="AssessmentItems/ASI_747b4551-ef53-4013-9dd9-1fe344c5e977.xml" type="order" subjective="false" isExample="false" prepareDuration="0" responseDuration="0" promptShowDuration="0"><weight identifier="WEIGHT" value="10">10</weight></assessmentItemRef><assessmentItemRef identifier="d027f18e-72a9-4cde-8ecc-c48c21844c47" href="AssessmentItems/ASI_d027f18e-72a9-4cde-8ecc-c48c21844c47.xml" type="order" subjective="false" isExample="false" prepareDuration="0" responseDuration="0" promptShowDuration="0"><weight identifier="WEIGHT" value="10">10</weight></assessmentItemRef><assessmentItemRef identifier="_x0036_03196b0-dfed-492f-82d6-bfd7da82e05d" href="AssessmentItems/ASI_603196b0-dfed-492f-82d6-bfd7da82e05d.xml" type="order" subjective="false" isExample="false" prepareDuration="0" responseDuration="0" promptShowDuration="0"><weight identifier="WEIGHT" value="10">10</weight></assessmentItemRef></assessmentSection><assessmentSection identifier="S02" title="第二部分" visible="true" score="20" itemCount="2" optionalItemCount="0" mediaType="0" optionalItemScore="0"><endBlock /><ordering shuffle="false" /><rubricBlock view="candidate"><prompt>写短文。</prompt></rubricBlock><assessmentItemRef identifier="ad6965cb-d21b-4da0-b1de-9b69035a0ffc" href="AssessmentItems/ASI_ad6965cb-d21b-4da0-b1de-9b69035a0ffc.xml" type="extendedText" subjective="true" isExample="false" prepareDuration="0" responseDuration="0" promptShowDuration="0"><weight identifier="WEIGHT" value="10">10</weight></assessmentItemRef><assessmentItemRef identifier="_x0036_d45e52c-271d-4141-bbcf-94cdbdaf854f" href="AssessmentItems/ASI_6d45e52c-271d-4141-bbcf-94cdbdaf854f.xml" type="extendedText" subjective="true" isExample="false" prepareDuration="0" responseDuration="0" promptShowDuration="0"><weight identifier="WEIGHT" value="10">10</weight></assessmentItemRef></assessmentSection></testPart></assessmentTest>