<assessmentItem xmlns:xsi="http://www.w3.org/2001/XMLSchema-instance" xmlns:xsd="http://www.w3.org/2001/XMLSchema" xmlns="http://www.open.com.cn/schemas/exam/openqti_v1" identifier="b1478655-b60b-4fc0-ae64-2b2d354cdbf8" title="听力54" adaptive="false" timeDependent="false"><responseDeclaration identifier="RESPONSE" cardinality="single" baseType="identifier"><correctResponse><value>A</value></correctResponse></responseDeclaration><outcomeDeclaration identifier="SCORE" cardinality="single" baseType="float" normalMaximum="1"><defaultValue><value>0</value></defaultValue></outcomeDeclaration><itemBody><choiceInteraction responseIdentifier="RESPONSE" shuffle="true" maxChoices="1"><prompt>请选出有语病的一项。</prompt><simpleChoice identifier="A">传统春节以除夕夜的鞭炮开始，以上元夜的彩灯收尾的。</simpleChoice><simpleChoice identifier="B">成功的时候不要忘记过去，失败的时候不要忘记还有未来。</simpleChoice><simpleChoice identifier="C">《天工开物》被认为是中国古代一部综合性的科学技术著作。</simpleChoice><simpleChoice identifier="D">钻石文化源远流长，今天人们更多地把它看成是爱情和忠诚的象征。</simpleChoice></choiceInteraction></itemBody><responseProcessing><responseCondition><responseIf><match><correct identifier="RESPONSE" /><variable identifier="RESPONSE" /></match><setOutcomeValue identifier="SCORE"><baseValue baseType="float">1</baseValue></setOutcomeValue></responseIf></responseCondition></responseProcessing></assessmentItem>