<assessmentItem xmlns:xsi="http://www.w3.org/2001/XMLSchema-instance" xmlns:xsd="http://www.w3.org/2001/XMLSchema" xmlns="http://www.open.com.cn/schemas/exam/openqti_v1" identifier="8c12443e-c797-4d1c-9f6b-f8717de37c9f" title="阅读52" adaptive="false" timeDependent="false"><responseDeclaration identifier="RESPONSE" cardinality="single" baseType="identifier"><correctResponse><value>A</value></correctResponse></responseDeclaration><outcomeDeclaration identifier="SCORE" cardinality="single" baseType="float" normalMaximum="1"><defaultValue><value>0</value></defaultValue></outcomeDeclaration><itemBody><choiceInteraction responseIdentifier="RESPONSE" shuffle="true" maxChoices="1"><prompt>请选出有语病的一项。</prompt><simpleChoice identifier="A">他永远看问题的角度跟我们不一样。</simpleChoice><simpleChoice identifier="B">千岛湖位于浙江杭州西郊淳安县境内。</simpleChoice><simpleChoice identifier="C">好消息不怕迟到，也不怕重复，怕的是不分享。</simpleChoice><simpleChoice identifier="D">初春时节，草长莺飞，正是一年当中放风筝的最佳季节。</simpleChoice></choiceInteraction></itemBody><responseProcessing><responseCondition><responseIf><match><correct identifier="RESPONSE" /><variable identifier="RESPONSE" /></match><setOutcomeValue identifier="SCORE"><baseValue baseType="float">1</baseValue></setOutcomeValue></responseIf></responseCondition></responseProcessing></assessmentItem>