<assessmentItem xmlns:xsi="http://www.w3.org/2001/XMLSchema-instance" xmlns:xsd="http://www.w3.org/2001/XMLSchema" xmlns="http://www.open.com.cn/schemas/exam/openqti_v1" identifier="ee78ff12-d3df-44d3-a388-535fd0796210" title="听力48-50" adaptive="false" timeDependent="false"><responseDeclaration identifier="RESPONSE_1" cardinality="single" baseType="identifier"><correctResponse><value>A</value></correctResponse></responseDeclaration><responseDeclaration identifier="RESPONSE_2" cardinality="single" baseType="identifier"><correctResponse><value>D</value></correctResponse></responseDeclaration><responseDeclaration identifier="RESPONSE_3" cardinality="single" baseType="identifier"><correctResponse><value>D</value></correctResponse></responseDeclaration><outcomeDeclaration identifier="SCORE_1" cardinality="single" baseType="float" normalMaximum="0.3333"><defaultValue><value>0</value></defaultValue></outcomeDeclaration><outcomeDeclaration identifier="SCORE_2" cardinality="single" baseType="float" normalMaximum="0.3333"><defaultValue><value>0</value></defaultValue></outcomeDeclaration><outcomeDeclaration identifier="SCORE_3" cardinality="single" baseType="float" normalMaximum="0.3333"><defaultValue><value>0</value></defaultValue></outcomeDeclaration><outcomeDeclaration identifier="SCORE" cardinality="single" baseType="float" normalMaximum="1"><defaultValue><value>0</value></defaultValue></outcomeDeclaration><itemBody><compositeInteraction shuffle="false"><prompt>&lt;media src="ee78ff12-d3df-44d3-a388-535fd0796210/201171417117543.mp3" duration="107" repeatTimes="0" repeatInterval="0" mimeType="audio/mpeg" content=""&gt;播放音频&lt;/media&gt;</prompt><subItem sequenceIndex="1" itemType="singleChoice"><choiceInteraction responseIdentifier="RESPONSE_1" shuffle="true" maxChoices="1"><prompt /><simpleChoice identifier="A">雨量充沛</simpleChoice><simpleChoice identifier="B">比较干旱</simpleChoice><simpleChoice identifier="C">主要分布在温带</simpleChoice><simpleChoice identifier="D">主要分布在寒冷地带</simpleChoice></choiceInteraction></subItem><subItem sequenceIndex="2" itemType="singleChoice"><choiceInteraction responseIdentifier="RESPONSE_2" shuffle="true" maxChoices="1"><prompt /><simpleChoice identifier="A">没有经济价值</simpleChoice><simpleChoice identifier="B">可以用来制药</simpleChoice><simpleChoice identifier="C">是一种农作物</simpleChoice><simpleChoice identifier="D">可以美化环境</simpleChoice></choiceInteraction></subItem><subItem sequenceIndex="3" itemType="singleChoice"><choiceInteraction responseIdentifier="RESPONSE_3" shuffle="true" maxChoices="1"><prompt /><simpleChoice identifier="A">胸有成竹</simpleChoice><simpleChoice identifier="B">竹子和熊猫</simpleChoice><simpleChoice identifier="C">竹子的典故</simpleChoice><simpleChoice identifier="D">竹子浑身都是宝</simpleChoice></choiceInteraction></subItem></compositeInteraction></itemBody><responseProcessing><responseCondition><responseIf><match><correct identifier="RESPONSE_1" /><variable identifier="RESPONSE_1" /></match><setOutcomeValue identifier="SCORE_1"><baseValue baseType="float">0.3333</baseValue></setOutcomeValue></responseIf></responseCondition><responseCondition><responseIf><match><correct identifier="RESPONSE_2" /><variable identifier="RESPONSE_2" /></match><setOutcomeValue identifier="SCORE_2"><baseValue baseType="float">0.3333</baseValue></setOutcomeValue></responseIf></responseCondition><responseCondition><responseIf><match><correct identifier="RESPONSE_3" /><variable identifier="RESPONSE_3" /></match><setOutcomeValue identifier="SCORE_3"><baseValue baseType="float">0.3333</baseValue></setOutcomeValue></responseIf></responseCondition><setOutcomeValue identifier="SCORE"><sum><variable identifier="SCORE_1" /><variable identifier="SCORE_2" /><variable identifier="SCORE_3" /></sum></setOutcomeValue></responseProcessing></assessmentItem>