<assessmentItem xmlns:xsi="http://www.w3.org/2001/XMLSchema-instance" xmlns:xsd="http://www.w3.org/2001/XMLSchema" xmlns="http://www.open.com.cn/schemas/exam/openqti_v1" identifier="8d447e7e-f5af-42c8-a240-09755ab6c7bd" title="阅读56" adaptive="false" timeDependent="false"><responseDeclaration identifier="RESPONSE" cardinality="single" baseType="identifier"><correctResponse><value>B</value></correctResponse></responseDeclaration><outcomeDeclaration identifier="SCORE" cardinality="single" baseType="float" normalMaximum="1"><defaultValue><value>0</value></defaultValue></outcomeDeclaration><itemBody><choiceInteraction responseIdentifier="RESPONSE" shuffle="true" maxChoices="1"><prompt>请选出有语病的一项。</prompt><simpleChoice identifier="A">财富不是你一生的朋友，朋友却是你一生的财富。</simpleChoice><simpleChoice identifier="B">金庸创作的武侠小说构思精奇，开展了武侠小说的新天地。</simpleChoice><simpleChoice identifier="C">关于梁山伯和祝英台的爱情故事，中国民间有很多不同的版本。</simpleChoice><simpleChoice identifier="D">核桃含有较多优质蛋白质和脂肪酸，有利于促进脑细胞的生长和发育。</simpleChoice></choiceInteraction></itemBody><responseProcessing><responseCondition><responseIf><match><correct identifier="RESPONSE" /><variable identifier="RESPONSE" /></match><setOutcomeValue identifier="SCORE"><baseValue baseType="float">1</baseValue></setOutcomeValue></responseIf></responseCondition></responseProcessing></assessmentItem>