<assessmentItem xmlns:xsi="http://www.w3.org/2001/XMLSchema-instance" xmlns:xsd="http://www.w3.org/2001/XMLSchema" xmlns="http://www.open.com.cn/schemas/exam/openqti_v1" identifier="c498932b-854a-40df-a4b4-c7b87190b49b" title="阅读97-100" adaptive="false" timeDependent="false"><responseDeclaration identifier="RESPONSE_1" cardinality="single" baseType="identifier"><correctResponse><value>B</value></correctResponse></responseDeclaration><responseDeclaration identifier="RESPONSE_2" cardinality="single" baseType="identifier"><correctResponse><value>A</value></correctResponse></responseDeclaration><responseDeclaration identifier="RESPONSE_3" cardinality="single" baseType="identifier"><correctResponse><value>B</value></correctResponse></responseDeclaration><responseDeclaration identifier="RESPONSE_4" cardinality="single" baseType="identifier"><correctResponse><value>A</value></correctResponse></responseDeclaration><outcomeDeclaration identifier="SCORE_1" cardinality="single" baseType="float" normalMaximum="0.25"><defaultValue><value>0</value></defaultValue></outcomeDeclaration><outcomeDeclaration identifier="SCORE_2" cardinality="single" baseType="float" normalMaximum="0.25"><defaultValue><value>0</value></defaultValue></outcomeDeclaration><outcomeDeclaration identifier="SCORE_3" cardinality="single" baseType="float" normalMaximum="0.25"><defaultValue><value>0</value></defaultValue></outcomeDeclaration><outcomeDeclaration identifier="SCORE_4" cardinality="single" baseType="float" normalMaximum="0.25"><defaultValue><value>0</value></defaultValue></outcomeDeclaration><outcomeDeclaration identifier="SCORE" cardinality="single" baseType="float" normalMaximum="1"><defaultValue><value>0</value></defaultValue></outcomeDeclaration><itemBody><compositeInteraction shuffle="false"><prompt>&amp;nbsp;&amp;nbsp;&amp;nbsp;&amp;nbsp;&amp;nbsp;&amp;nbsp;&amp;nbsp; &lt;img alt="" align="right" style="width: 199px; height: 147px" src="c498932b-854a-40df-a4b4-c7b87190b49b/201171416242728.jpg" /&gt;航空气象预报与一般的气象预报差异非常大。航空气象预报具有及时性、精细化、国际化的特点，且预报关注点与普通气象预报有所不同。&lt;br /&gt;&amp;nbsp;&amp;nbsp;&amp;nbsp;&amp;nbsp;&amp;nbsp;&amp;nbsp;&amp;nbsp; 市民可能对航空预报不太了解，因为人们在电视上只能看到一般的预报。航空预报只有航空公司和飞行员才能看到，也比较专业。&lt;br /&gt;&amp;nbsp;&amp;nbsp;&amp;nbsp;&amp;nbsp;&amp;nbsp;&amp;nbsp;&amp;nbsp; 航空预报分为机场预报和高空预报两个方面。机场预报和观测报告在国际上有一些特定的格式，需要编码及解码。机场预报和机场观测报告，分别提供对未来数小时的天气预报及机场的定时观测数据，只有经过训练的航空公司签派员和飞行员才能读懂。飞机航行期间需要和很多国家交换预报资料，获得最新的预报信息。同时，飞机一般飞行在3万尺以上的高空，因此，需要专门做一些特殊的高空的天气预报图。而在高空预报方面，民航气象中心主要利用卫星资料来观测，但准确的地点和时间预报也很难。现在一些技术先进的国家正在考虑利用数值预报系统改进高空预报。&lt;br /&gt;&amp;nbsp;&amp;nbsp;&amp;nbsp;&amp;nbsp;&amp;nbsp;&amp;nbsp;&amp;nbsp; 相对日常天气预报，航空天气预报要求的精细度更高，挑战更大。为了应对这样高要求的天气预报，民航气象中心利用人造卫星观测对流云团、台风甚至火山灰来预报高空天气。在机场天气预报方面，使用专门的仪器测量&amp;ldquo;跑道视程&amp;rdquo;，专门观测跑道上的能见度。除了机场天气预报，航空天气预报也关注机场附近的天气，包括云底高度、湿度、温度等。&lt;br /&gt;&amp;nbsp;&amp;nbsp;&amp;nbsp;&amp;nbsp;&amp;nbsp;&amp;nbsp;&amp;nbsp; 目前，民航气象使用的比较先进的观测设备主要是天气雷达。常规的雷达可以监测雷暴和台风；先进的多普勒雷达，一般安装在机场附近，可以监测风切变；更为先进的激光雷达则用于监测晴空风切变，因为一般的雷达需要靠空气中的水汽来监测，对晴空风切变无能为力。</prompt><subItem sequenceIndex="1" itemType="singleChoice"><choiceInteraction responseIdentifier="RESPONSE_1" shuffle="true" maxChoices="1"><prompt>航空天气预报跟日常天气预报相比，有什么特点？</prompt><simpleChoice identifier="A">随机性更大</simpleChoice><simpleChoice identifier="B">关注点不一样</simpleChoice><simpleChoice identifier="C">播出时间不同</simpleChoice><simpleChoice identifier="D">人员队伍规模更大</simpleChoice></choiceInteraction></subItem><subItem sequenceIndex="2" itemType="singleChoice"><choiceInteraction responseIdentifier="RESPONSE_2" shuffle="true" maxChoices="1"><prompt>关于高空预报，下列哪项正确？</prompt><simpleChoice identifier="A">技术有待改进</simpleChoice><simpleChoice identifier="B">普通市民能看懂</simpleChoice><simpleChoice identifier="C">要依靠飞行员的观测</simpleChoice><simpleChoice identifier="D">主要采用数值预报系统</simpleChoice></choiceInteraction></subItem><subItem sequenceIndex="3" itemType="singleChoice"><choiceInteraction responseIdentifier="RESPONSE_3" shuffle="true" maxChoices="1"><prompt>根据上文，下列哪项正确？</prompt><simpleChoice identifier="A">云底高度很难监测</simpleChoice><simpleChoice identifier="B">航空预报需要国际合作</simpleChoice><simpleChoice identifier="C">人造卫星主要用于机场预报</simpleChoice><simpleChoice identifier="D">机场预报比高空预报更重要</simpleChoice></choiceInteraction></subItem><subItem sequenceIndex="4" itemType="singleChoice"><choiceInteraction responseIdentifier="RESPONSE_4" shuffle="true" maxChoices="1"><prompt>关于天气雷达，可以知道什么？</prompt><simpleChoice identifier="A">可以监测晴空风切变</simpleChoice><simpleChoice identifier="B">大多安装在机场附近</simpleChoice><simpleChoice identifier="C">专门观测&amp;ldquo;跑道视程&amp;rdquo;</simpleChoice><simpleChoice identifier="D">多普勒雷达比激光雷达更先进</simpleChoice></choiceInteraction></subItem></compositeInteraction></itemBody><responseProcessing><responseCondition><responseIf><match><correct identifier="RESPONSE_1" /><variable identifier="RESPONSE_1" /></match><setOutcomeValue identifier="SCORE_1"><baseValue baseType="float">0.25</baseValue></setOutcomeValue></responseIf></responseCondition><responseCondition><responseIf><match><correct identifier="RESPONSE_2" /><variable identifier="RESPONSE_2" /></match><setOutcomeValue identifier="SCORE_2"><baseValue baseType="float">0.25</baseValue></setOutcomeValue></responseIf></responseCondition><responseCondition><responseIf><match><correct identifier="RESPONSE_3" /><variable identifier="RESPONSE_3" /></match><setOutcomeValue identifier="SCORE_3"><baseValue baseType="float">0.25</baseValue></setOutcomeValue></responseIf></responseCondition><responseCondition><responseIf><match><correct identifier="RESPONSE_4" /><variable identifier="RESPONSE_4" /></match><setOutcomeValue identifier="SCORE_4"><baseValue baseType="float">0.25</baseValue></setOutcomeValue></responseIf></responseCondition><setOutcomeValue identifier="SCORE"><sum><variable identifier="SCORE_1" /><variable identifier="SCORE_2" /><variable identifier="SCORE_3" /><variable identifier="SCORE_4" /></sum></setOutcomeValue></responseProcessing></assessmentItem>