<assessmentItem xmlns:xsi="http://www.w3.org/2001/XMLSchema-instance" xmlns:xsd="http://www.w3.org/2001/XMLSchema" xmlns="http://www.open.com.cn/schemas/exam/openqti_v1" identifier="a4f2443d-ff4f-46b7-a8f3-10ada0b93deb" title="阅读85-88" adaptive="false" timeDependent="false"><responseDeclaration identifier="RESPONSE_1" cardinality="single" baseType="identifier"><correctResponse><value>B</value></correctResponse></responseDeclaration><responseDeclaration identifier="RESPONSE_2" cardinality="single" baseType="identifier"><correctResponse><value>A</value></correctResponse></responseDeclaration><responseDeclaration identifier="RESPONSE_3" cardinality="single" baseType="identifier"><correctResponse><value>B</value></correctResponse></responseDeclaration><responseDeclaration identifier="RESPONSE_4" cardinality="single" baseType="identifier"><correctResponse><value>C</value></correctResponse></responseDeclaration><outcomeDeclaration identifier="SCORE_1" cardinality="single" baseType="float" normalMaximum="0.25"><defaultValue><value>0</value></defaultValue></outcomeDeclaration><outcomeDeclaration identifier="SCORE_2" cardinality="single" baseType="float" normalMaximum="0.25"><defaultValue><value>0</value></defaultValue></outcomeDeclaration><outcomeDeclaration identifier="SCORE_3" cardinality="single" baseType="float" normalMaximum="0.25"><defaultValue><value>0</value></defaultValue></outcomeDeclaration><outcomeDeclaration identifier="SCORE_4" cardinality="single" baseType="float" normalMaximum="0.25"><defaultValue><value>0</value></defaultValue></outcomeDeclaration><outcomeDeclaration identifier="SCORE" cardinality="single" baseType="float" normalMaximum="1"><defaultValue><value>0</value></defaultValue></outcomeDeclaration><itemBody><compositeInteraction shuffle="false"><prompt>&amp;nbsp;&amp;nbsp;&amp;nbsp;&amp;nbsp;&amp;nbsp;&amp;nbsp;&amp;nbsp;&lt;img alt="" align="right" style="width: 206px; height: 141px" src="a4f2443d-ff4f-46b7-a8f3-10ada0b93deb/201171416532387.jpg" /&gt; 中国古代神话传说中，有一位女神叫女娲。传说女娲人首蛇身，是一位善良的神，她为人类做过许多好事。传说女娲用泥土仿照自己创造了人，又替人类建立了婚姻制度，使青年男女相互婚配，繁衍后代。她还给人类造了一种叫笙簧的乐器。而使人们最为感动的是女娲补天的故事。&lt;br /&gt;&amp;nbsp;&amp;nbsp;&amp;nbsp;&amp;nbsp;&amp;nbsp;&amp;nbsp;&amp;nbsp; 传说当人类开始繁衍的时候，水神共工和火神祝融突然打起仗来，他们从天上一直打到地下，闹得鸡犬不宁。结果祝融打胜了，但败了的共工不服，一怒之下，把头撞向不周山。不周山崩裂了，支撑天地的大柱折断了，天塌了半边，出现了一个大窟窿，地上出现了一道道大裂缝，山林燃起了大火，洪水从地底下喷涌出来，龙蛇猛兽也出来吞食人民。人类面临着空前的大灾难。&lt;br /&gt;&amp;nbsp;&amp;nbsp;&amp;nbsp;&amp;nbsp;&amp;nbsp;&amp;nbsp;&amp;nbsp; 女娲目睹人类遭到如此奇祸，感到无比痛苦，于是决心补天，以终止这场灾难。她选用各种各样的五色石子，架起火将它们熔化成浆，用这种石浆将残缺的天窟窿填好。随后又斩下一只大龟的四脚，当做四根柱子，把倒塌的半边天支起来。女娲还擒杀了残害人民的黑龙，刹住了龙蛇的嚣张气焰。最后为了堵住洪水，女娲还收集了大量芦草，把它们烧成灰，来堵塞向四处漫延的洪流。&lt;br /&gt;&amp;nbsp;&amp;nbsp;&amp;nbsp;&amp;nbsp;&amp;nbsp;&amp;nbsp;&amp;nbsp; 经过女娲一番辛劳整治，苍天总算补上了，地填平了，水止住了，龙蛇猛兽全销声匿迹了，人们重新过上了安乐的生活。但是这场特大的灾祸毕竟留下了痕迹。从此天就有些向西北倾斜，因此日月星辰都很自然地归向西方，又因为地向东南倾斜，所以一切江河都往那里汇流。</prompt><subItem sequenceIndex="1" itemType="singleChoice"><choiceInteraction responseIdentifier="RESPONSE_1" shuffle="true" maxChoices="1"><prompt>关于女娲，可以知道什么？</prompt><simpleChoice identifier="A">狮身人面</simpleChoice><simpleChoice identifier="B">天性善良</simpleChoice><simpleChoice identifier="C">打败了共工</simpleChoice><simpleChoice identifier="D">为人类牺牲了自己</simpleChoice></choiceInteraction></subItem><subItem sequenceIndex="2" itemType="singleChoice"><choiceInteraction responseIdentifier="RESPONSE_2" shuffle="true" maxChoices="1"><prompt>共工为什么要撞不周山？</prompt><simpleChoice identifier="A">战败后恼羞成怒</simpleChoice><simpleChoice identifier="B">要改变天地的格局</simpleChoice><simpleChoice identifier="C">想和女娲一争高下</simpleChoice><simpleChoice identifier="D">想和火神同归于尽</simpleChoice></choiceInteraction></subItem><subItem sequenceIndex="3" itemType="singleChoice"><choiceInteraction responseIdentifier="RESPONSE_3" shuffle="true" maxChoices="1"><prompt>女娲挑选五色石是为了：</prompt><simpleChoice identifier="A">创造人类</simpleChoice><simpleChoice identifier="B">炼石补天</simpleChoice><simpleChoice identifier="C">擒杀黑龙</simpleChoice><simpleChoice identifier="D">堵塞洪水</simpleChoice></choiceInteraction></subItem><subItem sequenceIndex="4" itemType="singleChoice"><choiceInteraction responseIdentifier="RESPONSE_4" shuffle="true" maxChoices="1"><prompt>下列哪项最适合做上文标题？</prompt><simpleChoice identifier="A">开天辟地</simpleChoice><simpleChoice identifier="B">共工之死</simpleChoice><simpleChoice identifier="C">女娲的传说</simpleChoice><simpleChoice identifier="D">不周山的毁灭</simpleChoice></choiceInteraction></subItem></compositeInteraction></itemBody><responseProcessing><responseCondition><responseIf><match><correct identifier="RESPONSE_1" /><variable identifier="RESPONSE_1" /></match><setOutcomeValue identifier="SCORE_1"><baseValue baseType="float">0.25</baseValue></setOutcomeValue></responseIf></responseCondition><responseCondition><responseIf><match><correct identifier="RESPONSE_2" /><variable identifier="RESPONSE_2" /></match><setOutcomeValue identifier="SCORE_2"><baseValue baseType="float">0.25</baseValue></setOutcomeValue></responseIf></responseCondition><responseCondition><responseIf><match><correct identifier="RESPONSE_3" /><variable identifier="RESPONSE_3" /></match><setOutcomeValue identifier="SCORE_3"><baseValue baseType="float">0.25</baseValue></setOutcomeValue></responseIf></responseCondition><responseCondition><responseIf><match><correct identifier="RESPONSE_4" /><variable identifier="RESPONSE_4" /></match><setOutcomeValue identifier="SCORE_4"><baseValue baseType="float">0.25</baseValue></setOutcomeValue></responseIf></responseCondition><setOutcomeValue identifier="SCORE"><sum><variable identifier="SCORE_1" /><variable identifier="SCORE_2" /><variable identifier="SCORE_3" /><variable identifier="SCORE_4" /></sum></setOutcomeValue></responseProcessing></assessmentItem>