<assessmentItem xmlns:xsi="http://www.w3.org/2001/XMLSchema-instance" xmlns:xsd="http://www.w3.org/2001/XMLSchema" xmlns="http://www.open.com.cn/schemas/exam/openqti_v1" identifier="cda4b89e-62f7-472a-b8bf-9a80fc875764" title="听力55" adaptive="false" timeDependent="false"><responseDeclaration identifier="RESPONSE" cardinality="single" baseType="identifier"><correctResponse><value>C</value></correctResponse></responseDeclaration><outcomeDeclaration identifier="SCORE" cardinality="single" baseType="float" normalMaximum="1"><defaultValue><value>0</value></defaultValue></outcomeDeclaration><itemBody><choiceInteraction responseIdentifier="RESPONSE" shuffle="true" maxChoices="1"><prompt>请选出有语病的一项。</prompt><simpleChoice identifier="A">你可以低调，也可以高调，但不能跑调。</simpleChoice><simpleChoice identifier="B">人际关系被很多人视为衡量一个人社会地位的标准之一。</simpleChoice><simpleChoice identifier="C">拜年是中国民间的传统习俗，是人们辞旧迎新、相互表达美好祝愿。</simpleChoice><simpleChoice identifier="D">盐不仅是重要的调味品，也是维持人体正常发育的不可或缺的物质。</simpleChoice></choiceInteraction></itemBody><responseProcessing><responseCondition><responseIf><match><correct identifier="RESPONSE" /><variable identifier="RESPONSE" /></match><setOutcomeValue identifier="SCORE"><baseValue baseType="float">1</baseValue></setOutcomeValue></responseIf></responseCondition></responseProcessing></assessmentItem>