<assessmentItem xmlns:xsi="http://www.w3.org/2001/XMLSchema-instance" xmlns:xsd="http://www.w3.org/2001/XMLSchema" xmlns="http://www.open.com.cn/schemas/exam/openqti_v1" identifier="ee8a2add-33fa-4617-85ab-8bcdbc4711b7" title="阅读89-92" adaptive="false" timeDependent="false"><responseDeclaration identifier="RESPONSE_1" cardinality="single" baseType="identifier"><correctResponse><value>C</value></correctResponse></responseDeclaration><responseDeclaration identifier="RESPONSE_2" cardinality="single" baseType="identifier"><correctResponse><value>A</value></correctResponse></responseDeclaration><responseDeclaration identifier="RESPONSE_3" cardinality="single" baseType="identifier"><correctResponse><value>B</value></correctResponse></responseDeclaration><responseDeclaration identifier="RESPONSE_4" cardinality="single" baseType="identifier"><correctResponse><value>A</value></correctResponse></responseDeclaration><outcomeDeclaration identifier="SCORE_1" cardinality="single" baseType="float" normalMaximum="0.25"><defaultValue><value>0</value></defaultValue></outcomeDeclaration><outcomeDeclaration identifier="SCORE_2" cardinality="single" baseType="float" normalMaximum="0.25"><defaultValue><value>0</value></defaultValue></outcomeDeclaration><outcomeDeclaration identifier="SCORE_3" cardinality="single" baseType="float" normalMaximum="0.25"><defaultValue><value>0</value></defaultValue></outcomeDeclaration><outcomeDeclaration identifier="SCORE_4" cardinality="single" baseType="float" normalMaximum="0.25"><defaultValue><value>0</value></defaultValue></outcomeDeclaration><outcomeDeclaration identifier="SCORE" cardinality="single" baseType="float" normalMaximum="1"><defaultValue><value>0</value></defaultValue></outcomeDeclaration><itemBody><compositeInteraction shuffle="false"><prompt>&amp;nbsp;&amp;nbsp;&amp;nbsp;&amp;nbsp;&amp;nbsp;&amp;nbsp;&amp;nbsp;&lt;img alt="" align="right" style="width: 98px; height: 162px" src="ee8a2add-33fa-4617-85ab-8bcdbc4711b7/2011716115235244.jpg" /&gt; 笛子是中国广为流传的吹奏乐器，大部分笛子是竹制的，但也有石笛和玉笛等。不过，制作笛子的最好原料仍是竹子，因为这种材料的笛子声音效果最好，所以笛子通常也被称为&amp;ldquo;竹笛&amp;rdquo;。&lt;br /&gt;&amp;nbsp;&amp;nbsp;&amp;nbsp;&amp;nbsp;&amp;nbsp;&amp;nbsp;&amp;nbsp; 笛子一般由一根竹管做成，里面去节，在管身上开有一个吹孔、一个膜孔、6个音孔。吹孔是笛子的第一个孔，气流由此吹入，使管内空气振动而发音。膜孔是笛子的第二个孔，专用来贴笛膜。笛膜多用芦苇膜或竹膜做成，笛膜经气流振动，便发出清脆而圆润的乐音。 　　&lt;br /&gt;&amp;nbsp;&amp;nbsp;&amp;nbsp;&amp;nbsp;&amp;nbsp;&amp;nbsp;&amp;nbsp; 笛子的表现力非常丰富，它既能演奏悠长、高亢的旋律，又能表现辽阔、宽广的情调，同时还可以奏出欢快华丽的舞曲和婉转优美的小调。笛子的表现力不仅仅在于优美的旋律，它还能表现大自然的各种声音，比如模仿各种鸟叫等。笛子不但演奏技巧丰富，而且品种也多种多样，有曲笛、梆笛、定调笛、加键笛、玉屏笛、七孔笛、十一孔笛等。&lt;br /&gt;&amp;nbsp;&amp;nbsp;&amp;nbsp;&amp;nbsp;&amp;nbsp;&amp;nbsp;&amp;nbsp; 笛子虽然短小而简单，但它在中国发展的时间却不短。河南舞阳贾湖裴李岗文化墓葬出土了距今约8000年的&amp;ldquo;&lt;u&gt;骨笛&lt;/u&gt;&amp;rdquo;。公元前1世纪末汉武帝时，笛子称为&amp;ldquo;横吹&amp;rdquo;,它在当时的鼓吹乐中占有相当重要的地位。从7世纪开始，笛子又有了改进，增加了膜孔，使它的表现力有了很大的发展，笛子的演奏技术也发展到相当高的水平。到了10世纪，随着宋词元曲的崛起，笛子成了伴奏吟词唱曲的主要乐器。在民间戏曲以及少数民族剧种的乐队里，笛子也是不可缺少的乐器。现在，作为中国音乐代表乐器之一的笛子不仅在中国民间音乐、戏曲、中国民族乐团中使用，还运用到了西洋交响乐团和现代音乐中。</prompt><subItem sequenceIndex="1" itemType="singleChoice"><choiceInteraction responseIdentifier="RESPONSE_1" shuffle="true" maxChoices="1"><prompt>关于笛子的吹孔，可以知道什么？</prompt><simpleChoice identifier="A">有两个</simpleChoice><simpleChoice identifier="B">专门用来贴膜</simpleChoice><simpleChoice identifier="C">是气流进入的地方</simpleChoice><simpleChoice identifier="D">在膜孔和音孔中间</simpleChoice></choiceInteraction></subItem><subItem sequenceIndex="2" itemType="singleChoice"><choiceInteraction responseIdentifier="RESPONSE_2" shuffle="true" maxChoices="1"><prompt>根据第3段，下列哪项正确？</prompt><simpleChoice identifier="A">笛子极具表现力</simpleChoice><simpleChoice identifier="B">笛子更适合演奏小调</simpleChoice><simpleChoice identifier="C">曲笛的声音效果最好</simpleChoice><simpleChoice identifier="D">七孔笛比十一孔笛难吹</simpleChoice></choiceInteraction></subItem><subItem sequenceIndex="3" itemType="singleChoice"><choiceInteraction responseIdentifier="RESPONSE_3" shuffle="true" maxChoices="1"><prompt>第4段举&amp;ldquo;骨笛&amp;rdquo;的例子，是为了说明：</prompt><simpleChoice identifier="A">笛子外形短小</simpleChoice><simpleChoice identifier="B">笛子很早就出现了</simpleChoice><simpleChoice identifier="C">河南的笛子最著名</simpleChoice><simpleChoice identifier="D">笛子在鼓吹乐中地位很高</simpleChoice></choiceInteraction></subItem><subItem sequenceIndex="4" itemType="singleChoice"><choiceInteraction responseIdentifier="RESPONSE_4" shuffle="true" maxChoices="1"><prompt>上文主要谈：</prompt><simpleChoice identifier="A">中国的笛文化</simpleChoice><simpleChoice identifier="B">笛子的制作工序</simpleChoice><simpleChoice identifier="C">笛子的演奏方法</simpleChoice><simpleChoice identifier="D">笛子对中国音乐的影响</simpleChoice></choiceInteraction></subItem></compositeInteraction></itemBody><responseProcessing><responseCondition><responseIf><match><correct identifier="RESPONSE_1" /><variable identifier="RESPONSE_1" /></match><setOutcomeValue identifier="SCORE_1"><baseValue baseType="float">0.25</baseValue></setOutcomeValue></responseIf></responseCondition><responseCondition><responseIf><match><correct identifier="RESPONSE_2" /><variable identifier="RESPONSE_2" /></match><setOutcomeValue identifier="SCORE_2"><baseValue baseType="float">0.25</baseValue></setOutcomeValue></responseIf></responseCondition><responseCondition><responseIf><match><correct identifier="RESPONSE_3" /><variable identifier="RESPONSE_3" /></match><setOutcomeValue identifier="SCORE_3"><baseValue baseType="float">0.25</baseValue></setOutcomeValue></responseIf></responseCondition><responseCondition><responseIf><match><correct identifier="RESPONSE_4" /><variable identifier="RESPONSE_4" /></match><setOutcomeValue identifier="SCORE_4"><baseValue baseType="float">0.25</baseValue></setOutcomeValue></responseIf></responseCondition><setOutcomeValue identifier="SCORE"><sum><variable identifier="SCORE_1" /><variable identifier="SCORE_2" /><variable identifier="SCORE_3" /><variable identifier="SCORE_4" /></sum></setOutcomeValue></responseProcessing></assessmentItem>