<assessmentItem xmlns:xsi="http://www.w3.org/2001/XMLSchema-instance" xmlns:xsd="http://www.w3.org/2001/XMLSchema" xmlns="http://www.open.com.cn/schemas/exam/openqti_v1" identifier="698027eb-7baf-4efb-ac1c-74f7c75641a5" title="听力8" adaptive="false" timeDependent="false"><responseDeclaration identifier="RESPONSE" cardinality="single" baseType="identifier"><correctResponse><value>D</value></correctResponse></responseDeclaration><outcomeDeclaration identifier="SCORE" cardinality="single" baseType="float" normalMaximum="1"><defaultValue><value>0</value></defaultValue></outcomeDeclaration><itemBody><choiceInteraction responseIdentifier="RESPONSE" shuffle="true" maxChoices="1"><prompt>&lt;media src="698027eb-7baf-4efb-ac1c-74f7c75641a5/201171416354628.mp3" duration="23" repeatTimes="0" repeatInterval="0" mimeType="audio/mpeg" content=""&gt;播放音频&lt;/media&gt;</prompt><simpleChoice identifier="A">万事开头难</simpleChoice><simpleChoice identifier="B">继承是创新的基础</simpleChoice><simpleChoice identifier="C">人无远虑，必有近忧</simpleChoice><simpleChoice identifier="D">过于强调风险会错失良机</simpleChoice></choiceInteraction></itemBody><responseProcessing><responseCondition><responseIf><match><correct identifier="RESPONSE" /><variable identifier="RESPONSE" /></match><setOutcomeValue identifier="SCORE"><baseValue baseType="float">1</baseValue></setOutcomeValue></responseIf></responseCondition></responseProcessing></assessmentItem>