<assessmentItem xmlns:xsi="http://www.w3.org/2001/XMLSchema-instance" xmlns:xsd="http://www.w3.org/2001/XMLSchema" xmlns="http://www.open.com.cn/schemas/exam/openqti_v1" identifier="c23f7968-73c9-4eea-8a44-480d9daf5a13" title="阅读81-84" adaptive="false" timeDependent="false"><responseDeclaration identifier="RESPONSE_1" cardinality="single" baseType="identifier"><correctResponse><value>B</value></correctResponse></responseDeclaration><responseDeclaration identifier="RESPONSE_2" cardinality="single" baseType="identifier"><correctResponse><value>D</value></correctResponse></responseDeclaration><responseDeclaration identifier="RESPONSE_3" cardinality="single" baseType="identifier"><correctResponse><value>D</value></correctResponse></responseDeclaration><responseDeclaration identifier="RESPONSE_4" cardinality="single" baseType="identifier"><correctResponse><value>C</value></correctResponse></responseDeclaration><outcomeDeclaration identifier="SCORE_1" cardinality="single" baseType="float" normalMaximum="0.25"><defaultValue><value>0</value></defaultValue></outcomeDeclaration><outcomeDeclaration identifier="SCORE_2" cardinality="single" baseType="float" normalMaximum="0.25"><defaultValue><value>0</value></defaultValue></outcomeDeclaration><outcomeDeclaration identifier="SCORE_3" cardinality="single" baseType="float" normalMaximum="0.25"><defaultValue><value>0</value></defaultValue></outcomeDeclaration><outcomeDeclaration identifier="SCORE_4" cardinality="single" baseType="float" normalMaximum="0.25"><defaultValue><value>0</value></defaultValue></outcomeDeclaration><outcomeDeclaration identifier="SCORE" cardinality="single" baseType="float" normalMaximum="1"><defaultValue><value>0</value></defaultValue></outcomeDeclaration><itemBody><compositeInteraction shuffle="false"><prompt>&amp;nbsp;&amp;nbsp;&amp;nbsp;&amp;nbsp;&amp;nbsp;&amp;nbsp;&amp;nbsp;&lt;img alt="" align="right" style="width: 187px; height: 122px" src="c23f7968-73c9-4eea-8a44-480d9daf5a13/20117141602575.jpg" /&gt; 花园里并排生长着两棵柠檬树。其中一棵长得颀长，另一棵却很矮小。花园的主人比较看好长得高大的那棵树，天天精心照料它，它自然长得也更好。每次浇完水，主人都会赞美一番那棵大树，而身材矮小的那棵树却被冷落在花园的一角。 &lt;br /&gt;　　有一天，一阵大风把几粒高山雪莲的种子吹到了花园里。花园里其他的地面都被水泥硬化了，只有两棵柠檬树下有点儿土壤。种子们找到大树，请求给它们一个容身之所。大树高傲地说：&amp;ldquo;这是不可能的事儿，这是我的地盘。&amp;rdquo;其实大树有自己的想法，它怕那些种子突然有一天会开出鲜艳的花朵，抢走它的风头。看着大树强硬的态度，种子们只能去找那棵矮树商量。矮树满口答应，说：&amp;ldquo;和你们相处是我的荣幸，你们过来吧。&amp;rdquo;就这样，那些雪莲的种子在矮树下扎下根来。 &lt;br /&gt;　　过了几个星期，种子们破土而出，开出了美丽的花朵。花园的主人闻香而来，发现了那几朵雪莲。他欣喜若狂，拿出最好的肥料施给那些花，到几公里外的地方取泉水浇灌它们。矮树也从中得益，长得越来越高，有一天超过了那棵大树。它时时感恩，用自己的叶子给花儿遮阳。再看看那棵大树，虽然是盛夏季节，却因缺少呵护，只剩下歪歪曲曲的枯枝。因为没有人照料，它快要枯死了。 &lt;br /&gt;&amp;nbsp;&amp;nbsp;&amp;nbsp;&amp;nbsp;&amp;nbsp;&amp;nbsp;&amp;nbsp; 你对他人的态度决定了你自身的高度。</prompt><subItem sequenceIndex="1" itemType="singleChoice"><choiceInteraction responseIdentifier="RESPONSE_1" shuffle="true" maxChoices="1"><prompt>关于那个花园，可以知道什么？</prompt><simpleChoice identifier="A">面积非常大</simpleChoice><simpleChoice identifier="B">主人天天来</simpleChoice><simpleChoice identifier="C">吸引了很多路人</simpleChoice><simpleChoice identifier="D">有许多奇花异草</simpleChoice></choiceInteraction></subItem><subItem sequenceIndex="2" itemType="singleChoice"><choiceInteraction responseIdentifier="RESPONSE_2" shuffle="true" maxChoices="1"><prompt>关于那棵矮树，下列哪项正确？</prompt><simpleChoice identifier="A">根系发达</simpleChoice><simpleChoice identifier="B">叶子枯黄了</simpleChoice><simpleChoice identifier="C">变得高傲起来</simpleChoice><simpleChoice identifier="D">最后超过了大树</simpleChoice></choiceInteraction></subItem><subItem sequenceIndex="3" itemType="singleChoice"><choiceInteraction responseIdentifier="RESPONSE_3" shuffle="true" maxChoices="1"><prompt>大树为什么拒绝雪莲的请求？</prompt><simpleChoice identifier="A">怕被主人责骂</simpleChoice><simpleChoice identifier="B">它们对自己不礼貌</simpleChoice><simpleChoice identifier="C">希望它们有更好的前途</simpleChoice><simpleChoice identifier="D">担心它们抢了自己的风头</simpleChoice></choiceInteraction></subItem><subItem sequenceIndex="4" itemType="singleChoice"><choiceInteraction responseIdentifier="RESPONSE_4" shuffle="true" maxChoices="1"><prompt>上文主要想告诉我们：</prompt><simpleChoice identifier="A">要饮水思源</simpleChoice><simpleChoice identifier="B">不要贪图小便宜</simpleChoice><simpleChoice identifier="C">与人方便，自己方便</simpleChoice><simpleChoice identifier="D">最大的竞争对手是自己</simpleChoice></choiceInteraction></subItem></compositeInteraction></itemBody><responseProcessing><responseCondition><responseIf><match><correct identifier="RESPONSE_1" /><variable identifier="RESPONSE_1" /></match><setOutcomeValue identifier="SCORE_1"><baseValue baseType="float">0.25</baseValue></setOutcomeValue></responseIf></responseCondition><responseCondition><responseIf><match><correct identifier="RESPONSE_2" /><variable identifier="RESPONSE_2" /></match><setOutcomeValue identifier="SCORE_2"><baseValue baseType="float">0.25</baseValue></setOutcomeValue></responseIf></responseCondition><responseCondition><responseIf><match><correct identifier="RESPONSE_3" /><variable identifier="RESPONSE_3" /></match><setOutcomeValue identifier="SCORE_3"><baseValue baseType="float">0.25</baseValue></setOutcomeValue></responseIf></responseCondition><responseCondition><responseIf><match><correct identifier="RESPONSE_4" /><variable identifier="RESPONSE_4" /></match><setOutcomeValue identifier="SCORE_4"><baseValue baseType="float">0.25</baseValue></setOutcomeValue></responseIf></responseCondition><setOutcomeValue identifier="SCORE"><sum><variable identifier="SCORE_1" /><variable identifier="SCORE_2" /><variable identifier="SCORE_3" /><variable identifier="SCORE_4" /></sum></setOutcomeValue></responseProcessing></assessmentItem>