<assessmentItem xmlns:xsi="http://www.w3.org/2001/XMLSchema-instance" xmlns:xsd="http://www.w3.org/2001/XMLSchema" xmlns="http://www.open.com.cn/schemas/exam/openqti_v1" identifier="461d5454-a437-4c02-908d-44ddf69520aa" title="阅读51" adaptive="false" timeDependent="false"><responseDeclaration identifier="RESPONSE" cardinality="single" baseType="identifier"><correctResponse><value>D</value></correctResponse></responseDeclaration><outcomeDeclaration identifier="SCORE" cardinality="single" baseType="float" normalMaximum="1"><defaultValue><value>0</value></defaultValue></outcomeDeclaration><itemBody><choiceInteraction responseIdentifier="RESPONSE" shuffle="true" maxChoices="1"><prompt>请选出有语病的一项。</prompt><simpleChoice identifier="A">艺术源于生活，又高于生活。</simpleChoice><simpleChoice identifier="B">生活不是单行线，一条路走不通，你还可以转个弯。</simpleChoice><simpleChoice identifier="C">平遥没有故宫的庄严和肃穆，它只是一座平民之城。</simpleChoice><simpleChoice identifier="D">生活中会发生什么，我们无法选择，但我们甚至可以选择怎样面对。</simpleChoice></choiceInteraction></itemBody><responseProcessing><responseCondition><responseIf><match><correct identifier="RESPONSE" /><variable identifier="RESPONSE" /></match><setOutcomeValue identifier="SCORE"><baseValue baseType="float">1</baseValue></setOutcomeValue></responseIf></responseCondition></responseProcessing></assessmentItem>