<assessmentItem xmlns:xsi="http://www.w3.org/2001/XMLSchema-instance" xmlns:xsd="http://www.w3.org/2001/XMLSchema" xmlns="http://www.open.com.cn/schemas/exam/openqti_v1" identifier="c5753e19-489e-4687-addf-b826e609d098" title="阅读59" adaptive="false" timeDependent="false"><responseDeclaration identifier="RESPONSE" cardinality="single" baseType="identifier"><correctResponse><value>B</value></correctResponse></responseDeclaration><outcomeDeclaration identifier="SCORE" cardinality="single" baseType="float" normalMaximum="1"><defaultValue><value>0</value></defaultValue></outcomeDeclaration><itemBody><choiceInteraction responseIdentifier="RESPONSE" shuffle="true" maxChoices="1"><prompt>请选出有语病的一项。</prompt><simpleChoice identifier="A">古代通讯技术不发达，人们就训练鸽子来传递信息，所以有&amp;ldquo;飞鸽传书&amp;rdquo;的说法。</simpleChoice><simpleChoice identifier="B">有&amp;ldquo;活化石&amp;rdquo;之称的龟视为长寿的象征，在生物演化、地质变迁等方面具有重要的科研价值。</simpleChoice><simpleChoice identifier="C">科学研究发现，向一个人道歉的时候，如果看着他的眼睛，更容易获得他的原谅。你注意到这一点了吗？</simpleChoice><simpleChoice identifier="D">服饰应满足人类三个方面的需要，即调节体温、满足保护身体的生理需要，区别身份、表达信仰的社会需要，遮蔽弱点、突出个性的审美需要。</simpleChoice></choiceInteraction></itemBody><responseProcessing><responseCondition><responseIf><match><correct identifier="RESPONSE" /><variable identifier="RESPONSE" /></match><setOutcomeValue identifier="SCORE"><baseValue baseType="float">1</baseValue></setOutcomeValue></responseIf></responseCondition></responseProcessing></assessmentItem>