<assessmentItem xmlns:xsi="http://www.w3.org/2001/XMLSchema-instance" xmlns:xsd="http://www.w3.org/2001/XMLSchema" xmlns="http://www.open.com.cn/schemas/exam/openqti_v1" identifier="23f6520c-5255-476e-b941-febca1d99cf0" title="阅读93-96" adaptive="false" timeDependent="false"><responseDeclaration identifier="RESPONSE_1" cardinality="single" baseType="identifier"><correctResponse><value>D</value></correctResponse></responseDeclaration><responseDeclaration identifier="RESPONSE_2" cardinality="single" baseType="identifier"><correctResponse><value>C</value></correctResponse></responseDeclaration><responseDeclaration identifier="RESPONSE_3" cardinality="single" baseType="identifier"><correctResponse><value>B</value></correctResponse></responseDeclaration><responseDeclaration identifier="RESPONSE_4" cardinality="single" baseType="identifier"><correctResponse><value>C</value></correctResponse></responseDeclaration><outcomeDeclaration identifier="SCORE_1" cardinality="single" baseType="float" normalMaximum="0.25"><defaultValue><value>0</value></defaultValue></outcomeDeclaration><outcomeDeclaration identifier="SCORE_2" cardinality="single" baseType="float" normalMaximum="0.25"><defaultValue><value>0</value></defaultValue></outcomeDeclaration><outcomeDeclaration identifier="SCORE_3" cardinality="single" baseType="float" normalMaximum="0.25"><defaultValue><value>0</value></defaultValue></outcomeDeclaration><outcomeDeclaration identifier="SCORE_4" cardinality="single" baseType="float" normalMaximum="0.25"><defaultValue><value>0</value></defaultValue></outcomeDeclaration><outcomeDeclaration identifier="SCORE" cardinality="single" baseType="float" normalMaximum="1"><defaultValue><value>0</value></defaultValue></outcomeDeclaration><itemBody><compositeInteraction shuffle="false"><prompt>&amp;nbsp;&amp;nbsp;&amp;nbsp;&amp;nbsp;&amp;nbsp;&amp;nbsp;&lt;img alt="" align="right" style="width: 204px; height: 142px" src="23f6520c-5255-476e-b941-febca1d99cf0/2011714161834293.jpg" /&gt;&amp;nbsp; 明朝出了一位伟大的医学家和药物学家，他叫李时珍，是湖北蕲春人。 　　&lt;br /&gt;&amp;nbsp;&amp;nbsp;&amp;nbsp;&amp;nbsp;&amp;nbsp;&amp;nbsp;&amp;nbsp; 李时珍家世代行医。他的父亲医术很高，给穷人看病常常不收诊费，但就是不愿意自己的儿子再当医生，因为那时候，行医是被人看不起的职业。李时珍可不这样想，他看到医生能救死扶伤，解除病人的痛苦，就从小立下志愿，要像父亲一样为穷人看病。&lt;br /&gt;&amp;nbsp;&amp;nbsp;&amp;nbsp;&amp;nbsp;&amp;nbsp;&amp;nbsp;&amp;nbsp; 李时珍处处留心向父亲学习，暗自记下了不少药方。有一回，父亲遇到了疑难病症，一时想不出有效的药方。李时珍凑到父亲耳边，轻轻地说了一个古方，父亲一听他说的药方正对症，才同意他学医。 　　&lt;br /&gt;&amp;nbsp;&amp;nbsp;&amp;nbsp;&amp;nbsp;&amp;nbsp;&amp;nbsp;&amp;nbsp; 李时珍22岁开始给人看病，一边行医，一边研究药物。他发现旧的药物书有不少缺点：许多有用的药物没有记载；有些药物只记了个名称，没有说明形状和生长情况；还有一些药物记错了药性和药效。他想，病人吃错了药，那多危险啊，于是决心重新编写一部完善的药物书。&lt;br /&gt;&amp;nbsp;&amp;nbsp;&amp;nbsp;&amp;nbsp;&amp;nbsp;&amp;nbsp;&amp;nbsp; 为了写这部药物书，李时珍不但在治病的时候注意积累经验，还亲自到各地去采药。他不怕山高路远，不怕严寒酷暑，走遍了出产药材的名山。他有时好几天不下山，饿了吃些干粮，天黑了就在山上过夜。他走了上万里路，拜访了千百位医生、老农、渔民和猎人，从他们那里学到了许多书本上没有的知识。他还亲自品尝了许多药材，判断药性和药效。　 &lt;br /&gt;&amp;nbsp;&amp;nbsp;&amp;nbsp;&amp;nbsp;&amp;nbsp;&amp;nbsp;&amp;nbsp; 几年以后，他回到蕲春老家，开始写书。花了整整27年，他终于编写成了一部新的药物书，就是著名的《本草纲目》。&lt;br /&gt;&amp;nbsp;&amp;nbsp;&amp;nbsp;&amp;nbsp;&amp;nbsp;&amp;nbsp;&amp;nbsp; 遗憾的是，李时珍生前并没有亲眼看到这部自己终身为之&lt;u&gt;呕心沥血&lt;/u&gt;的巨著的印行。1593 年初秋，这位76 岁高龄的老人告别人世时，《本草纲目》还在南京由书商胡承龙等人主持刻版，直到3年后才印刷出版。</prompt><subItem sequenceIndex="1" itemType="singleChoice"><choiceInteraction responseIdentifier="RESPONSE_1" shuffle="true" maxChoices="1"><prompt>父亲为什么不让李时珍当医生？</prompt><simpleChoice identifier="A">无法养家糊口</simpleChoice><simpleChoice identifier="B">穷人付不起诊费</simpleChoice><simpleChoice identifier="C">医生辛苦且容易遇到危险</simpleChoice><simpleChoice identifier="D">当时医生的社会地位不高</simpleChoice></choiceInteraction></subItem><subItem sequenceIndex="2" itemType="singleChoice"><choiceInteraction responseIdentifier="RESPONSE_2" shuffle="true" maxChoices="1"><prompt>关于李时珍，可以知道什么？</prompt><simpleChoice identifier="A">家境贫寒</simpleChoice><simpleChoice identifier="B">晚年隐居山林</simpleChoice><simpleChoice identifier="C">出生于医学世家</simpleChoice><simpleChoice identifier="D">对西医也有研究</simpleChoice></choiceInteraction></subItem><subItem sequenceIndex="3" itemType="singleChoice"><choiceInteraction responseIdentifier="RESPONSE_3" shuffle="true" maxChoices="1"><prompt>关于《本草纲目》，下列哪项正确？</prompt><simpleChoice identifier="A">出版于1593年秋</simpleChoice><simpleChoice identifier="B">是一部药物学著作</simpleChoice><simpleChoice identifier="C">分为上、中、下三部</simpleChoice><simpleChoice identifier="D">是李时珍与其弟子共同编著的</simpleChoice></choiceInteraction></subItem><subItem sequenceIndex="4" itemType="singleChoice"><choiceInteraction responseIdentifier="RESPONSE_4" shuffle="true" maxChoices="1"><prompt>与上文中&amp;ldquo;呕心沥血&amp;rdquo;意思最相近的是：</prompt><simpleChoice identifier="A">从容不迫</simpleChoice><simpleChoice identifier="B">见多识广</simpleChoice><simpleChoice identifier="C">竭尽全力</simpleChoice><simpleChoice identifier="D">精打细算</simpleChoice></choiceInteraction></subItem></compositeInteraction></itemBody><responseProcessing><responseCondition><responseIf><match><correct identifier="RESPONSE_1" /><variable identifier="RESPONSE_1" /></match><setOutcomeValue identifier="SCORE_1"><baseValue baseType="float">0.25</baseValue></setOutcomeValue></responseIf></responseCondition><responseCondition><responseIf><match><correct identifier="RESPONSE_2" /><variable identifier="RESPONSE_2" /></match><setOutcomeValue identifier="SCORE_2"><baseValue baseType="float">0.25</baseValue></setOutcomeValue></responseIf></responseCondition><responseCondition><responseIf><match><correct identifier="RESPONSE_3" /><variable identifier="RESPONSE_3" /></match><setOutcomeValue identifier="SCORE_3"><baseValue baseType="float">0.25</baseValue></setOutcomeValue></responseIf></responseCondition><responseCondition><responseIf><match><correct identifier="RESPONSE_4" /><variable identifier="RESPONSE_4" /></match><setOutcomeValue identifier="SCORE_4"><baseValue baseType="float">0.25</baseValue></setOutcomeValue></responseIf></responseCondition><setOutcomeValue identifier="SCORE"><sum><variable identifier="SCORE_1" /><variable identifier="SCORE_2" /><variable identifier="SCORE_3" /><variable identifier="SCORE_4" /></sum></setOutcomeValue></responseProcessing></assessmentItem>