<assessmentItem xmlns:xsi="http://www.w3.org/2001/XMLSchema-instance" xmlns:xsd="http://www.w3.org/2001/XMLSchema" xmlns="http://www.open.com.cn/schemas/exam/openqti_v1" identifier="23f95a73-8b99-4314-8d47-e9479a1009ed" title="书写101" adaptive="false" timeDependent="false"><responseDeclaration identifier="RESPONSE" cardinality="single" baseType="string"><correctResponse><value>略</value></correctResponse></responseDeclaration><outcomeDeclaration identifier="SCORE" cardinality="single" baseType="float" normalMaximum="1"><defaultValue><value>0</value></defaultValue></outcomeDeclaration><itemBody><extendedTextInteraction responseIdentifier="RESPONSE" expectedLength="600"><prompt>（1）仔细阅读下面这篇文章，时间为10分钟，阅读时不能抄写、记录。&lt;br /&gt;（2）10分钟后，系统自动收回阅读材料，请你将这篇文章缩写成一篇短文，时间为35分钟。&lt;br /&gt;（3）标题自拟。只需复述文章内容，不需加入自己的观点。&lt;br /&gt;（4）字数为400左右。&lt;br /&gt;（5）请使用键盘作答或直接写在答题纸上。&lt;br /&gt;&lt;br /&gt;&lt;br /&gt;&amp;nbsp;&amp;nbsp;&amp;nbsp;&amp;nbsp;&amp;nbsp;&amp;nbsp;&amp;nbsp; 张良是汉高祖刘邦的重要谋臣，在他年轻的时候，曾有过这么一段故事。&lt;br /&gt;&amp;nbsp;&amp;nbsp;&amp;nbsp;&amp;nbsp;&amp;nbsp;&amp;nbsp;&amp;nbsp; 那时的张良还只是一名很普通的青年。一天，他漫步来到一座桥上，看到桥头坐着一个衣衫破旧的老头儿。张良走过那老头儿身边时，老头儿忽然脱下脚上的破鞋子，把它丢到桥下，对张良说：&amp;ldquo;去，把鞋给我捡回来。&amp;rdquo;张良觉得很奇怪，也很生气，觉得老头儿是在侮辱自己，真想上去揍他几下。可是他看到老头儿年岁已高，便忍着气走到桥下，给老头儿捡回了鞋子。谁知这老头儿得寸进尺，竟然把脚一伸，吩咐说：&amp;ldquo;给我穿上。&amp;rdquo;这更让张良觉得奇怪，简直是莫名其妙。尽管张良已经很生气，但他想了想，还是决定干脆帮忙就帮到底。于是他跪下身来，帮老头儿把鞋子穿上。&lt;br /&gt;&amp;nbsp;&amp;nbsp;&amp;nbsp;&amp;nbsp;&amp;nbsp;&amp;nbsp;&amp;nbsp; 老头儿穿好鞋，跺跺脚，哈哈大笑着扬长而去。张良看着头也不回、连一声谢谢都没有的老头儿的背影，正在纳闷儿，看见老头儿忽然又转身回来了。他对张良说：&amp;ldquo;小伙子，我看你是块儿好材料，值得培养。这样吧，5天后的早上，你到这儿来等我。&amp;rdquo;张良深感玄妙，就诚恳地跪拜说：&amp;ldquo;谢谢老先生，愿听先生指教。&amp;rdquo;&lt;br /&gt;&amp;nbsp;&amp;nbsp;&amp;nbsp;&amp;nbsp;&amp;nbsp;&amp;nbsp;&amp;nbsp; 第5天一大早，张良来到桥头时，只见老头儿已经先在桥头等候。他见到张良，很生气地责备张良说：&amp;ldquo;同老年人约会还迟到，这像什么话呢！&amp;rdquo;说完他就起身走了。走出几步，又回头对张良说：&amp;ldquo;过5天早上再会吧。&amp;rdquo;&lt;br /&gt;&amp;nbsp;&amp;nbsp;&amp;nbsp;&amp;nbsp;&amp;nbsp;&amp;nbsp;&amp;nbsp; 张良有些懊悔，可也无可奈何，只有等5天后再来。&lt;br /&gt;&amp;nbsp;&amp;nbsp;&amp;nbsp;&amp;nbsp;&amp;nbsp;&amp;nbsp;&amp;nbsp; 到了第5天，天刚蒙蒙亮，张良就来到了桥上，可没料到，老人又先他而到。看见张良，老头儿这回声色俱厉地责骂道：&amp;ldquo;为什么又迟到呢？实在是太不像话了！&amp;rdquo;说完，十分生气地一甩手就走了。临了依然丢下一句话，&amp;ldquo;还是再过5天，你早早来吧。&amp;rdquo;&lt;br /&gt;&amp;nbsp;&amp;nbsp;&amp;nbsp;&amp;nbsp;&amp;nbsp;&amp;nbsp;&amp;nbsp; 张良惭愧不已。又过了5天，张良刚刚躺下睡了一会儿就爬了起来，还不到半夜，就摸黑赶到桥头，他不能再让老头儿生气了。过了一会儿，老头儿来了，见张良早已在桥头等候，他满脸高兴地说：&amp;ldquo;年轻人就应该这样啊。&amp;rdquo;然后，老头儿从怀中掏出一本书来，交给张良说：&amp;ldquo;读了这部书，就可以帮助君王治国平天下了。&amp;rdquo;说完，老头儿飘然而去，还没等张良回过神来，老头儿已没了踪影。&lt;br /&gt;&amp;nbsp;&amp;nbsp;&amp;nbsp;&amp;nbsp;&amp;nbsp;&amp;nbsp;&amp;nbsp; 等到天亮，张良打开手中的书，他惊奇地发现自己得到的是《太公兵法》，这可是天下早已失传的极其珍贵的书呀，张良惊异不已。&lt;br /&gt;&amp;nbsp;&amp;nbsp;&amp;nbsp;&amp;nbsp;&amp;nbsp;&amp;nbsp;&amp;nbsp; 从此以后，张良捧着《太公兵法》日夜攻读，勤奋钻研。后来真的成了大军事家，做了刘邦的得力助手，为汉王朝的建立立下了卓著功勋，名噪一时。&lt;br /&gt;&amp;nbsp;&amp;nbsp;&amp;nbsp;&amp;nbsp;&amp;nbsp;&amp;nbsp;&amp;nbsp; 张良能尊敬长者，宽容待人，至诚守信，做事勤勉，所以才能成就一番大事业。&lt;br /&gt;</prompt></extendedTextInteraction></itemBody></assessmentItem>