<assessmentItem xmlns:xsi="http://www.w3.org/2001/XMLSchema-instance" xmlns:xsd="http://www.w3.org/2001/XMLSchema" xmlns="http://www.open.com.cn/schemas/exam/openqti_v1" identifier="d794276e-3ab8-4fe6-808c-aea9e0139c5f" title="阅读60" adaptive="false" timeDependent="false"><responseDeclaration identifier="RESPONSE" cardinality="single" baseType="identifier"><correctResponse><value>A</value></correctResponse></responseDeclaration><outcomeDeclaration identifier="SCORE" cardinality="single" baseType="float" normalMaximum="1"><defaultValue><value>0</value></defaultValue></outcomeDeclaration><itemBody><choiceInteraction responseIdentifier="RESPONSE" shuffle="true" maxChoices="1"><prompt>请选出有语病的一项。</prompt><simpleChoice identifier="A">新疆吐鲁番盆地平均每年要刮70多次大风卷起漫天风沙，所以有&amp;ldquo;风库&amp;rdquo;之称。</simpleChoice><simpleChoice identifier="B">一项调查结果显示，50.3%的大学毕业生在第一份工作坚持不到一年的时候就开始跳槽。</simpleChoice><simpleChoice identifier="C">绿色植物在阳光的照射下，会吸收二氧化碳进行光合作用，以合成它们生长所需要的有机物。</simpleChoice><simpleChoice identifier="D">&amp;ldquo;尺有所短，寸有所长。&amp;rdquo;每个人都有自己的优点和缺点，要虚心学习别人的长处，来弥补自己的不足。</simpleChoice></choiceInteraction></itemBody><responseProcessing><responseCondition><responseIf><match><correct identifier="RESPONSE" /><variable identifier="RESPONSE" /></match><setOutcomeValue identifier="SCORE"><baseValue baseType="float">1</baseValue></setOutcomeValue></responseIf></responseCondition></responseProcessing></assessmentItem>