<assessmentItem xmlns:xsi="http://www.w3.org/2001/XMLSchema-instance" xmlns:xsd="http://www.w3.org/2001/XMLSchema" xmlns="http://www.open.com.cn/schemas/exam/openqti_v1" identifier="156e995f-bacd-4618-99d8-0aba735d7a67" title="阅读58" adaptive="false" timeDependent="false"><responseDeclaration identifier="RESPONSE" cardinality="single" baseType="identifier"><correctResponse><value>C</value></correctResponse></responseDeclaration><outcomeDeclaration identifier="SCORE" cardinality="single" baseType="float" normalMaximum="1"><defaultValue><value>0</value></defaultValue></outcomeDeclaration><itemBody><choiceInteraction responseIdentifier="RESPONSE" shuffle="true" maxChoices="1"><prompt>请选出有语病的一项。</prompt><simpleChoice identifier="A">读书好似爬山，爬得越高，望得越远；读书又好似耕耘，汗水流得越多，收获越丰富。</simpleChoice><simpleChoice identifier="B">悲观的人，先被自己打败，然后才被生活打败；乐观的人，先战胜自己，然后才战胜生活。</simpleChoice><simpleChoice identifier="C">《木兰诗》和《孔雀东南飞》合称&amp;ldquo;乐府双璧&amp;rdquo;，是汉代乐府民歌中最著名的两个大代表作。</simpleChoice><simpleChoice identifier="D">知人不易，自知更难。明白自己适合做什么、能够做什么，对于很多人来说，甚至比认识别人更加困难。</simpleChoice></choiceInteraction></itemBody><responseProcessing><responseCondition><responseIf><match><correct identifier="RESPONSE" /><variable identifier="RESPONSE" /></match><setOutcomeValue identifier="SCORE"><baseValue baseType="float">1</baseValue></setOutcomeValue></responseIf></responseCondition></responseProcessing></assessmentItem>