<assessmentItem xmlns:xsi="http://www.w3.org/2001/XMLSchema-instance" xmlns:xsd="http://www.w3.org/2001/XMLSchema" xmlns="http://www.open.com.cn/schemas/exam/openqti_v1" identifier="d55c6f9b-a3ea-4c30-bdd1-79f3c8578547" title="阅读57" adaptive="false" timeDependent="false"><responseDeclaration identifier="RESPONSE" cardinality="single" baseType="identifier"><correctResponse><value>B</value></correctResponse></responseDeclaration><outcomeDeclaration identifier="SCORE" cardinality="single" baseType="float" normalMaximum="1"><defaultValue><value>0</value></defaultValue></outcomeDeclaration><itemBody><choiceInteraction responseIdentifier="RESPONSE" shuffle="true" maxChoices="1"><prompt>请选出有语病的一项。</prompt><simpleChoice identifier="A">天下没有免费的午餐，有获得就必然有付出。</simpleChoice><simpleChoice identifier="B">不到万不得已，我是会采取那样的手段来处理这个问题的。</simpleChoice><simpleChoice identifier="C">幸福没有快车道，所有的幸福，都来自平凡的坚持和不懈的努力。</simpleChoice><simpleChoice identifier="D">企业管理水平低下和核心竞争力不足，是阻碍一些企业壮大的两大顽疾。</simpleChoice></choiceInteraction></itemBody><responseProcessing><responseCondition><responseIf><match><correct identifier="RESPONSE" /><variable identifier="RESPONSE" /></match><setOutcomeValue identifier="SCORE"><baseValue baseType="float">1</baseValue></setOutcomeValue></responseIf></responseCondition></responseProcessing></assessmentItem>