<assessmentTest xmlns:xsi="http://www.w3.org/2001/XMLSchema-instance" xmlns:xsd="http://www.w3.org/2001/XMLSchema" identifier="18b500cf-06b1-e011-abdb-005056b834eb" title="HSK二级1107（H21116）" xmlns="http://www.open.com.cn/schemas/exam/openqti_v1"><outcomeDeclaration identifier="SCORE" cardinality="single" baseType="float" /><testPart identifier="P01" navigationMode="linear" submissionMode="simultaneous"><rubricBlock view="candidate"><prompt>听力&lt;media src="18b500cf-06b1-e011-abdb-005056b834eb\P01\2011718141826307.mp3" mimeType="audio/mpeg" content="" duration="64" repeatInterval="0" repeatTimes="0"&gt;答题说明&lt;/media&gt;</prompt></rubricBlock><endBlock><prompt>&lt;media src="18b500cf-06b1-e011-abdb-005056b834eb\P01\201471517632856.mp3" mimeType="audio/mpeg" content="" duration="4" repeatInterval="0" repeatTimes="0"&gt;模块结束音频&lt;/media&gt;</prompt></endBlock><timeLimits maxTime="1785" checkTime="180" /><assessmentSection identifier="S01" title="第一部分" visible="true" score="25" itemCount="10" optionalItemCount="0" mediaType="1" optionalItemScore="0"><endBlock /><ordering shuffle="false" /><rubricBlock view="candidate"><prompt>&lt;media src="18b500cf-06b1-e011-abdb-005056b834eb\P01\S01\2011718141856197.mp3" mimeType="audio/mpeg" content="" duration="9" repeatInterval="0" repeatTimes="0"&gt;答题说明&lt;/media&gt;</prompt></rubricBlock><assessmentItemRef identifier="_x0034_9d99ead-216e-47cb-a10d-f8420926adbb" href="AssessmentItems/ASI_49d99ead-216e-47cb-a10d-f8420926adbb.xml" type="judgement" subjective="false" isExample="true" prepareDuration="0" responseDuration="0" promptShowDuration="0"><media mimeType="audio/mpeg" src="49d99ead-216e-47cb-a10d-f8420926adbb\2011715163352885.mp3" duration="18" content="" repeatTimes="0" repeatInterval="0">播放音频</media><weight identifier="WEIGHT" value="0">0</weight></assessmentItemRef><assessmentItemRef identifier="_x0037_f892089-9b18-4c8a-b5e2-7a1d39474f82" href="AssessmentItems/ASI_7f892089-9b18-4c8a-b5e2-7a1d39474f82.xml" type="judgement" subjective="false" isExample="true" prepareDuration="0" responseDuration="0" promptShowDuration="0"><media mimeType="audio/mpeg" src="7f892089-9b18-4c8a-b5e2-7a1d39474f82\2011715163443963.mp3" duration="21" content="" repeatTimes="0" repeatInterval="0">播放音频</media><weight identifier="WEIGHT" value="0">0</weight></assessmentItemRef><assessmentItemRef identifier="b2d72c12-4716-4254-b01a-f4b8e1fc28d2" href="AssessmentItems/ASI_b2d72c12-4716-4254-b01a-f4b8e1fc28d2.xml" type="judgement" subjective="false" isExample="false" prepareDuration="0" responseDuration="6" promptShowDuration="0"><media mimeType="audio/mpeg" src="b2d72c12-4716-4254-b01a-f4b8e1fc28d2\2011715163530807.mp3" duration="19" content="" repeatTimes="0" repeatInterval="0">播放音频</media><weight identifier="WEIGHT" value="2.5">2.5</weight></assessmentItemRef><assessmentItemRef identifier="_x0035_943ee37-91c3-443d-ab1f-5b89f0625b4b" href="AssessmentItems/ASI_5943ee37-91c3-443d-ab1f-5b89f0625b4b.xml" type="judgement" subjective="false" isExample="false" prepareDuration="0" responseDuration="6" promptShowDuration="0"><media mimeType="audio/mpeg" src="5943ee37-91c3-443d-ab1f-5b89f0625b4b\2011715163612400.mp3" duration="11" content="" repeatTimes="0" repeatInterval="0">播放音频</media><weight identifier="WEIGHT" value="2.5">2.5</weight></assessmentItemRef><assessmentItemRef identifier="_x0036_a901306-7c00-4097-a2d6-7e8f442c7c00" href="AssessmentItems/ASI_6a901306-7c00-4097-a2d6-7e8f442c7c00.xml" type="judgement" subjective="false" isExample="false" prepareDuration="0" responseDuration="6" promptShowDuration="0"><media mimeType="audio/mpeg" src="6a901306-7c00-4097-a2d6-7e8f442c7c00\2011715163654182.mp3" duration="13" content="" repeatTimes="0" repeatInterval="0">播放音频</media><weight identifier="WEIGHT" value="2.5">2.5</weight></assessmentItemRef><assessmentItemRef identifier="fd28963d-1356-4b73-91e6-5ad459b909d9" href="AssessmentItems/ASI_fd28963d-1356-4b73-91e6-5ad459b909d9.xml" type="judgement" subjective="false" isExample="false" prepareDuration="0" responseDuration="6" promptShowDuration="0"><media mimeType="audio/mpeg" src="fd28963d-1356-4b73-91e6-5ad459b909d9\2011715163731853.mp3" duration="17" content="" repeatTimes="0" repeatInterval="0">播放音频</media><weight identifier="WEIGHT" value="2.5">2.5</weight></assessmentItemRef><assessmentItemRef identifier="_x0034_1f605c0-5b95-42e3-b130-b79d0b1d4062" href="AssessmentItems/ASI_41f605c0-5b95-42e3-b130-b79d0b1d4062.xml" type="judgement" subjective="false" isExample="false" prepareDuration="0" responseDuration="6" promptShowDuration="0"><media mimeType="audio/mpeg" src="41f605c0-5b95-42e3-b130-b79d0b1d4062\2011715163810525.mp3" duration="15" content="" repeatTimes="0" repeatInterval="0">播放音频</media><weight identifier="WEIGHT" value="2.5">2.5</weight></assessmentItemRef><assessmentItemRef identifier="f29121a5-8c97-4862-9690-83c3ada863db" href="AssessmentItems/ASI_f29121a5-8c97-4862-9690-83c3ada863db.xml" type="judgement" subjective="false" isExample="false" prepareDuration="0" responseDuration="6" promptShowDuration="0"><media mimeType="audio/mpeg" src="f29121a5-8c97-4862-9690-83c3ada863db\2011715163853447.mp3" duration="13" content="" repeatTimes="0" repeatInterval="0">播放音频</media><weight identifier="WEIGHT" value="2.5">2.5</weight></assessmentItemRef><assessmentItemRef identifier="_x0032_ef97c85-c7c0-4b9f-b19c-166ccc87a69c" href="AssessmentItems/ASI_2ef97c85-c7c0-4b9f-b19c-166ccc87a69c.xml" type="judgement" subjective="false" isExample="false" prepareDuration="0" responseDuration="6" promptShowDuration="0"><media mimeType="audio/mpeg" src="2ef97c85-c7c0-4b9f-b19c-166ccc87a69c\2011715163931791.mp3" duration="14" content="" repeatTimes="0" repeatInterval="0">播放音频</media><weight identifier="WEIGHT" value="2.5">2.5</weight></assessmentItemRef><assessmentItemRef identifier="_x0036_cac4bc8-f13b-4baf-bb0a-27bdd8a7dd27" href="AssessmentItems/ASI_6cac4bc8-f13b-4baf-bb0a-27bdd8a7dd27.xml" type="judgement" subjective="false" isExample="false" prepareDuration="0" responseDuration="6" promptShowDuration="0"><media mimeType="audio/mpeg" src="6cac4bc8-f13b-4baf-bb0a-27bdd8a7dd27\2011715164011275.mp3" duration="13" content="" repeatTimes="0" repeatInterval="0">播放音频</media><weight identifier="WEIGHT" value="2.5">2.5</weight></assessmentItemRef><assessmentItemRef identifier="_x0035_972ad25-5739-4a08-92a3-239de7adc9a6" href="AssessmentItems/ASI_5972ad25-5739-4a08-92a3-239de7adc9a6.xml" type="judgement" subjective="false" isExample="false" prepareDuration="0" responseDuration="6" promptShowDuration="0"><media mimeType="audio/mpeg" src="5972ad25-5739-4a08-92a3-239de7adc9a6\2011715164052338.mp3" duration="12" content="" repeatTimes="0" repeatInterval="0">播放音频</media><weight identifier="WEIGHT" value="2.5">2.5</weight></assessmentItemRef><assessmentItemRef identifier="_x0036_4731671-46b4-4434-9696-950551855d20" href="AssessmentItems/ASI_64731671-46b4-4434-9696-950551855d20.xml" type="judgement" subjective="false" isExample="false" prepareDuration="0" responseDuration="6" promptShowDuration="0"><media mimeType="audio/mpeg" src="64731671-46b4-4434-9696-950551855d20\2011715164133947.mp3" duration="12" content="" repeatTimes="0" repeatInterval="0">播放音频</media><weight identifier="WEIGHT" value="2.5">2.5</weight></assessmentItemRef></assessmentSection><assessmentSection identifier="S02" title="第二部分" visible="true" score="25" itemCount="2" optionalItemCount="0" mediaType="1" optionalItemScore="0"><endBlock /><ordering shuffle="false" /><rubricBlock view="candidate"><prompt>&lt;media src="18b500cf-06b1-e011-abdb-005056b834eb\P01\S02\2011718142032791.mp3" mimeType="audio/mpeg" content="" duration="8" repeatInterval="0" repeatTimes="0"&gt;答题说明&lt;/media&gt;</prompt></rubricBlock><assessmentItemRef identifier="bc8e77c5-52ca-401b-a8b2-bdb314efc8f5" href="AssessmentItems/ASI_bc8e77c5-52ca-401b-a8b2-bdb314efc8f5.xml" type="readingComprehension" subjective="false" isExample="false" prepareDuration="0" responseDuration="10" promptShowDuration="0"><media mimeType="audio/mpeg" src="bc8e77c5-52ca-401b-a8b2-bdb314efc8f5\2011715164246494.mp3" duration="192" content="" repeatTimes="0" repeatInterval="0">播放音频</media><weight identifier="WEIGHT" value="12.5">12.5</weight></assessmentItemRef><assessmentItemRef identifier="_x0037_3a802dd-f04f-4dff-86d4-427792e688dd" href="AssessmentItems/ASI_73a802dd-f04f-4dff-86d4-427792e688dd.xml" type="readingComprehension" subjective="false" isExample="false" prepareDuration="0" responseDuration="10" promptShowDuration="0"><media mimeType="audio/mpeg" src="73a802dd-f04f-4dff-86d4-427792e688dd\201171516464541.mp3" duration="162" content="" repeatTimes="0" repeatInterval="0">播放音频</media><weight identifier="WEIGHT" value="12.5">12.5</weight></assessmentItemRef></assessmentSection><assessmentSection identifier="S03" title="第三部分" visible="true" score="25" itemCount="10" optionalItemCount="0" mediaType="1" optionalItemScore="0"><endBlock /><ordering shuffle="false" /><rubricBlock view="candidate"><prompt>&lt;media src="18b500cf-06b1-e011-abdb-005056b834eb\P01\S03\2011718142120807.mp3" mimeType="audio/mpeg" content="" duration="8" repeatInterval="0" repeatTimes="0"&gt;答题说明&lt;/media&gt;</prompt></rubricBlock><assessmentItemRef identifier="_x0034_5e6186c-0275-492c-9203-5468a6d6a905" href="AssessmentItems/ASI_45e6186c-0275-492c-9203-5468a6d6a905.xml" type="singleChoice" subjective="false" isExample="true" prepareDuration="0" responseDuration="0" promptShowDuration="0"><media mimeType="audio/mpeg" src="45e6186c-0275-492c-9203-5468a6d6a905\2011715164935572.mp3" duration="50" content="" repeatTimes="0" repeatInterval="0">播放音频</media><weight identifier="WEIGHT" value="0">0</weight></assessmentItemRef><assessmentItemRef identifier="_x0036_3f6af56-e434-4cc9-9fab-a249524485f1" href="AssessmentItems/ASI_63f6af56-e434-4cc9-9fab-a249524485f1.xml" type="singleChoice" subjective="false" isExample="false" prepareDuration="0" responseDuration="13" promptShowDuration="0"><media mimeType="audio/mpeg" src="63f6af56-e434-4cc9-9fab-a249524485f1\201171516517885.mp3" duration="43" content="" repeatTimes="0" repeatInterval="0">播放音频</media><weight identifier="WEIGHT" value="2.5">2.5</weight></assessmentItemRef><assessmentItemRef identifier="ca98ef4a-984a-412d-9b49-efc2d8c9b04a" href="AssessmentItems/ASI_ca98ef4a-984a-412d-9b49-efc2d8c9b04a.xml" type="singleChoice" subjective="false" isExample="false" prepareDuration="0" responseDuration="13" promptShowDuration="0"><media mimeType="audio/mpeg" src="ca98ef4a-984a-412d-9b49-efc2d8c9b04a\20117151652041.mp3" duration="35" content="" repeatTimes="0" repeatInterval="0">播放音频</media><weight identifier="WEIGHT" value="2.5">2.5</weight></assessmentItemRef><assessmentItemRef identifier="_x0033_473fda8-11a9-40a5-be34-d6d0c570e0dd" href="AssessmentItems/ASI_3473fda8-11a9-40a5-be34-d6d0c570e0dd.xml" type="singleChoice" subjective="false" isExample="false" prepareDuration="0" responseDuration="13" promptShowDuration="0"><media mimeType="audio/mpeg" src="3473fda8-11a9-40a5-be34-d6d0c570e0dd\2011715165251775.mp3" duration="34" content="" repeatTimes="0" repeatInterval="0">播放音频</media><weight identifier="WEIGHT" value="2.5">2.5</weight></assessmentItemRef><assessmentItemRef identifier="a14fb3a6-f4f4-4bbd-8920-ee23297d2d47" href="AssessmentItems/ASI_a14fb3a6-f4f4-4bbd-8920-ee23297d2d47.xml" type="singleChoice" subjective="false" isExample="false" prepareDuration="0" responseDuration="13" promptShowDuration="0"><media mimeType="audio/mpeg" src="a14fb3a6-f4f4-4bbd-8920-ee23297d2d47\2011715165340885.mp3" duration="28" content="" repeatTimes="0" repeatInterval="0">播放音频</media><weight identifier="WEIGHT" value="2.5">2.5</weight></assessmentItemRef><assessmentItemRef identifier="f42dd006-1120-4431-ad1a-02ce4c02a9e8" href="AssessmentItems/ASI_f42dd006-1120-4431-ad1a-02ce4c02a9e8.xml" type="singleChoice" subjective="false" isExample="false" prepareDuration="0" responseDuration="13" promptShowDuration="0"><media mimeType="audio/mpeg" src="f42dd006-1120-4431-ad1a-02ce4c02a9e8\2011715165426635.mp3" duration="36" content="" repeatTimes="0" repeatInterval="0">播放音频</media><weight identifier="WEIGHT" value="2.5">2.5</weight></assessmentItemRef><assessmentItemRef identifier="e39b827e-d791-4353-9d8e-f4b187bb9973" href="AssessmentItems/ASI_e39b827e-d791-4353-9d8e-f4b187bb9973.xml" type="singleChoice" subjective="false" isExample="false" prepareDuration="0" responseDuration="13" promptShowDuration="0"><media mimeType="audio/mpeg" src="e39b827e-d791-4353-9d8e-f4b187bb9973\2011715165512666.mp3" duration="36" content="" repeatTimes="0" repeatInterval="0">播放音频</media><weight identifier="WEIGHT" value="2.5">2.5</weight></assessmentItemRef><assessmentItemRef identifier="_x0039_41c7d0d-fec1-4097-ad0d-2f0feec3b7b9" href="AssessmentItems/ASI_941c7d0d-fec1-4097-ad0d-2f0feec3b7b9.xml" type="singleChoice" subjective="false" isExample="false" prepareDuration="0" responseDuration="13" promptShowDuration="0"><media mimeType="audio/mpeg" src="941c7d0d-fec1-4097-ad0d-2f0feec3b7b9\201171516561853.mp3" duration="31" content="" repeatTimes="0" repeatInterval="0">播放音频</media><weight identifier="WEIGHT" value="2.5">2.5</weight></assessmentItemRef><assessmentItemRef identifier="_x0039_3d8c557-e8c3-4d8c-b758-26ecad4b4ee8" href="AssessmentItems/ASI_93d8c557-e8c3-4d8c-b758-26ecad4b4ee8.xml" type="singleChoice" subjective="false" isExample="false" prepareDuration="0" responseDuration="13" promptShowDuration="0"><media mimeType="audio/mpeg" src="93d8c557-e8c3-4d8c-b758-26ecad4b4ee8\2011715165654307.mp3" duration="41" content="" repeatTimes="0" repeatInterval="0">播放音频</media><weight identifier="WEIGHT" value="2.5">2.5</weight></assessmentItemRef><assessmentItemRef identifier="_x0039_2c15a11-2787-456b-a09d-9dbff4a84b5f" href="AssessmentItems/ASI_92c15a11-2787-456b-a09d-9dbff4a84b5f.xml" type="singleChoice" subjective="false" isExample="false" prepareDuration="0" responseDuration="13" promptShowDuration="0"><media mimeType="audio/mpeg" src="92c15a11-2787-456b-a09d-9dbff4a84b5f\2011715165745432.mp3" duration="27" content="" repeatTimes="0" repeatInterval="0">播放音频</media><weight identifier="WEIGHT" value="2.5">2.5</weight></assessmentItemRef><assessmentItemRef identifier="a78af0c0-7eac-4b17-ad9e-8009d555f46b" href="AssessmentItems/ASI_a78af0c0-7eac-4b17-ad9e-8009d555f46b.xml" type="singleChoice" subjective="false" isExample="false" prepareDuration="0" responseDuration="13" promptShowDuration="0"><media mimeType="audio/mpeg" src="a78af0c0-7eac-4b17-ad9e-8009d555f46b\2011715165839838.mp3" duration="39" content="" repeatTimes="0" repeatInterval="0">播放音频</media><weight identifier="WEIGHT" value="2.5">2.5</weight></assessmentItemRef></assessmentSection><assessmentSection identifier="S04" title="第四部分" visible="true" score="25" itemCount="5" optionalItemCount="0" mediaType="1" optionalItemScore="0"><endBlock /><ordering shuffle="false" /><rubricBlock view="candidate"><prompt>&lt;media src="18b500cf-06b1-e011-abdb-005056b834eb\P01\S04\2011718142228713.mp3" mimeType="audio/mpeg" content="" duration="8" repeatInterval="0" repeatTimes="0"&gt;答题说明&lt;/media&gt;</prompt></rubricBlock><assessmentItemRef identifier="_x0036_767fabf-114c-4bde-87d2-31cb1422541c" href="AssessmentItems/ASI_6767fabf-114c-4bde-87d2-31cb1422541c.xml" type="singleChoice" subjective="false" isExample="true" prepareDuration="0" responseDuration="0" promptShowDuration="0"><media mimeType="audio/mpeg" src="6767fabf-114c-4bde-87d2-31cb1422541c\201171517021119.mp3" duration="44" content="" repeatTimes="0" repeatInterval="0">播放音频</media><weight identifier="WEIGHT" value="0">0</weight></assessmentItemRef><assessmentItemRef identifier="c433f254-b978-48b5-86ca-fcf3c5b1ee16" href="AssessmentItems/ASI_c433f254-b978-48b5-86ca-fcf3c5b1ee16.xml" type="singleChoice" subjective="false" isExample="false" prepareDuration="0" responseDuration="13" promptShowDuration="0"><media mimeType="audio/mpeg" src="c433f254-b978-48b5-86ca-fcf3c5b1ee16\201171517159400.mp3" duration="51" content="" repeatTimes="0" repeatInterval="0">播放音频</media><weight identifier="WEIGHT" value="5">5</weight></assessmentItemRef><assessmentItemRef identifier="_x0037_c56f66a-73bd-4073-9279-34fb401a9550" href="AssessmentItems/ASI_7c56f66a-73bd-4073-9279-34fb401a9550.xml" type="singleChoice" subjective="false" isExample="false" prepareDuration="0" responseDuration="13" promptShowDuration="0"><media mimeType="audio/mpeg" src="7c56f66a-73bd-4073-9279-34fb401a9550\201171517254103.mp3" duration="40" content="" repeatTimes="0" repeatInterval="0">播放音频</media><weight identifier="WEIGHT" value="5">5</weight></assessmentItemRef><assessmentItemRef identifier="dbd98988-1538-49a9-b5d8-5139afe7bf79" href="AssessmentItems/ASI_dbd98988-1538-49a9-b5d8-5139afe7bf79.xml" type="singleChoice" subjective="false" isExample="false" prepareDuration="0" responseDuration="13" promptShowDuration="0"><media mimeType="audio/mpeg" src="dbd98988-1538-49a9-b5d8-5139afe7bf79\201171517348432.mp3" duration="48" content="" repeatTimes="0" repeatInterval="0">播放音频</media><weight identifier="WEIGHT" value="5">5</weight></assessmentItemRef><assessmentItemRef identifier="ff101ad4-3960-4f16-9c37-799b0912fb03" href="AssessmentItems/ASI_ff101ad4-3960-4f16-9c37-799b0912fb03.xml" type="singleChoice" subjective="false" isExample="false" prepareDuration="0" responseDuration="13" promptShowDuration="0"><media mimeType="audio/mpeg" src="ff101ad4-3960-4f16-9c37-799b0912fb03\201171517441432.mp3" duration="50" content="" repeatTimes="0" repeatInterval="0">播放音频</media><weight identifier="WEIGHT" value="5">5</weight></assessmentItemRef><assessmentItemRef identifier="_x0034_4f6f01f-a6f4-4e7b-bc67-9fe52375ddc0" href="AssessmentItems/ASI_44f6f01f-a6f4-4e7b-bc67-9fe52375ddc0.xml" type="singleChoice" subjective="false" isExample="false" prepareDuration="0" responseDuration="13" promptShowDuration="0"><media mimeType="audio/mpeg" src="44f6f01f-a6f4-4e7b-bc67-9fe52375ddc0\201171517532666.mp3" duration="64" content="" repeatTimes="0" repeatInterval="0">播放音频</media><weight identifier="WEIGHT" value="5">5</weight></assessmentItemRef></assessmentSection></testPart><testPart identifier="P02" navigationMode="nonlinear" submissionMode="simultaneous"><rubricBlock view="candidate"><prompt>阅读</prompt></rubricBlock><endBlock /><timeLimits minTime="1320" maxTime="1320" /><assessmentSection identifier="S01" title="第一部分" visible="true" score="20" itemCount="1" optionalItemCount="0" mediaType="0" optionalItemScore="0"><endBlock /><ordering shuffle="false" /><rubricBlock view="candidate" /><assessmentItemRef identifier="_x0031_f6b4f32-7efe-40f6-8859-47da438ab27e" href="AssessmentItems/ASI_1f6b4f32-7efe-40f6-8859-47da438ab27e.xml" type="readingComprehension" subjective="false" isExample="false" prepareDuration="0" responseDuration="0" promptShowDuration="0"><weight identifier="WEIGHT" value="20">20</weight></assessmentItemRef></assessmentSection><assessmentSection identifier="S02" title="第二部分" visible="true" score="20" itemCount="1" optionalItemCount="0" mediaType="0" optionalItemScore="0"><endBlock /><ordering shuffle="false" /><rubricBlock view="candidate" /><assessmentItemRef identifier="c5160578-854e-414e-a831-d8a662749d21" href="AssessmentItems/ASI_c5160578-854e-414e-a831-d8a662749d21.xml" type="readingComprehension" subjective="false" isExample="false" prepareDuration="0" responseDuration="0" promptShowDuration="0"><weight identifier="WEIGHT" value="20">20</weight></assessmentItemRef></assessmentSection><assessmentSection identifier="S03" title="第三部分" visible="true" score="20" itemCount="5" optionalItemCount="0" mediaType="0" optionalItemScore="0"><endBlock /><ordering shuffle="false" /><rubricBlock view="candidate" /><assessmentItemRef identifier="a30961c9-07b3-48eb-bf74-daa9619db141" href="AssessmentItems/ASI_a30961c9-07b3-48eb-bf74-daa9619db141.xml" type="judgement" subjective="false" isExample="true" prepareDuration="0" responseDuration="0" promptShowDuration="0"><weight identifier="WEIGHT" value="0">0</weight></assessmentItemRef><assessmentItemRef identifier="_x0036_b9d91c0-8cab-49b7-9e03-5dd002954325" href="AssessmentItems/ASI_6b9d91c0-8cab-49b7-9e03-5dd002954325.xml" type="judgement" subjective="false" isExample="true" prepareDuration="0" responseDuration="0" promptShowDuration="0"><weight identifier="WEIGHT" value="0">0</weight></assessmentItemRef><assessmentItemRef identifier="f368e8fb-f3db-4876-a89a-4cd7515ca520" href="AssessmentItems/ASI_f368e8fb-f3db-4876-a89a-4cd7515ca520.xml" type="judgement" subjective="false" isExample="false" prepareDuration="0" responseDuration="0" promptShowDuration="0"><weight identifier="WEIGHT" value="4">4</weight></assessmentItemRef><assessmentItemRef identifier="_x0034_b9141fa-d356-4483-a1f0-46a235a19d1d" href="AssessmentItems/ASI_4b9141fa-d356-4483-a1f0-46a235a19d1d.xml" type="judgement" subjective="false" isExample="false" prepareDuration="0" responseDuration="0" promptShowDuration="0"><weight identifier="WEIGHT" value="4">4</weight></assessmentItemRef><assessmentItemRef identifier="_x0037_b865999-5191-430f-b249-c6779ccc003f" href="AssessmentItems/ASI_7b865999-5191-430f-b249-c6779ccc003f.xml" type="judgement" subjective="false" isExample="false" prepareDuration="0" responseDuration="0" promptShowDuration="0"><weight identifier="WEIGHT" value="4">4</weight></assessmentItemRef><assessmentItemRef identifier="_x0032_5a81284-bb42-4346-bca3-4316a1e4266e" href="AssessmentItems/ASI_25a81284-bb42-4346-bca3-4316a1e4266e.xml" type="judgement" subjective="false" isExample="false" prepareDuration="0" responseDuration="0" promptShowDuration="0"><weight identifier="WEIGHT" value="4">4</weight></assessmentItemRef><assessmentItemRef identifier="e2d44a83-48b5-4bf6-8511-6d9502942b3e" href="AssessmentItems/ASI_e2d44a83-48b5-4bf6-8511-6d9502942b3e.xml" type="judgement" subjective="false" isExample="false" prepareDuration="0" responseDuration="0" promptShowDuration="0"><weight identifier="WEIGHT" value="4">4</weight></assessmentItemRef></assessmentSection><assessmentSection identifier="S04" title="第四部分" visible="true" score="40" itemCount="2" optionalItemCount="0" mediaType="0" optionalItemScore="0"><endBlock /><ordering shuffle="false" /><rubricBlock view="candidate" /><assessmentItemRef identifier="_x0032_c22f61c-4869-45bf-a3c7-f18bb002881c" href="AssessmentItems/ASI_2c22f61c-4869-45bf-a3c7-f18bb002881c.xml" type="readingComprehension" subjective="false" isExample="false" prepareDuration="0" responseDuration="0" promptShowDuration="0"><weight identifier="WEIGHT" value="20">20</weight></assessmentItemRef><assessmentItemRef identifier="_x0037_68204d4-1f8e-4cd3-b419-b71cb6e1b30e" href="AssessmentItems/ASI_768204d4-1f8e-4cd3-b419-b71cb6e1b30e.xml" type="readingComprehension" subjective="false" isExample="false" prepareDuration="0" responseDuration="0" promptShowDuration="0"><weight identifier="WEIGHT" value="20">20</weight></assessmentItemRef></assessmentSection></testPart></assessmentTest>