<assessmentTest xmlns:xsi="http://www.w3.org/2001/XMLSchema-instance" xmlns:xsd="http://www.w3.org/2001/XMLSchema" identifier="b02b430a-02b1-e011-abdb-005056b834eb" title="HSK六级1107（H61114）" xmlns="http://www.open.com.cn/schemas/exam/openqti_v1"><outcomeDeclaration identifier="SCORE" cardinality="single" baseType="float" /><testPart identifier="P01" navigationMode="linear" submissionMode="simultaneous"><rubricBlock view="candidate"><prompt>听力&lt;media src="b02b430a-02b1-e011-abdb-005056b834eb\P01\2011718134020900.mp3" mimeType="audio/mpeg" content="" duration="57" repeatInterval="0" repeatTimes="0"&gt;答题说明&lt;/media&gt;</prompt></rubricBlock><endBlock><prompt>&lt;media src="b02b430a-02b1-e011-abdb-005056b834eb\P01\20141017113154599.mp3" mimeType="audio/mpeg" content="" duration="4" repeatInterval="0" repeatTimes="0"&gt;模块结束音频&lt;/media&gt;</prompt></endBlock><timeLimits maxTime="2458" checkTime="300" /><assessmentSection identifier="S01" title="第一部分" visible="true" score="30" itemCount="15" optionalItemCount="0" mediaType="1" optionalItemScore="0"><endBlock /><ordering shuffle="false" /><rubricBlock view="candidate"><prompt>请选出与所听内容一致的一项。&lt;media src="b02b430a-02b1-e011-abdb-005056b834eb\P01\S01\201171813413807.mp3" mimeType="audio/mpeg" content="" duration="9" repeatInterval="0" repeatTimes="0"&gt;答题说明&lt;/media&gt;</prompt></rubricBlock><assessmentItemRef identifier="d76daccc-3f64-40b1-9d37-b3da95316bd6" href="AssessmentItems/ASI_d76daccc-3f64-40b1-9d37-b3da95316bd6.xml" type="singleChoice" subjective="false" isExample="false" prepareDuration="0" responseDuration="13" promptShowDuration="0"><media mimeType="audio/mpeg" src="d76daccc-3f64-40b1-9d37-b3da95316bd6\2011714162923543.mp3" duration="33" content="" repeatTimes="0" repeatInterval="0">播放音频</media><weight identifier="WEIGHT" value="2">2</weight></assessmentItemRef><assessmentItemRef identifier="a145431d-c70e-4bef-918d-d29f91a20310" href="AssessmentItems/ASI_a145431d-c70e-4bef-918d-d29f91a20310.xml" type="singleChoice" subjective="false" isExample="false" prepareDuration="0" responseDuration="13" promptShowDuration="0"><media mimeType="audio/mpeg" src="a145431d-c70e-4bef-918d-d29f91a20310\2011714163024981.mp3" duration="23" content="" repeatTimes="0" repeatInterval="0">播放音频</media><weight identifier="WEIGHT" value="2">2</weight></assessmentItemRef><assessmentItemRef identifier="cd1f46d1-7f97-4893-8153-dd5ee48febb5" href="AssessmentItems/ASI_cd1f46d1-7f97-4893-8153-dd5ee48febb5.xml" type="singleChoice" subjective="false" isExample="false" prepareDuration="0" responseDuration="13" promptShowDuration="0"><media mimeType="audio/mpeg" src="cd1f46d1-7f97-4893-8153-dd5ee48febb5\2011714163117684.mp3" duration="25" content="" repeatTimes="0" repeatInterval="0">播放音频</media><weight identifier="WEIGHT" value="2">2</weight></assessmentItemRef><assessmentItemRef identifier="_x0036_053d4b8-83c0-43bc-bc54-f4c73f84d270" href="AssessmentItems/ASI_6053d4b8-83c0-43bc-bc54-f4c73f84d270.xml" type="singleChoice" subjective="false" isExample="false" prepareDuration="0" responseDuration="13" promptShowDuration="0"><media mimeType="audio/mpeg" src="6053d4b8-83c0-43bc-bc54-f4c73f84d270\201171416329371.mp3" duration="21" content="" repeatTimes="0" repeatInterval="0">播放音频</media><weight identifier="WEIGHT" value="2">2</weight></assessmentItemRef><assessmentItemRef identifier="d46591f0-bec6-4368-bbd8-85c7b864cfe3" href="AssessmentItems/ASI_d46591f0-bec6-4368-bbd8-85c7b864cfe3.xml" type="singleChoice" subjective="false" isExample="false" prepareDuration="0" responseDuration="13" promptShowDuration="0"><media mimeType="audio/mpeg" src="d46591f0-bec6-4368-bbd8-85c7b864cfe3\2011714163259168.mp3" duration="19" content="" repeatTimes="0" repeatInterval="0">播放音频</media><weight identifier="WEIGHT" value="2">2</weight></assessmentItemRef><assessmentItemRef identifier="_x0037_88020f1-4ce2-4647-8723-4950f0333323" href="AssessmentItems/ASI_788020f1-4ce2-4647-8723-4950f0333323.xml" type="singleChoice" subjective="false" isExample="false" prepareDuration="0" responseDuration="13" promptShowDuration="0"><media mimeType="audio/mpeg" src="788020f1-4ce2-4647-8723-4950f0333323\2011714163353137.mp3" duration="25" content="" repeatTimes="0" repeatInterval="0">播放音频</media><weight identifier="WEIGHT" value="2">2</weight></assessmentItemRef><assessmentItemRef identifier="_x0031_1081037-1284-45f2-bb27-c85a9f826bdc" href="AssessmentItems/ASI_11081037-1284-45f2-bb27-c85a9f826bdc.xml" type="singleChoice" subjective="false" isExample="false" prepareDuration="0" responseDuration="13" promptShowDuration="0"><media mimeType="audio/mpeg" src="11081037-1284-45f2-bb27-c85a9f826bdc\201171416345275.mp3" duration="22" content="" repeatTimes="0" repeatInterval="0">播放音频</media><weight identifier="WEIGHT" value="2">2</weight></assessmentItemRef><assessmentItemRef identifier="_x0036_98027eb-7baf-4efb-ac1c-74f7c75641a5" href="AssessmentItems/ASI_698027eb-7baf-4efb-ac1c-74f7c75641a5.xml" type="singleChoice" subjective="false" isExample="false" prepareDuration="0" responseDuration="13" promptShowDuration="0"><media mimeType="audio/mpeg" src="698027eb-7baf-4efb-ac1c-74f7c75641a5\201171416354628.mp3" duration="23" content="" repeatTimes="0" repeatInterval="0">播放音频</media><weight identifier="WEIGHT" value="2">2</weight></assessmentItemRef><assessmentItemRef identifier="_x0035_8f8f8da-50c3-498f-93a0-2171c175cdc0" href="AssessmentItems/ASI_58f8f8da-50c3-498f-93a0-2171c175cdc0.xml" type="singleChoice" subjective="false" isExample="false" prepareDuration="0" responseDuration="13" promptShowDuration="0"><media mimeType="audio/mpeg" src="58f8f8da-50c3-498f-93a0-2171c175cdc0\2011714163639371.mp3" duration="25" content="" repeatTimes="0" repeatInterval="0">播放音频</media><weight identifier="WEIGHT" value="2">2</weight></assessmentItemRef><assessmentItemRef identifier="_x0033_032951e-371e-4617-9a36-6dec0ae6416c" href="AssessmentItems/ASI_3032951e-371e-4617-9a36-6dec0ae6416c.xml" type="singleChoice" subjective="false" isExample="false" prepareDuration="0" responseDuration="13" promptShowDuration="0"><media mimeType="audio/mpeg" src="3032951e-371e-4617-9a36-6dec0ae6416c\2011714163734715.mp3" duration="18" content="" repeatTimes="0" repeatInterval="0">播放音频</media><weight identifier="WEIGHT" value="2">2</weight></assessmentItemRef><assessmentItemRef identifier="bcbe59d2-fb92-4a88-8f9a-36f43d138afd" href="AssessmentItems/ASI_bcbe59d2-fb92-4a88-8f9a-36f43d138afd.xml" type="singleChoice" subjective="false" isExample="false" prepareDuration="0" responseDuration="13" promptShowDuration="0"><media mimeType="audio/mpeg" src="bcbe59d2-fb92-4a88-8f9a-36f43d138afd\2011714163823231.mp3" duration="23" content="" repeatTimes="0" repeatInterval="0">播放音频</media><weight identifier="WEIGHT" value="2">2</weight></assessmentItemRef><assessmentItemRef identifier="_x0032_22489fd-28fa-4458-9af5-9b3be5c8b5cc" href="AssessmentItems/ASI_222489fd-28fa-4458-9af5-9b3be5c8b5cc.xml" type="singleChoice" subjective="false" isExample="false" prepareDuration="0" responseDuration="13" promptShowDuration="0"><media mimeType="audio/mpeg" src="222489fd-28fa-4458-9af5-9b3be5c8b5cc\2011714163932200.mp3" duration="22" content="" repeatTimes="0" repeatInterval="0">播放音频</media><weight identifier="WEIGHT" value="2">2</weight></assessmentItemRef><assessmentItemRef identifier="c8098557-0156-451e-927c-f9b086886c20" href="AssessmentItems/ASI_c8098557-0156-451e-927c-f9b086886c20.xml" type="singleChoice" subjective="false" isExample="false" prepareDuration="0" responseDuration="13" promptShowDuration="0"><media mimeType="audio/mpeg" src="c8098557-0156-451e-927c-f9b086886c20\2011714164032809.mp3" duration="23" content="" repeatTimes="0" repeatInterval="0">播放音频</media><weight identifier="WEIGHT" value="2">2</weight></assessmentItemRef><assessmentItemRef identifier="_x0036_f209e56-9c52-4bd8-a65a-d05276597481" href="AssessmentItems/ASI_6f209e56-9c52-4bd8-a65a-d05276597481.xml" type="singleChoice" subjective="false" isExample="false" prepareDuration="0" responseDuration="13" promptShowDuration="0"><media mimeType="audio/mpeg" src="6f209e56-9c52-4bd8-a65a-d05276597481\2011714164215215.mp3" duration="23" content="" repeatTimes="0" repeatInterval="0">播放音频</media><weight identifier="WEIGHT" value="2">2</weight></assessmentItemRef><assessmentItemRef identifier="_x0034_acee67d-21e1-490f-9471-c57de5b320ed" href="AssessmentItems/ASI_4acee67d-21e1-490f-9471-c57de5b320ed.xml" type="singleChoice" subjective="false" isExample="false" prepareDuration="0" responseDuration="13" promptShowDuration="0"><media mimeType="audio/mpeg" src="4acee67d-21e1-490f-9471-c57de5b320ed\2011714164326387.mp3" duration="24" content="" repeatTimes="0" repeatInterval="0">播放音频</media><weight identifier="WEIGHT" value="2">2</weight></assessmentItemRef></assessmentSection><assessmentSection identifier="S02" title="第二部分" visible="true" score="30" itemCount="3" optionalItemCount="0" mediaType="1" optionalItemScore="0"><endBlock /><ordering shuffle="false" /><rubricBlock view="candidate"><prompt>请选出正确的答案。&lt;media src="b02b430a-02b1-e011-abdb-005056b834eb\P01\S02\2011718134321791.mp3" mimeType="audio/mpeg" content="" duration="7" repeatInterval="0" repeatTimes="0"&gt;答题说明&lt;/media&gt;</prompt></rubricBlock><assessmentItemRef identifier="e0638524-20fb-45e6-b61f-40cb826ce263" href="AssessmentItems/ASI_e0638524-20fb-45e6-b61f-40cb826ce263.xml" type="readingComprehension" subjective="false" isExample="false" prepareDuration="0" responseDuration="12" promptShowDuration="0"><media mimeType="audio/mpeg" src="e0638524-20fb-45e6-b61f-40cb826ce263\2011714164515278.mp3" duration="218" content="" repeatTimes="0" repeatInterval="0">播放音频</media><weight identifier="WEIGHT" value="10">10</weight></assessmentItemRef><assessmentItemRef identifier="a431425a-4c3e-49c8-8cab-bfeb030157f6" href="AssessmentItems/ASI_a431425a-4c3e-49c8-8cab-bfeb030157f6.xml" type="readingComprehension" subjective="false" isExample="false" prepareDuration="0" responseDuration="12" promptShowDuration="0"><media mimeType="audio/mpeg" src="a431425a-4c3e-49c8-8cab-bfeb030157f6\2011714164850184.mp3" duration="219" content="" repeatTimes="0" repeatInterval="0">播放音频</media><weight identifier="WEIGHT" value="10">10</weight></assessmentItemRef><assessmentItemRef identifier="_x0032_c438657-47b0-4786-aa64-bc212470f31b" href="AssessmentItems/ASI_2c438657-47b0-4786-aa64-bc212470f31b.xml" type="readingComprehension" subjective="false" isExample="false" prepareDuration="0" responseDuration="12" promptShowDuration="0"><media mimeType="audio/mpeg" src="2c438657-47b0-4786-aa64-bc212470f31b\201171416523606.mp3" duration="238" content="" repeatTimes="0" repeatInterval="0">播放音频</media><weight identifier="WEIGHT" value="10">10</weight></assessmentItemRef></assessmentSection><assessmentSection identifier="S03" title="第三部分" visible="true" score="40" itemCount="6" optionalItemCount="0" mediaType="1" optionalItemScore="0"><endBlock /><ordering shuffle="false" /><rubricBlock view="candidate"><prompt>请选出正确答案。&lt;media src="b02b430a-02b1-e011-abdb-005056b834eb\P01\S03\2011718134432697.mp3" mimeType="audio/mpeg" content="" duration="8" repeatInterval="0" repeatTimes="0"&gt;答题说明&lt;/media&gt;</prompt></rubricBlock><assessmentItemRef identifier="_x0036_d38409b-4387-4d07-854d-a327fd332fe5" href="AssessmentItems/ASI_6d38409b-4387-4d07-854d-a327fd332fe5.xml" type="readingComprehension" subjective="false" isExample="false" prepareDuration="0" responseDuration="12" promptShowDuration="0"><media mimeType="audio/mpeg" src="6d38409b-4387-4d07-854d-a327fd332fe5\2011714165713340.mp3" duration="100" content="" repeatTimes="0" repeatInterval="0">播放音频</media><weight identifier="WEIGHT" value="6">6</weight></assessmentItemRef><assessmentItemRef identifier="_x0037_e3aa699-a7bb-48f1-890f-3b7ec3823f32" href="AssessmentItems/ASI_7e3aa699-a7bb-48f1-890f-3b7ec3823f32.xml" type="readingComprehension" subjective="false" isExample="false" prepareDuration="0" responseDuration="12" promptShowDuration="0"><media mimeType="audio/mpeg" src="7e3aa699-a7bb-48f1-890f-3b7ec3823f32\2011714165922981.mp3" duration="159" content="" repeatTimes="0" repeatInterval="0">播放音频</media><weight identifier="WEIGHT" value="8">8</weight></assessmentItemRef><assessmentItemRef identifier="db225f13-b016-4826-afc1-979d4f243d83" href="AssessmentItems/ASI_db225f13-b016-4826-afc1-979d4f243d83.xml" type="readingComprehension" subjective="false" isExample="false" prepareDuration="0" responseDuration="12" promptShowDuration="0"><media mimeType="audio/mpeg" src="db225f13-b016-4826-afc1-979d4f243d83\201171417152793.mp3" duration="112" content="" repeatTimes="0" repeatInterval="0">播放音频</media><weight identifier="WEIGHT" value="6">6</weight></assessmentItemRef><assessmentItemRef identifier="_x0034_96c8226-3d0d-475f-b902-f858e8d2dce3" href="AssessmentItems/ASI_496c8226-3d0d-475f-b902-f858e8d2dce3.xml" type="readingComprehension" subjective="false" isExample="false" prepareDuration="0" responseDuration="12" promptShowDuration="0"><media mimeType="audio/mpeg" src="496c8226-3d0d-475f-b902-f858e8d2dce3\20117141766106.mp3" duration="120" content="" repeatTimes="0" repeatInterval="0">播放音频</media><weight identifier="WEIGHT" value="6">6</weight></assessmentItemRef><assessmentItemRef identifier="_x0038_80cebcb-6881-4c0f-acb3-dcd05f2af51b" href="AssessmentItems/ASI_880cebcb-6881-4c0f-acb3-dcd05f2af51b.xml" type="readingComprehension" subjective="false" isExample="false" prepareDuration="0" responseDuration="12" promptShowDuration="0"><media mimeType="audio/mpeg" src="880cebcb-6881-4c0f-acb3-dcd05f2af51b\201171417827981.mp3" duration="148" content="" repeatTimes="0" repeatInterval="0">播放音频</media><weight identifier="WEIGHT" value="8">8</weight></assessmentItemRef><assessmentItemRef identifier="ee78ff12-d3df-44d3-a388-535fd0796210" href="AssessmentItems/ASI_ee78ff12-d3df-44d3-a388-535fd0796210.xml" type="readingComprehension" subjective="false" isExample="false" prepareDuration="0" responseDuration="12" promptShowDuration="0"><media mimeType="audio/mpeg" src="ee78ff12-d3df-44d3-a388-535fd0796210\201171417117543.mp3" duration="107" content="" repeatTimes="0" repeatInterval="0">播放音频</media><weight identifier="WEIGHT" value="6">6</weight></assessmentItemRef></assessmentSection></testPart><testPart identifier="P02" navigationMode="nonlinear" submissionMode="simultaneous"><rubricBlock view="candidate"><prompt>阅读</prompt></rubricBlock><endBlock /><timeLimits minTime="3000" maxTime="3000" /><assessmentSection identifier="S01" title="第一部分" visible="true" score="20" itemCount="10" optionalItemCount="0" mediaType="0" optionalItemScore="0"><endBlock /><ordering shuffle="false" /><rubricBlock view="candidate"><prompt>请选出有语病的一项。</prompt></rubricBlock><assessmentItemRef identifier="_x0034_61d5454-a437-4c02-908d-44ddf69520aa" href="AssessmentItems/ASI_461d5454-a437-4c02-908d-44ddf69520aa.xml" type="singleChoice" subjective="false" isExample="false" prepareDuration="0" responseDuration="0" promptShowDuration="0"><weight identifier="WEIGHT" value="2">2</weight></assessmentItemRef><assessmentItemRef identifier="_x0038_c12443e-c797-4d1c-9f6b-f8717de37c9f" href="AssessmentItems/ASI_8c12443e-c797-4d1c-9f6b-f8717de37c9f.xml" type="singleChoice" subjective="false" isExample="false" prepareDuration="0" responseDuration="0" promptShowDuration="0"><weight identifier="WEIGHT" value="2">2</weight></assessmentItemRef><assessmentItemRef identifier="_x0036_cba4d3a-68b7-4b4d-b7e9-f33bf9d8e574" href="AssessmentItems/ASI_6cba4d3a-68b7-4b4d-b7e9-f33bf9d8e574.xml" type="singleChoice" subjective="false" isExample="false" prepareDuration="0" responseDuration="0" promptShowDuration="0"><weight identifier="WEIGHT" value="2">2</weight></assessmentItemRef><assessmentItemRef identifier="b1478655-b60b-4fc0-ae64-2b2d354cdbf8" href="AssessmentItems/ASI_b1478655-b60b-4fc0-ae64-2b2d354cdbf8.xml" type="singleChoice" subjective="false" isExample="false" prepareDuration="0" responseDuration="0" promptShowDuration="0"><weight identifier="WEIGHT" value="2">2</weight></assessmentItemRef><assessmentItemRef identifier="cda4b89e-62f7-472a-b8bf-9a80fc875764" href="AssessmentItems/ASI_cda4b89e-62f7-472a-b8bf-9a80fc875764.xml" type="singleChoice" subjective="false" isExample="false" prepareDuration="0" responseDuration="0" promptShowDuration="0"><weight identifier="WEIGHT" value="2">2</weight></assessmentItemRef><assessmentItemRef identifier="_x0038_d447e7e-f5af-42c8-a240-09755ab6c7bd" href="AssessmentItems/ASI_8d447e7e-f5af-42c8-a240-09755ab6c7bd.xml" type="singleChoice" subjective="false" isExample="false" prepareDuration="0" responseDuration="0" promptShowDuration="0"><weight identifier="WEIGHT" value="2">2</weight></assessmentItemRef><assessmentItemRef identifier="d55c6f9b-a3ea-4c30-bdd1-79f3c8578547" href="AssessmentItems/ASI_d55c6f9b-a3ea-4c30-bdd1-79f3c8578547.xml" type="singleChoice" subjective="false" isExample="false" prepareDuration="0" responseDuration="0" promptShowDuration="0"><weight identifier="WEIGHT" value="2">2</weight></assessmentItemRef><assessmentItemRef identifier="_x0031_56e995f-bacd-4618-99d8-0aba735d7a67" href="AssessmentItems/ASI_156e995f-bacd-4618-99d8-0aba735d7a67.xml" type="singleChoice" subjective="false" isExample="false" prepareDuration="0" responseDuration="0" promptShowDuration="0"><weight identifier="WEIGHT" value="2">2</weight></assessmentItemRef><assessmentItemRef identifier="c5753e19-489e-4687-addf-b826e609d098" href="AssessmentItems/ASI_c5753e19-489e-4687-addf-b826e609d098.xml" type="singleChoice" subjective="false" isExample="false" prepareDuration="0" responseDuration="0" promptShowDuration="0"><weight identifier="WEIGHT" value="2">2</weight></assessmentItemRef><assessmentItemRef identifier="d794276e-3ab8-4fe6-808c-aea9e0139c5f" href="AssessmentItems/ASI_d794276e-3ab8-4fe6-808c-aea9e0139c5f.xml" type="singleChoice" subjective="false" isExample="false" prepareDuration="0" responseDuration="0" promptShowDuration="0"><weight identifier="WEIGHT" value="2">2</weight></assessmentItemRef></assessmentSection><assessmentSection identifier="S02" title="第二部分" visible="true" score="20" itemCount="10" optionalItemCount="0" mediaType="0" optionalItemScore="0"><endBlock /><ordering shuffle="false" /><rubricBlock view="candidate"><prompt>选词填空。</prompt></rubricBlock><assessmentItemRef identifier="_x0035_2c916fd-3da2-4c79-8b54-448210528a08" href="AssessmentItems/ASI_52c916fd-3da2-4c79-8b54-448210528a08.xml" type="singleChoice" subjective="false" isExample="false" prepareDuration="0" responseDuration="0" promptShowDuration="0"><weight identifier="WEIGHT" value="2">2</weight></assessmentItemRef><assessmentItemRef identifier="_x0030_bbd77b5-4518-4a8e-805e-0f4a09d017e7" href="AssessmentItems/ASI_0bbd77b5-4518-4a8e-805e-0f4a09d017e7.xml" type="singleChoice" subjective="false" isExample="false" prepareDuration="0" responseDuration="0" promptShowDuration="0"><weight identifier="WEIGHT" value="2">2</weight></assessmentItemRef><assessmentItemRef identifier="_x0037_f8c86bf-81b7-4567-8b4d-60354c03b007" href="AssessmentItems/ASI_7f8c86bf-81b7-4567-8b4d-60354c03b007.xml" type="singleChoice" subjective="false" isExample="false" prepareDuration="0" responseDuration="0" promptShowDuration="0"><weight identifier="WEIGHT" value="2">2</weight></assessmentItemRef><assessmentItemRef identifier="_x0037_3400453-a642-43c4-af2c-1ac5d6c07798" href="AssessmentItems/ASI_73400453-a642-43c4-af2c-1ac5d6c07798.xml" type="singleChoice" subjective="false" isExample="false" prepareDuration="0" responseDuration="0" promptShowDuration="0"><weight identifier="WEIGHT" value="2">2</weight></assessmentItemRef><assessmentItemRef identifier="a0105561-330b-4648-9447-46c97eaa5fa2" href="AssessmentItems/ASI_a0105561-330b-4648-9447-46c97eaa5fa2.xml" type="singleChoice" subjective="false" isExample="false" prepareDuration="0" responseDuration="0" promptShowDuration="0"><weight identifier="WEIGHT" value="2">2</weight></assessmentItemRef><assessmentItemRef identifier="aa9b374a-9f77-4522-9639-a159727a5fbf" href="AssessmentItems/ASI_aa9b374a-9f77-4522-9639-a159727a5fbf.xml" type="singleChoice" subjective="false" isExample="false" prepareDuration="0" responseDuration="0" promptShowDuration="0"><weight identifier="WEIGHT" value="2">2</weight></assessmentItemRef><assessmentItemRef identifier="db6db8e8-59f2-476c-a10e-b1e0cf1c05bf" href="AssessmentItems/ASI_db6db8e8-59f2-476c-a10e-b1e0cf1c05bf.xml" type="singleChoice" subjective="false" isExample="false" prepareDuration="0" responseDuration="0" promptShowDuration="0"><weight identifier="WEIGHT" value="2">2</weight></assessmentItemRef><assessmentItemRef identifier="_x0033_7176916-e38a-42c7-9361-33dfc45f7690" href="AssessmentItems/ASI_37176916-e38a-42c7-9361-33dfc45f7690.xml" type="singleChoice" subjective="false" isExample="false" prepareDuration="0" responseDuration="0" promptShowDuration="0"><weight identifier="WEIGHT" value="2">2</weight></assessmentItemRef><assessmentItemRef identifier="_x0038_534e466-75ec-4a28-b266-7982ab11f1c9" href="AssessmentItems/ASI_8534e466-75ec-4a28-b266-7982ab11f1c9.xml" type="singleChoice" subjective="false" isExample="false" prepareDuration="0" responseDuration="0" promptShowDuration="0"><weight identifier="WEIGHT" value="2">2</weight></assessmentItemRef><assessmentItemRef identifier="_x0038_71e702f-ee4b-492b-af51-d5b48728f889" href="AssessmentItems/ASI_871e702f-ee4b-492b-af51-d5b48728f889.xml" type="singleChoice" subjective="false" isExample="false" prepareDuration="0" responseDuration="0" promptShowDuration="0"><weight identifier="WEIGHT" value="2">2</weight></assessmentItemRef></assessmentSection><assessmentSection identifier="S03" title="第三部分" visible="true" score="20" itemCount="2" optionalItemCount="0" mediaType="0" optionalItemScore="0"><endBlock /><ordering shuffle="false" /><rubricBlock view="candidate"><prompt>选句填空。</prompt></rubricBlock><assessmentItemRef identifier="f3b4388b-1ad1-4d65-bd75-fc1f2f12eb42" href="AssessmentItems/ASI_f3b4388b-1ad1-4d65-bd75-fc1f2f12eb42.xml" type="cloze" subjective="false" isExample="false" prepareDuration="0" responseDuration="0" promptShowDuration="0"><weight identifier="WEIGHT" value="10">10</weight></assessmentItemRef><assessmentItemRef identifier="ceec6e04-6bb5-4325-96f3-4380d572575b" href="AssessmentItems/ASI_ceec6e04-6bb5-4325-96f3-4380d572575b.xml" type="cloze" subjective="false" isExample="false" prepareDuration="0" responseDuration="0" promptShowDuration="0"><weight identifier="WEIGHT" value="10">10</weight></assessmentItemRef></assessmentSection><assessmentSection identifier="S04" title="第四部分" visible="true" score="40" itemCount="5" optionalItemCount="0" mediaType="0" optionalItemScore="0"><endBlock /><ordering shuffle="false" /><rubricBlock view="candidate"><prompt>请选出正确答案。</prompt></rubricBlock><assessmentItemRef identifier="c23f7968-73c9-4eea-8a44-480d9daf5a13" href="AssessmentItems/ASI_c23f7968-73c9-4eea-8a44-480d9daf5a13.xml" type="readingComprehension" subjective="false" isExample="false" prepareDuration="0" responseDuration="0" promptShowDuration="0"><weight identifier="WEIGHT" value="8">8</weight></assessmentItemRef><assessmentItemRef identifier="a4f2443d-ff4f-46b7-a8f3-10ada0b93deb" href="AssessmentItems/ASI_a4f2443d-ff4f-46b7-a8f3-10ada0b93deb.xml" type="readingComprehension" subjective="false" isExample="false" prepareDuration="0" responseDuration="0" promptShowDuration="0"><weight identifier="WEIGHT" value="8">8</weight></assessmentItemRef><assessmentItemRef identifier="ee8a2add-33fa-4617-85ab-8bcdbc4711b7" href="AssessmentItems/ASI_ee8a2add-33fa-4617-85ab-8bcdbc4711b7.xml" type="readingComprehension" subjective="false" isExample="false" prepareDuration="0" responseDuration="0" promptShowDuration="0"><weight identifier="WEIGHT" value="8">8</weight></assessmentItemRef><assessmentItemRef identifier="_x0032_3f6520c-5255-476e-b941-febca1d99cf0" href="AssessmentItems/ASI_23f6520c-5255-476e-b941-febca1d99cf0.xml" type="readingComprehension" subjective="false" isExample="false" prepareDuration="0" responseDuration="0" promptShowDuration="0"><weight identifier="WEIGHT" value="8">8</weight></assessmentItemRef><assessmentItemRef identifier="c498932b-854a-40df-a4b4-c7b87190b49b" href="AssessmentItems/ASI_c498932b-854a-40df-a4b4-c7b87190b49b.xml" type="readingComprehension" subjective="false" isExample="false" prepareDuration="0" responseDuration="0" promptShowDuration="0"><weight identifier="WEIGHT" value="8">8</weight></assessmentItemRef></assessmentSection></testPart><testPart identifier="P03" navigationMode="nonlinear" submissionMode="simultaneous"><rubricBlock view="candidate"><prompt>书写</prompt></rubricBlock><endBlock /><timeLimits minTime="2700" maxTime="2700" /><assessmentSection identifier="S01" title="第一部分" visible="true" score="100" itemCount="1" optionalItemCount="0" mediaType="0" optionalItemScore="0"><endBlock /><ordering shuffle="false" /><rubricBlock view="candidate"><prompt>宿写。</prompt></rubricBlock><assessmentItemRef identifier="_x0032_3f95a73-8b99-4314-8d47-e9479a1009ed" href="AssessmentItems/ASI_23f95a73-8b99-4314-8d47-e9479a1009ed.xml" type="extendedText" subjective="true" isExample="false" prepareDuration="0" responseDuration="0" promptShowDuration="600"><weight identifier="WEIGHT" value="100">100</weight></assessmentItemRef></assessmentSection></testPart></assessmentTest>