<assessmentItem xmlns:xsi="http://www.w3.org/2001/XMLSchema-instance" xmlns:xsd="http://www.w3.org/2001/XMLSchema" xmlns="http://www.open.com.cn/schemas/exam/openqti_v1" identifier="4b9141fa-d356-4483-a1f0-46a235a19d1d" title="阅读47" adaptive="false" timeDependent="false"><responseDeclaration identifier="RESPONSE" cardinality="single" baseType="identifier"><correctResponse><value>F</value></correctResponse></responseDeclaration><outcomeDeclaration identifier="SCORE" cardinality="single" baseType="float" normalMaximum="1"><defaultValue><value>0</value></defaultValue></outcomeDeclaration><itemBody><choiceInteraction responseIdentifier="RESPONSE" shuffle="false" maxChoices="1"><prompt>&lt;ruby&gt;&lt;rb&gt;&lt;/rb&gt;医&lt;rp&gt;(&lt;/rp&gt;&lt;rt&gt;Yī&lt;/rt&gt;&lt;rp&gt;)&lt;/rp&gt;&lt;/ruby&gt; &lt;ruby&gt;&lt;rb&gt;&lt;/rb&gt;生&lt;rp&gt;(&lt;/rp&gt;&lt;rt&gt;shēnɡ&lt;/rt&gt;&lt;rp&gt;)&lt;/rp&gt;&lt;/ruby&gt; &lt;ruby&gt;&lt;rb&gt;&lt;/rb&gt;说&lt;rp&gt;(&lt;/rp&gt;&lt;rt&gt;shuō&lt;/rt&gt;&lt;rp&gt;)&lt;/rp&gt;&lt;/ruby&gt; &lt;ruby&gt;&lt;rb&gt;&lt;/rb&gt;这&lt;rp&gt;(&lt;/rp&gt;&lt;rt&gt;zhè&lt;/rt&gt;&lt;rp&gt;)&lt;/rp&gt;&lt;/ruby&gt; &lt;ruby&gt;&lt;rb&gt;&lt;/rb&gt;个&lt;rp&gt;(&lt;/rp&gt;&lt;rt&gt;ɡe&lt;/rt&gt;&lt;rp&gt;)&lt;/rp&gt;&lt;/ruby&gt; &lt;ruby&gt;&lt;rb&gt;&lt;/rb&gt;药&lt;rp&gt;(&lt;/rp&gt;&lt;rt&gt;yào&lt;/rt&gt;&lt;rp&gt;)&lt;/rp&gt;&lt;/ruby&gt; &lt;ruby&gt;&lt;rb&gt;&lt;/rb&gt;每&lt;rp&gt;(&lt;/rp&gt;&lt;rt&gt;měi&lt;/rt&gt;&lt;rp&gt;)&lt;/rp&gt;&lt;/ruby&gt; &lt;ruby&gt;&lt;rb&gt;&lt;/rb&gt;天&lt;rp&gt;(&lt;/rp&gt;&lt;rt&gt;tiān&lt;/rt&gt;&lt;rp&gt;)&lt;/rp&gt;&lt;/ruby&gt; &lt;ruby&gt;&lt;rb&gt;&lt;/rb&gt;吃&lt;rp&gt;(&lt;/rp&gt;&lt;rt&gt;chī&lt;/rt&gt;&lt;rp&gt;)&lt;/rp&gt;&lt;/ruby&gt; &lt;ruby&gt;&lt;rb&gt;&lt;/rb&gt;三&lt;rp&gt;(&lt;/rp&gt;&lt;rt&gt;sān&lt;/rt&gt;&lt;rp&gt;)&lt;/rp&gt;&lt;/ruby&gt; &lt;ruby&gt;&lt;rb&gt;&lt;/rb&gt;次&lt;rp&gt;(&lt;/rp&gt;&lt;rt&gt;cì&lt;/rt&gt;&lt;rp&gt;)&lt;/rp&gt;&lt;/ruby&gt; &lt;ruby&gt;&lt;rb&gt;&lt;/rb&gt;，&lt;rp&gt;(&lt;/rp&gt;&lt;rt&gt;,&lt;/rt&gt;&lt;rp&gt;)&lt;/rp&gt;&lt;/ruby&gt; &lt;ruby&gt;&lt;rb&gt;&lt;/rb&gt;要&lt;rp&gt;(&lt;/rp&gt;&lt;rt&gt;yào&lt;/rt&gt;&lt;rp&gt;)&lt;/rp&gt;&lt;/ruby&gt; &lt;ruby&gt;&lt;rb&gt;&lt;/rb&gt;饭&lt;rp&gt;(&lt;/rp&gt;&lt;rt&gt;fàn&lt;/rt&gt;&lt;rp&gt;)&lt;/rp&gt;&lt;/ruby&gt; &lt;ruby&gt;&lt;rb&gt;&lt;/rb&gt;前&lt;rp&gt;(&lt;/rp&gt;&lt;rt&gt;qián&lt;/rt&gt;&lt;rp&gt;)&lt;/rp&gt;&lt;/ruby&gt; &lt;ruby&gt;&lt;rb&gt;&lt;/rb&gt;吃&lt;rp&gt;(&lt;/rp&gt;&lt;rt&gt;chī&lt;/rt&gt;&lt;rp&gt;)&lt;/rp&gt;&lt;/ruby&gt; &lt;ruby&gt;&lt;rb&gt;&lt;/rb&gt;，&lt;rp&gt;(&lt;/rp&gt;&lt;rt&gt;,&lt;/rt&gt;&lt;rp&gt;)&lt;/rp&gt;&lt;/ruby&gt; &lt;ruby&gt;&lt;rb&gt;&lt;/rb&gt;吃&lt;rp&gt;(&lt;/rp&gt;&lt;rt&gt;chī&lt;/rt&gt;&lt;rp&gt;)&lt;/rp&gt;&lt;/ruby&gt; &lt;ruby&gt;&lt;rb&gt;&lt;/rb&gt;药&lt;rp&gt;(&lt;/rp&gt;&lt;rt&gt;yào&lt;/rt&gt;&lt;rp&gt;)&lt;/rp&gt;&lt;/ruby&gt; &lt;ruby&gt;&lt;rb&gt;&lt;/rb&gt;后&lt;rp&gt;(&lt;/rp&gt;&lt;rt&gt;hòu&lt;/rt&gt;&lt;rp&gt;)&lt;/rp&gt;&lt;/ruby&gt; &lt;ruby&gt;&lt;rb&gt;&lt;/rb&gt;两&lt;rp&gt;(&lt;/rp&gt;&lt;rt&gt;liǎnɡ&lt;/rt&gt;&lt;rp&gt;)&lt;/rp&gt;&lt;/ruby&gt; &lt;ruby&gt;&lt;rb&gt;&lt;/rb&gt;个&lt;rp&gt;(&lt;/rp&gt;&lt;rt&gt;ɡe&lt;/rt&gt;&lt;rp&gt;)&lt;/rp&gt;&lt;/ruby&gt; &lt;ruby&gt;&lt;rb&gt;&lt;/rb&gt;小&lt;rp&gt;(&lt;/rp&gt;&lt;rt&gt;xiǎo&lt;/rt&gt;&lt;rp&gt;)&lt;/rp&gt;&lt;/ruby&gt; &lt;ruby&gt;&lt;rb&gt;&lt;/rb&gt;时&lt;rp&gt;(&lt;/rp&gt;&lt;rt&gt;shí&lt;/rt&gt;&lt;rp&gt;)&lt;/rp&gt;&lt;/ruby&gt; &lt;ruby&gt;&lt;rb&gt;&lt;/rb&gt;别&lt;rp&gt;(&lt;/rp&gt;&lt;rt&gt;bié&lt;/rt&gt;&lt;rp&gt;)&lt;/rp&gt;&lt;/ruby&gt; &lt;ruby&gt;&lt;rb&gt;&lt;/rb&gt;喝&lt;rp&gt;(&lt;/rp&gt;&lt;rt&gt;hē&lt;/rt&gt;&lt;rp&gt;)&lt;/rp&gt;&lt;/ruby&gt; &lt;ruby&gt;&lt;rb&gt;&lt;/rb&gt;茶&lt;rp&gt;(&lt;/rp&gt;&lt;rt&gt;chá&lt;/rt&gt;&lt;rp&gt;)&lt;/rp&gt;&lt;/ruby&gt; &lt;ruby&gt;&lt;rb&gt;&lt;/rb&gt;。&lt;rp&gt;(&lt;/rp&gt;&lt;rt&gt;.&lt;/rt&gt;&lt;rp&gt;)&lt;/rp&gt;&lt;/ruby&gt;&lt;br /&gt;★&amp;nbsp;&amp;nbsp;&amp;nbsp;&lt;ruby&gt;&lt;rb&gt;&lt;/rb&gt;医&lt;rp&gt;(&lt;/rp&gt;&lt;rt&gt;Yī&lt;/rt&gt;&lt;rp&gt;)&lt;/rp&gt;&lt;/ruby&gt; &lt;ruby&gt;&lt;rb&gt;&lt;/rb&gt;生&lt;rp&gt;(&lt;/rp&gt;&lt;rt&gt;shēnɡ&lt;/rt&gt;&lt;rp&gt;)&lt;/rp&gt;&lt;/ruby&gt; &lt;ruby&gt;&lt;rb&gt;&lt;/rb&gt;说&lt;rp&gt;(&lt;/rp&gt;&lt;rt&gt;shuō&lt;/rt&gt;&lt;rp&gt;)&lt;/rp&gt;&lt;/ruby&gt; &lt;ruby&gt;&lt;rb&gt;&lt;/rb&gt;多&lt;rp&gt;(&lt;/rp&gt;&lt;rt&gt;duō&lt;/rt&gt;&lt;rp&gt;)&lt;/rp&gt;&lt;/ruby&gt; &lt;ruby&gt;&lt;rb&gt;&lt;/rb&gt;喝&lt;rp&gt;(&lt;/rp&gt;&lt;rt&gt;hē&lt;/rt&gt;&lt;rp&gt;)&lt;/rp&gt;&lt;/ruby&gt; &lt;ruby&gt;&lt;rb&gt;&lt;/rb&gt;茶&lt;rp&gt;(&lt;/rp&gt;&lt;rt&gt;chá&lt;/rt&gt;&lt;rp&gt;)&lt;/rp&gt;&lt;/ruby&gt; &lt;ruby&gt;&lt;rb&gt;&lt;/rb&gt;对&lt;rp&gt;(&lt;/rp&gt;&lt;rt&gt;duì&lt;/rt&gt;&lt;rp&gt;)&lt;/rp&gt;&lt;/ruby&gt; &lt;ruby&gt;&lt;rb&gt;&lt;/rb&gt;身&lt;rp&gt;(&lt;/rp&gt;&lt;rt&gt;shēn&lt;/rt&gt;&lt;rp&gt;)&lt;/rp&gt;&lt;/ruby&gt; &lt;ruby&gt;&lt;rb&gt;&lt;/rb&gt;体&lt;rp&gt;(&lt;/rp&gt;&lt;rt&gt;tǐ&lt;/rt&gt;&lt;rp&gt;)&lt;/rp&gt;&lt;/ruby&gt; &lt;ruby&gt;&lt;rb&gt;&lt;/rb&gt;好&lt;rp&gt;(&lt;/rp&gt;&lt;rt&gt;hǎo&lt;/rt&gt;&lt;rp&gt;)&lt;/rp&gt;&lt;/ruby&gt; &lt;ruby&gt;&lt;rb&gt;&lt;/rb&gt;。&lt;rp&gt;(&lt;/rp&gt;&lt;rt&gt;.&lt;/rt&gt;&lt;rp&gt;)&lt;/rp&gt;&lt;/ruby&gt;</prompt><simpleChoice identifier="T" fixed="true">√</simpleChoice><simpleChoice identifier="F" fixed="true">×</simpleChoice></choiceInteraction></itemBody><responseProcessing><responseCondition><responseIf><match><correct identifier="RESPONSE" /><variable identifier="RESPONSE" /></match><setOutcomeValue identifier="SCORE"><baseValue baseType="float">1</baseValue></setOutcomeValue></responseIf></responseCondition></responseProcessing></assessmentItem>