<assessmentItem xmlns:xsi="http://www.w3.org/2001/XMLSchema-instance" xmlns:xsd="http://www.w3.org/2001/XMLSchema" xmlns="http://www.open.com.cn/schemas/exam/openqti_v1" identifier="a14fb3a6-f4f4-4bbd-8920-ee23297d2d47" title="听力24" adaptive="false" timeDependent="false"><responseDeclaration identifier="RESPONSE" cardinality="single" baseType="identifier"><correctResponse><value>A</value></correctResponse></responseDeclaration><outcomeDeclaration identifier="SCORE" cardinality="single" baseType="float" normalMaximum="1"><defaultValue><value>0</value></defaultValue></outcomeDeclaration><itemBody><choiceInteraction responseIdentifier="RESPONSE" shuffle="true" maxChoices="1"><prompt>&lt;media src="a14fb3a6-f4f4-4bbd-8920-ee23297d2d47/2011715165340885.mp3" duration="28" repeatTimes="0" repeatInterval="0" mimeType="audio/mpeg" content=""&gt;播放音频&lt;/media&gt;</prompt><simpleChoice identifier="A">&lt;ruby&gt;&lt;rb&gt;&lt;/rb&gt;报&lt;rp&gt;(&lt;/rp&gt;&lt;rt&gt;bào&lt;/rt&gt;&lt;rp&gt;)&lt;/rp&gt;&lt;/ruby&gt; &lt;ruby&gt;&lt;rb&gt;&lt;/rb&gt;纸&lt;rp&gt;(&lt;/rp&gt;&lt;rt&gt;zhǐ&lt;/rt&gt;&lt;rp&gt;)&lt;/rp&gt;&lt;/ruby&gt;</simpleChoice><simpleChoice identifier="B">&lt;ruby&gt;&lt;rb&gt;&lt;/rb&gt;手&lt;rp&gt;(&lt;/rp&gt;&lt;rt&gt;shǒu&lt;/rt&gt;&lt;rp&gt;)&lt;/rp&gt;&lt;/ruby&gt; &lt;ruby&gt;&lt;rb&gt;&lt;/rb&gt;机&lt;rp&gt;(&lt;/rp&gt;&lt;rt&gt;jī&lt;/rt&gt;&lt;rp&gt;)&lt;/rp&gt;&lt;/ruby&gt;</simpleChoice><simpleChoice identifier="C">&lt;ruby&gt;&lt;rb&gt;&lt;/rb&gt;汉&lt;rp&gt;(&lt;/rp&gt;&lt;rt&gt;Hàn&lt;/rt&gt;&lt;rp&gt;)&lt;/rp&gt;&lt;/ruby&gt; &lt;ruby&gt;&lt;rb&gt;&lt;/rb&gt;语&lt;rp&gt;(&lt;/rp&gt;&lt;rt&gt;yǔ&lt;/rt&gt;&lt;rp&gt;)&lt;/rp&gt;&lt;/ruby&gt; &lt;ruby&gt;&lt;rb&gt;&lt;/rb&gt;课&lt;rp&gt;(&lt;/rp&gt;&lt;rt&gt;kè&lt;/rt&gt;&lt;rp&gt;)&lt;/rp&gt;&lt;/ruby&gt; &lt;ruby&gt;&lt;rb&gt;&lt;/rb&gt;本&lt;rp&gt;(&lt;/rp&gt;&lt;rt&gt;běn&lt;/rt&gt;&lt;rp&gt;)&lt;/rp&gt;&lt;/ruby&gt;</simpleChoice></choiceInteraction></itemBody><responseProcessing><responseCondition><responseIf><match><correct identifier="RESPONSE" /><variable identifier="RESPONSE" /></match><setOutcomeValue identifier="SCORE"><baseValue baseType="float">1</baseValue></setOutcomeValue></responseIf></responseCondition></responseProcessing></assessmentItem>