<assessmentItem xmlns:xsi="http://www.w3.org/2001/XMLSchema-instance" xmlns:xsd="http://www.w3.org/2001/XMLSchema" xmlns="http://www.open.com.cn/schemas/exam/openqti_v1" identifier="7f892089-9b18-4c8a-b5e2-7a1d39474f82" title="听力例题2" adaptive="false" timeDependent="false"><responseDeclaration identifier="RESPONSE" cardinality="single" baseType="identifier"><correctResponse><value>F</value></correctResponse></responseDeclaration><outcomeDeclaration identifier="SCORE" cardinality="single" baseType="float" normalMaximum="1"><defaultValue><value>0</value></defaultValue></outcomeDeclaration><itemBody><choiceInteraction responseIdentifier="RESPONSE" shuffle="false" maxChoices="1"><prompt>&lt;media src="7f892089-9b18-4c8a-b5e2-7a1d39474f82/2011715163443963.mp3" duration="21" repeatTimes="0" repeatInterval="0" mimeType="audio/mpeg" content=""&gt;播放音频&lt;/media&gt;&lt;br /&gt;&lt;img width="157" height="112" alt="" src="7f892089-9b18-4c8a-b5e2-7a1d39474f82/201171516355494.jpg" /&gt;</prompt><simpleChoice identifier="T" fixed="true">√</simpleChoice><simpleChoice identifier="F" fixed="true">×</simpleChoice></choiceInteraction></itemBody><responseProcessing><responseCondition><responseIf><match><correct identifier="RESPONSE" /><variable identifier="RESPONSE" /></match><setOutcomeValue identifier="SCORE"><baseValue baseType="float">1</baseValue></setOutcomeValue></responseIf></responseCondition></responseProcessing></assessmentItem>