<assessmentItem xmlns:xsi="http://www.w3.org/2001/XMLSchema-instance" xmlns:xsd="http://www.w3.org/2001/XMLSchema" xmlns="http://www.open.com.cn/schemas/exam/openqti_v1" identifier="e39b827e-d791-4353-9d8e-f4b187bb9973" title="听力26" adaptive="false" timeDependent="false"><responseDeclaration identifier="RESPONSE" cardinality="single" baseType="identifier"><correctResponse><value>B</value></correctResponse></responseDeclaration><outcomeDeclaration identifier="SCORE" cardinality="single" baseType="float" normalMaximum="1"><defaultValue><value>0</value></defaultValue></outcomeDeclaration><itemBody><choiceInteraction responseIdentifier="RESPONSE" shuffle="true" maxChoices="1"><prompt>&lt;media src="e39b827e-d791-4353-9d8e-f4b187bb9973/2011715165512666.mp3" duration="36" repeatTimes="0" repeatInterval="0" mimeType="audio/mpeg" content=""&gt;播放音频&lt;/media&gt;</prompt><simpleChoice identifier="A">&lt;ruby&gt;&lt;rb&gt;&lt;/rb&gt;她&lt;rp&gt;(&lt;/rp&gt;&lt;rt&gt;tā&lt;/rt&gt;&lt;rp&gt;)&lt;/rp&gt;&lt;/ruby&gt; &lt;ruby&gt;&lt;rb&gt;&lt;/rb&gt;生&lt;rp&gt;(&lt;/rp&gt;&lt;rt&gt;shēnɡ&lt;/rt&gt;&lt;rp&gt;)&lt;/rp&gt;&lt;/ruby&gt; &lt;ruby&gt;&lt;rb&gt;&lt;/rb&gt;病&lt;rp&gt;(&lt;/rp&gt;&lt;rt&gt;bìnɡ&lt;/rt&gt;&lt;rp&gt;)&lt;/rp&gt;&lt;/ruby&gt; &lt;ruby&gt;&lt;rb&gt;&lt;/rb&gt;了&lt;rp&gt;(&lt;/rp&gt;&lt;rt&gt;le&lt;/rt&gt;&lt;rp&gt;)&lt;/rp&gt;&lt;/ruby&gt;</simpleChoice><simpleChoice identifier="B">&lt;ruby&gt;&lt;rb&gt;&lt;/rb&gt;她&lt;rp&gt;(&lt;/rp&gt;&lt;rt&gt;tā&lt;/rt&gt;&lt;rp&gt;)&lt;/rp&gt;&lt;/ruby&gt; &lt;ruby&gt;&lt;rb&gt;&lt;/rb&gt;听&lt;rp&gt;(&lt;/rp&gt;&lt;rt&gt;tīnɡ&lt;/rt&gt;&lt;rp&gt;)&lt;/rp&gt;&lt;/ruby&gt; &lt;ruby&gt;&lt;rb&gt;&lt;/rb&gt;说&lt;rp&gt;(&lt;/rp&gt;&lt;rt&gt;shuō&lt;/rt&gt;&lt;rp&gt;)&lt;/rp&gt;&lt;/ruby&gt; &lt;ruby&gt;&lt;rb&gt;&lt;/rb&gt;了&lt;rp&gt;(&lt;/rp&gt;&lt;rt&gt;le&lt;/rt&gt;&lt;rp&gt;)&lt;/rp&gt;&lt;/ruby&gt;</simpleChoice><simpleChoice identifier="C">&lt;ruby&gt;&lt;rb&gt;&lt;/rb&gt;她&lt;rp&gt;(&lt;/rp&gt;&lt;rt&gt;tā&lt;/rt&gt;&lt;rp&gt;)&lt;/rp&gt;&lt;/ruby&gt; &lt;ruby&gt;&lt;rb&gt;&lt;/rb&gt;听&lt;rp&gt;(&lt;/rp&gt;&lt;rt&gt;tīnɡ&lt;/rt&gt;&lt;rp&gt;)&lt;/rp&gt;&lt;/ruby&gt; &lt;ruby&gt;&lt;rb&gt;&lt;/rb&gt;不&lt;rp&gt;(&lt;/rp&gt;&lt;rt&gt;bù&lt;/rt&gt;&lt;rp&gt;)&lt;/rp&gt;&lt;/ruby&gt; &lt;ruby&gt;&lt;rb&gt;&lt;/rb&gt;懂&lt;rp&gt;(&lt;/rp&gt;&lt;rt&gt;dǒnɡ&lt;/rt&gt;&lt;rp&gt;)&lt;/rp&gt;&lt;/ruby&gt;</simpleChoice></choiceInteraction></itemBody><responseProcessing><responseCondition><responseIf><match><correct identifier="RESPONSE" /><variable identifier="RESPONSE" /></match><setOutcomeValue identifier="SCORE"><baseValue baseType="float">1</baseValue></setOutcomeValue></responseIf></responseCondition></responseProcessing></assessmentItem>