<assessmentItem xmlns:xsi="http://www.w3.org/2001/XMLSchema-instance" xmlns:xsd="http://www.w3.org/2001/XMLSchema" xmlns="http://www.open.com.cn/schemas/exam/openqti_v1" identifier="44f6f01f-a6f4-4e7b-bc67-9fe52375ddc0" title="听力35" adaptive="false" timeDependent="false"><responseDeclaration identifier="RESPONSE" cardinality="single" baseType="identifier"><correctResponse><value>C</value></correctResponse></responseDeclaration><outcomeDeclaration identifier="SCORE" cardinality="single" baseType="float" normalMaximum="1"><defaultValue><value>0</value></defaultValue></outcomeDeclaration><itemBody><choiceInteraction responseIdentifier="RESPONSE" shuffle="true" maxChoices="1"><prompt>&lt;media src="44f6f01f-a6f4-4e7b-bc67-9fe52375ddc0/201171517532666.mp3" duration="64" repeatTimes="0" repeatInterval="0" mimeType="audio/mpeg" content=""&gt;播放音频&lt;/media&gt;</prompt><simpleChoice identifier="A">&lt;ruby&gt;&lt;rb&gt;&lt;/rb&gt;走&lt;rp&gt;(&lt;/rp&gt;&lt;rt&gt;zǒu&lt;/rt&gt;&lt;rp&gt;)&lt;/rp&gt;&lt;/ruby&gt; &lt;ruby&gt;&lt;rb&gt;&lt;/rb&gt;路&lt;rp&gt;(&lt;/rp&gt;&lt;rt&gt;lù&lt;/rt&gt;&lt;rp&gt;)&lt;/rp&gt;&lt;/ruby&gt;</simpleChoice><simpleChoice identifier="B">&lt;ruby&gt;&lt;rb&gt;&lt;/rb&gt;坐&lt;rp&gt;(&lt;/rp&gt;&lt;rt&gt;zuò&lt;/rt&gt;&lt;rp&gt;)&lt;/rp&gt;&lt;/ruby&gt; &lt;ruby&gt;&lt;rb&gt;&lt;/rb&gt;船&lt;rp&gt;(&lt;/rp&gt;&lt;rt&gt;chuán&lt;/rt&gt;&lt;rp&gt;)&lt;/rp&gt;&lt;/ruby&gt;</simpleChoice><simpleChoice identifier="C">&lt;ruby&gt;&lt;rb&gt;&lt;/rb&gt;开&lt;rp&gt;(&lt;/rp&gt;&lt;rt&gt;kāi&lt;/rt&gt;&lt;rp&gt;)&lt;/rp&gt;&lt;/ruby&gt; &lt;ruby&gt;&lt;rb&gt;&lt;/rb&gt;车&lt;rp&gt;(&lt;/rp&gt;&lt;rt&gt;chē&lt;/rt&gt;&lt;rp&gt;)&lt;/rp&gt;&lt;/ruby&gt;</simpleChoice></choiceInteraction></itemBody><responseProcessing><responseCondition><responseIf><match><correct identifier="RESPONSE" /><variable identifier="RESPONSE" /></match><setOutcomeValue identifier="SCORE"><baseValue baseType="float">1</baseValue></setOutcomeValue></responseIf></responseCondition></responseProcessing></assessmentItem>