<assessmentTest xmlns:xsi="http://www.w3.org/2001/XMLSchema-instance" xmlns:xsd="http://www.w3.org/2001/XMLSchema" identifier="02853a9b-05b1-e011-abdb-005056b834eb" title="HSK四级1107（H41114）" xmlns="http://www.open.com.cn/schemas/exam/openqti_v1"><outcomeDeclaration identifier="SCORE" cardinality="single" baseType="float" /><testPart identifier="P01" navigationMode="linear" submissionMode="simultaneous"><rubricBlock view="candidate"><prompt>听力&lt;media src="02853a9b-05b1-e011-abdb-005056b834eb\P01\201171814442588.mp3" mimeType="audio/mpeg" content="" duration="63" repeatInterval="0" repeatTimes="0"&gt;答题说明&lt;/media&gt;</prompt></rubricBlock><endBlock><prompt>&lt;media src="02853a9b-05b1-e011-abdb-005056b834eb\P01\2014716144416450.mp3" mimeType="audio/mpeg" content="" duration="4" repeatInterval="0" repeatTimes="0"&gt;模块结束音频&lt;/media&gt;</prompt></endBlock><timeLimits maxTime="2132" checkTime="300" /><assessmentSection identifier="S01" title="第一部分" visible="true" score="20" itemCount="10" optionalItemCount="0" mediaType="1" optionalItemScore="0"><endBlock /><ordering shuffle="false" /><rubricBlock view="candidate"><prompt>判断对错。&lt;media src="02853a9b-05b1-e011-abdb-005056b834eb\P01\S01\201171814516244.mp3" mimeType="audio/mpeg" content="" duration="8" repeatInterval="0" repeatTimes="0"&gt;答题说明&lt;/media&gt;</prompt></rubricBlock><assessmentItemRef identifier="_x0031_258cfb4-2297-44d3-b5fd-9009d759ec15" href="AssessmentItems/ASI_1258cfb4-2297-44d3-b5fd-9009d759ec15.xml" type="judgement" subjective="false" isExample="true" prepareDuration="0" responseDuration="0" promptShowDuration="0"><media mimeType="audio/mpeg" src="1258cfb4-2297-44d3-b5fd-9009d759ec15\2011715113159697.mp3" duration="26" content="" repeatTimes="0" repeatInterval="0">播放音频</media><weight identifier="WEIGHT" value="0">0</weight></assessmentItemRef><assessmentItemRef identifier="a60a79bd-e02f-4259-b6b6-57a9804d22f8" href="AssessmentItems/ASI_a60a79bd-e02f-4259-b6b6-57a9804d22f8.xml" type="judgement" subjective="false" isExample="true" prepareDuration="0" responseDuration="0" promptShowDuration="0"><media mimeType="audio/mpeg" src="a60a79bd-e02f-4259-b6b6-57a9804d22f8\2011715113311369.mp3" duration="36" content="" repeatTimes="0" repeatInterval="0">播放音频</media><weight identifier="WEIGHT" value="0">0</weight></assessmentItemRef><assessmentItemRef identifier="_x0037_d8444c1-0cb3-45eb-aa7e-088874ba3bf1" href="AssessmentItems/ASI_7d8444c1-0cb3-45eb-aa7e-088874ba3bf1.xml" type="judgement" subjective="false" isExample="false" prepareDuration="0" responseDuration="8" promptShowDuration="0"><media mimeType="audio/mpeg" src="7d8444c1-0cb3-45eb-aa7e-088874ba3bf1\201171511342672.mp3" duration="24" content="" repeatTimes="0" repeatInterval="0">播放音频</media><weight identifier="WEIGHT" value="2">2</weight></assessmentItemRef><assessmentItemRef identifier="_x0036_7d8b102-095b-42c2-bcda-ce00472d4bfc" href="AssessmentItems/ASI_67d8b102-095b-42c2-bcda-ce00472d4bfc.xml" type="judgement" subjective="false" isExample="false" prepareDuration="0" responseDuration="8" promptShowDuration="0"><media mimeType="audio/mpeg" src="67d8b102-095b-42c2-bcda-ce00472d4bfc\201171511350588.mp3" duration="22" content="" repeatTimes="0" repeatInterval="0">播放音频</media><weight identifier="WEIGHT" value="2">2</weight></assessmentItemRef><assessmentItemRef identifier="_x0037_3d9f45e-99ae-4bb1-be2c-8685a47f525d" href="AssessmentItems/ASI_73d9f45e-99ae-4bb1-be2c-8685a47f525d.xml" type="judgement" subjective="false" isExample="false" prepareDuration="0" responseDuration="8" promptShowDuration="0"><media mimeType="audio/mpeg" src="73d9f45e-99ae-4bb1-be2c-8685a47f525d\2011715113642307.mp3" duration="18" content="" repeatTimes="0" repeatInterval="0">播放音频</media><weight identifier="WEIGHT" value="2">2</weight></assessmentItemRef><assessmentItemRef identifier="_x0035_40d6c1e-b327-4fe1-a482-67287e15d4bb" href="AssessmentItems/ASI_540d6c1e-b327-4fe1-a482-67287e15d4bb.xml" type="judgement" subjective="false" isExample="false" prepareDuration="0" responseDuration="8" promptShowDuration="0"><media mimeType="audio/mpeg" src="540d6c1e-b327-4fe1-a482-67287e15d4bb\2011715113759963.mp3" duration="23" content="" repeatTimes="0" repeatInterval="0">播放音频</media><weight identifier="WEIGHT" value="2">2</weight></assessmentItemRef><assessmentItemRef identifier="_x0038_c4b9d23-ed23-4432-815e-f9ea8d5b190d" href="AssessmentItems/ASI_8c4b9d23-ed23-4432-815e-f9ea8d5b190d.xml" type="judgement" subjective="false" isExample="false" prepareDuration="0" responseDuration="8" promptShowDuration="0"><media mimeType="audio/mpeg" src="8c4b9d23-ed23-4432-815e-f9ea8d5b190d\2011715114041400.mp3" duration="23" content="" repeatTimes="0" repeatInterval="0">播放音频</media><weight identifier="WEIGHT" value="2">2</weight></assessmentItemRef><assessmentItemRef identifier="_x0036_ef3b04f-8b49-4a8a-9909-a7bac8878e09" href="AssessmentItems/ASI_6ef3b04f-8b49-4a8a-9909-a7bac8878e09.xml" type="judgement" subjective="false" isExample="false" prepareDuration="0" responseDuration="8" promptShowDuration="0"><media mimeType="audio/mpeg" src="6ef3b04f-8b49-4a8a-9909-a7bac8878e09\2011715114124838.mp3" duration="20" content="" repeatTimes="0" repeatInterval="0">播放音频</media><weight identifier="WEIGHT" value="2">2</weight></assessmentItemRef><assessmentItemRef identifier="_x0037_5336506-f898-4741-8720-c49f7eaf5ab3" href="AssessmentItems/ASI_75336506-f898-4741-8720-c49f7eaf5ab3.xml" type="judgement" subjective="false" isExample="false" prepareDuration="0" responseDuration="8" promptShowDuration="0"><media mimeType="audio/mpeg" src="75336506-f898-4741-8720-c49f7eaf5ab3\201171511423385.mp3" duration="26" content="" repeatTimes="0" repeatInterval="0">播放音频</media><weight identifier="WEIGHT" value="2">2</weight></assessmentItemRef><assessmentItemRef identifier="_x0035_6ffb65f-3378-4aaf-af9c-6c3c72eb7fe8" href="AssessmentItems/ASI_56ffb65f-3378-4aaf-af9c-6c3c72eb7fe8.xml" type="judgement" subjective="false" isExample="false" prepareDuration="0" responseDuration="8" promptShowDuration="0"><media mimeType="audio/mpeg" src="56ffb65f-3378-4aaf-af9c-6c3c72eb7fe8\201171511424372.mp3" duration="21" content="" repeatTimes="0" repeatInterval="0">播放音频</media><weight identifier="WEIGHT" value="2">2</weight></assessmentItemRef><assessmentItemRef identifier="b5385144-7637-446f-97d3-86acd977dadf" href="AssessmentItems/ASI_b5385144-7637-446f-97d3-86acd977dadf.xml" type="judgement" subjective="false" isExample="false" prepareDuration="0" responseDuration="8" promptShowDuration="0"><media mimeType="audio/mpeg" src="b5385144-7637-446f-97d3-86acd977dadf\2011715114321275.mp3" duration="21" content="" repeatTimes="0" repeatInterval="0">播放音频</media><weight identifier="WEIGHT" value="2">2</weight></assessmentItemRef><assessmentItemRef identifier="_x0031_1171159-c1da-4f17-b814-c0bc7d40bc63" href="AssessmentItems/ASI_11171159-c1da-4f17-b814-c0bc7d40bc63.xml" type="judgement" subjective="false" isExample="false" prepareDuration="0" responseDuration="8" promptShowDuration="0"><media mimeType="audio/mpeg" src="11171159-c1da-4f17-b814-c0bc7d40bc63\201171511440447.mp3" duration="21" content="" repeatTimes="0" repeatInterval="0">播放音频</media><weight identifier="WEIGHT" value="2">2</weight></assessmentItemRef></assessmentSection><assessmentSection identifier="S02" title="第二部分" visible="true" score="30" itemCount="15" optionalItemCount="0" mediaType="1" optionalItemScore="0"><endBlock /><ordering shuffle="false" /><rubricBlock view="candidate"><prompt>请选出正确答案。&lt;media src="02853a9b-05b1-e011-abdb-005056b834eb\P01\S02\20117181479807.mp3" mimeType="audio/mpeg" content="" duration="8" repeatInterval="0" repeatTimes="0"&gt;答题说明&lt;/media&gt;</prompt></rubricBlock><assessmentItemRef identifier="_x0031_80dc3cf-eaff-4c7a-9bbc-2e7118fdd01c" href="AssessmentItems/ASI_180dc3cf-eaff-4c7a-9bbc-2e7118fdd01c.xml" type="singleChoice" subjective="false" isExample="true" prepareDuration="0" responseDuration="0" promptShowDuration="0"><media mimeType="audio/mpeg" src="180dc3cf-eaff-4c7a-9bbc-2e7118fdd01c\2011715114513650.mp3" duration="30" content="" repeatTimes="0" repeatInterval="0">播放音频</media><weight identifier="WEIGHT" value="0">0</weight></assessmentItemRef><assessmentItemRef identifier="f48f62d7-734a-4628-9ccf-4c0960129600" href="AssessmentItems/ASI_f48f62d7-734a-4628-9ccf-4c0960129600.xml" type="singleChoice" subjective="false" isExample="false" prepareDuration="0" responseDuration="14" promptShowDuration="0"><media mimeType="audio/mpeg" src="f48f62d7-734a-4628-9ccf-4c0960129600\2011715114631213.mp3" duration="27" content="" repeatTimes="0" repeatInterval="0">播放音频</media><weight identifier="WEIGHT" value="2">2</weight></assessmentItemRef><assessmentItemRef identifier="_x0035_1babcc3-749d-4deb-a91e-6a3b335c4908" href="AssessmentItems/ASI_51babcc3-749d-4deb-a91e-6a3b335c4908.xml" type="singleChoice" subjective="false" isExample="false" prepareDuration="0" responseDuration="14" promptShowDuration="0"><media mimeType="audio/mpeg" src="51babcc3-749d-4deb-a91e-6a3b335c4908\201171511472872.mp3" duration="21" content="" repeatTimes="0" repeatInterval="0">播放音频</media><weight identifier="WEIGHT" value="2">2</weight></assessmentItemRef><assessmentItemRef identifier="b2a512cb-04ab-488d-ad2f-e3acc7c2e0fc" href="AssessmentItems/ASI_b2a512cb-04ab-488d-ad2f-e3acc7c2e0fc.xml" type="singleChoice" subjective="false" isExample="false" prepareDuration="0" responseDuration="14" promptShowDuration="0"><media mimeType="audio/mpeg" src="b2a512cb-04ab-488d-ad2f-e3acc7c2e0fc\2011715114815963.mp3" duration="19" content="" repeatTimes="0" repeatInterval="0">播放音频</media><weight identifier="WEIGHT" value="2">2</weight></assessmentItemRef><assessmentItemRef identifier="_x0031_0e7341f-87a8-46c0-9ca7-19c8c73762a2" href="AssessmentItems/ASI_10e7341f-87a8-46c0-9ca7-19c8c73762a2.xml" type="singleChoice" subjective="false" isExample="false" prepareDuration="0" responseDuration="14" promptShowDuration="0"><media mimeType="audio/mpeg" src="10e7341f-87a8-46c0-9ca7-19c8c73762a2\2011715114911822.mp3" duration="19" content="" repeatTimes="0" repeatInterval="0">播放音频</media><weight identifier="WEIGHT" value="2">2</weight></assessmentItemRef><assessmentItemRef identifier="_x0037_b7d4a39-974a-4ad5-b6b5-4568af8e5ab1" href="AssessmentItems/ASI_7b7d4a39-974a-4ad5-b6b5-4568af8e5ab1.xml" type="singleChoice" subjective="false" isExample="false" prepareDuration="0" responseDuration="14" promptShowDuration="0"><media mimeType="audio/mpeg" src="7b7d4a39-974a-4ad5-b6b5-4568af8e5ab1\20117151150641.mp3" duration="22" content="" repeatTimes="0" repeatInterval="0">播放音频</media><weight identifier="WEIGHT" value="2">2</weight></assessmentItemRef><assessmentItemRef identifier="_x0035_886da32-83bb-41a9-a73c-b933334822c6" href="AssessmentItems/ASI_5886da32-83bb-41a9-a73c-b933334822c6.xml" type="singleChoice" subjective="false" isExample="false" prepareDuration="0" responseDuration="14" promptShowDuration="0"><media mimeType="audio/mpeg" src="5886da32-83bb-41a9-a73c-b933334822c6\2011715115116932.mp3" duration="20" content="" repeatTimes="0" repeatInterval="0">播放音频</media><weight identifier="WEIGHT" value="2">2</weight></assessmentItemRef><assessmentItemRef identifier="_x0033_308a64a-fc3b-4d00-ab31-e66deaaa2c56" href="AssessmentItems/ASI_3308a64a-fc3b-4d00-ab31-e66deaaa2c56.xml" type="singleChoice" subjective="false" isExample="false" prepareDuration="0" responseDuration="14" promptShowDuration="0"><media mimeType="audio/mpeg" src="3308a64a-fc3b-4d00-ab31-e66deaaa2c56\201171511525150.mp3" duration="24" content="" repeatTimes="0" repeatInterval="0">播放音频</media><weight identifier="WEIGHT" value="2">2</weight></assessmentItemRef><assessmentItemRef identifier="_x0032_f53f619-3ca9-4488-9cee-b4833e7e7f1a" href="AssessmentItems/ASI_2f53f619-3ca9-4488-9cee-b4833e7e7f1a.xml" type="singleChoice" subjective="false" isExample="false" prepareDuration="0" responseDuration="14" promptShowDuration="0"><media mimeType="audio/mpeg" src="2f53f619-3ca9-4488-9cee-b4833e7e7f1a\2011715115430822.mp3" duration="21" content="" repeatTimes="0" repeatInterval="0">播放音频</media><weight identifier="WEIGHT" value="2">2</weight></assessmentItemRef><assessmentItemRef identifier="ecea4e62-f1a5-40c4-8291-739034547aac" href="AssessmentItems/ASI_ecea4e62-f1a5-40c4-8291-739034547aac.xml" type="singleChoice" subjective="false" isExample="false" prepareDuration="0" responseDuration="14" promptShowDuration="0"><media mimeType="audio/mpeg" src="ecea4e62-f1a5-40c4-8291-739034547aac\2011715115526572.mp3" duration="21" content="" repeatTimes="0" repeatInterval="0">播放音频</media><weight identifier="WEIGHT" value="2">2</weight></assessmentItemRef><assessmentItemRef identifier="b7a79eb1-e900-4611-a129-b92e37361f15" href="AssessmentItems/ASI_b7a79eb1-e900-4611-a129-b92e37361f15.xml" type="singleChoice" subjective="false" isExample="false" prepareDuration="0" responseDuration="14" promptShowDuration="0"><media mimeType="audio/mpeg" src="b7a79eb1-e900-4611-a129-b92e37361f15\2011715115616682.mp3" duration="23" content="" repeatTimes="0" repeatInterval="0">播放音频</media><weight identifier="WEIGHT" value="2">2</weight></assessmentItemRef><assessmentItemRef identifier="bc9aada2-9429-4e0a-9489-a803591220c8" href="AssessmentItems/ASI_bc9aada2-9429-4e0a-9489-a803591220c8.xml" type="singleChoice" subjective="false" isExample="false" prepareDuration="0" responseDuration="14" promptShowDuration="0"><media mimeType="audio/mpeg" src="bc9aada2-9429-4e0a-9489-a803591220c8\2011715115658791.mp3" duration="21" content="" repeatTimes="0" repeatInterval="0">播放音频</media><weight identifier="WEIGHT" value="2">2</weight></assessmentItemRef><assessmentItemRef identifier="_x0033_ffc2dff-55a1-4aad-b891-c26c912ffaaa" href="AssessmentItems/ASI_3ffc2dff-55a1-4aad-b891-c26c912ffaaa.xml" type="singleChoice" subjective="false" isExample="false" prepareDuration="0" responseDuration="14" promptShowDuration="0"><media mimeType="audio/mpeg" src="3ffc2dff-55a1-4aad-b891-c26c912ffaaa\2011715115743728.mp3" duration="18" content="" repeatTimes="0" repeatInterval="0">播放音频</media><weight identifier="WEIGHT" value="2">2</weight></assessmentItemRef><assessmentItemRef identifier="b156e5cd-e4d4-4f72-9f93-2ed0ad933850" href="AssessmentItems/ASI_b156e5cd-e4d4-4f72-9f93-2ed0ad933850.xml" type="singleChoice" subjective="false" isExample="false" prepareDuration="0" responseDuration="14" promptShowDuration="0"><media mimeType="audio/mpeg" src="b156e5cd-e4d4-4f72-9f93-2ed0ad933850\2011715115853447.mp3" duration="21" content="" repeatTimes="0" repeatInterval="0">播放音频</media><weight identifier="WEIGHT" value="2">2</weight></assessmentItemRef><assessmentItemRef identifier="b817241f-cfa8-4e00-9fa2-02967e12553b" href="AssessmentItems/ASI_b817241f-cfa8-4e00-9fa2-02967e12553b.xml" type="singleChoice" subjective="false" isExample="false" prepareDuration="0" responseDuration="14" promptShowDuration="0"><media mimeType="audio/mpeg" src="b817241f-cfa8-4e00-9fa2-02967e12553b\2011715115941463.mp3" duration="20" content="" repeatTimes="0" repeatInterval="0">播放音频</media><weight identifier="WEIGHT" value="2">2</weight></assessmentItemRef><assessmentItemRef identifier="db70610b-f9fc-487f-b4b9-3721448ebe77" href="AssessmentItems/ASI_db70610b-f9fc-487f-b4b9-3721448ebe77.xml" type="singleChoice" subjective="false" isExample="false" prepareDuration="0" responseDuration="14" promptShowDuration="0"><media mimeType="audio/mpeg" src="db70610b-f9fc-487f-b4b9-3721448ebe77\201171512028338.mp3" duration="20" content="" repeatTimes="0" repeatInterval="0">播放音频</media><weight identifier="WEIGHT" value="2">2</weight></assessmentItemRef></assessmentSection><assessmentSection identifier="S03" title="第三部分" visible="true" score="50" itemCount="15" optionalItemCount="0" mediaType="1" optionalItemScore="0"><endBlock /><ordering shuffle="false" /><rubricBlock view="candidate"><prompt>请选出正确答案。&lt;media src="02853a9b-05b1-e011-abdb-005056b834eb\P01\S03\201171814851807.mp3" mimeType="audio/mpeg" content="" duration="8" repeatInterval="0" repeatTimes="0"&gt;答题说明&lt;/media&gt;</prompt></rubricBlock><assessmentItemRef identifier="_x0031_243f6ac-52f0-421c-86ad-51b43149cf4d" href="AssessmentItems/ASI_1243f6ac-52f0-421c-86ad-51b43149cf4d.xml" type="singleChoice" subjective="false" isExample="true" prepareDuration="0" responseDuration="0" promptShowDuration="0"><media mimeType="audio/mpeg" src="1243f6ac-52f0-421c-86ad-51b43149cf4d\20117151272157.mp3" duration="42" content="" repeatTimes="0" repeatInterval="0">播放音频</media><weight identifier="WEIGHT" value="0">0</weight></assessmentItemRef><assessmentItemRef identifier="_x0033_21aff58-7acb-4b16-b17d-725bbf78becf" href="AssessmentItems/ASI_321aff58-7acb-4b16-b17d-725bbf78becf.xml" type="singleChoice" subjective="false" isExample="false" prepareDuration="0" responseDuration="14" promptShowDuration="0"><media mimeType="audio/mpeg" src="321aff58-7acb-4b16-b17d-725bbf78becf\2011715121056994.mp3" duration="26" content="" repeatTimes="0" repeatInterval="0">播放音频</media><weight identifier="WEIGHT" value="2">2</weight></assessmentItemRef><assessmentItemRef identifier="_x0030_cf2b96e-0785-4258-85cf-d717c4f81507" href="AssessmentItems/ASI_0cf2b96e-0785-4258-85cf-d717c4f81507.xml" type="singleChoice" subjective="false" isExample="false" prepareDuration="0" responseDuration="14" promptShowDuration="0"><media mimeType="audio/mpeg" src="0cf2b96e-0785-4258-85cf-d717c4f81507\2011715121153760.mp3" duration="25" content="" repeatTimes="0" repeatInterval="0">播放音频</media><weight identifier="WEIGHT" value="2">2</weight></assessmentItemRef><assessmentItemRef identifier="_x0038_3479b0c-bb3b-4e1d-881a-f199d3539852" href="AssessmentItems/ASI_83479b0c-bb3b-4e1d-881a-f199d3539852.xml" type="singleChoice" subjective="false" isExample="false" prepareDuration="0" responseDuration="14" promptShowDuration="0"><media mimeType="audio/mpeg" src="83479b0c-bb3b-4e1d-881a-f199d3539852\201171512124557.mp3" duration="21" content="" repeatTimes="0" repeatInterval="0">播放音频</media><weight identifier="WEIGHT" value="2">2</weight></assessmentItemRef><assessmentItemRef identifier="_x0037_a4cd939-7898-4fcb-a769-a4653d54ff44" href="AssessmentItems/ASI_7a4cd939-7898-4fcb-a769-a4653d54ff44.xml" type="singleChoice" subjective="false" isExample="false" prepareDuration="0" responseDuration="14" promptShowDuration="0"><media mimeType="audio/mpeg" src="7a4cd939-7898-4fcb-a769-a4653d54ff44\2011715121346557.mp3" duration="24" content="" repeatTimes="0" repeatInterval="0">播放音频</media><weight identifier="WEIGHT" value="2">2</weight></assessmentItemRef><assessmentItemRef identifier="_x0036_1a6e82f-1225-4b03-a191-ae06e67477ca" href="AssessmentItems/ASI_61a6e82f-1225-4b03-a191-ae06e67477ca.xml" type="singleChoice" subjective="false" isExample="false" prepareDuration="0" responseDuration="14" promptShowDuration="0"><media mimeType="audio/mpeg" src="61a6e82f-1225-4b03-a191-ae06e67477ca\2011715121438822.mp3" duration="24" content="" repeatTimes="0" repeatInterval="0">播放音频</media><weight identifier="WEIGHT" value="2">2</weight></assessmentItemRef><assessmentItemRef identifier="_x0039_cf70892-c8fa-4ef4-ab8a-6575803e864d" href="AssessmentItems/ASI_9cf70892-c8fa-4ef4-ab8a-6575803e864d.xml" type="singleChoice" subjective="false" isExample="false" prepareDuration="0" responseDuration="14" promptShowDuration="0"><media mimeType="audio/mpeg" src="9cf70892-c8fa-4ef4-ab8a-6575803e864d\2011715121524728.mp3" duration="26" content="" repeatTimes="0" repeatInterval="0">播放音频</media><weight identifier="WEIGHT" value="2">2</weight></assessmentItemRef><assessmentItemRef identifier="_x0030_7d1ddd7-d774-4a8f-be49-f049d17f84ee" href="AssessmentItems/ASI_07d1ddd7-d774-4a8f-be49-f049d17f84ee.xml" type="singleChoice" subjective="false" isExample="false" prepareDuration="0" responseDuration="14" promptShowDuration="0"><media mimeType="audio/mpeg" src="07d1ddd7-d774-4a8f-be49-f049d17f84ee\2011715121610463.mp3" duration="29" content="" repeatTimes="0" repeatInterval="0">播放音频</media><weight identifier="WEIGHT" value="2">2</weight></assessmentItemRef><assessmentItemRef identifier="_x0035_3827e1e-7e41-47f6-8791-b83e393ee370" href="AssessmentItems/ASI_53827e1e-7e41-47f6-8791-b83e393ee370.xml" type="singleChoice" subjective="false" isExample="false" prepareDuration="0" responseDuration="14" promptShowDuration="0"><media mimeType="audio/mpeg" src="53827e1e-7e41-47f6-8791-b83e393ee370\2011715121655900.mp3" duration="26" content="" repeatTimes="0" repeatInterval="0">播放音频</media><weight identifier="WEIGHT" value="2">2</weight></assessmentItemRef><assessmentItemRef identifier="_x0039_067b3a6-ca7d-46b8-b04a-348896a468f2" href="AssessmentItems/ASI_9067b3a6-ca7d-46b8-b04a-348896a468f2.xml" type="singleChoice" subjective="false" isExample="false" prepareDuration="0" responseDuration="14" promptShowDuration="0"><media mimeType="audio/mpeg" src="9067b3a6-ca7d-46b8-b04a-348896a468f2\2011715121741385.mp3" duration="28" content="" repeatTimes="0" repeatInterval="0">播放音频</media><weight identifier="WEIGHT" value="2">2</weight></assessmentItemRef><assessmentItemRef identifier="_x0038_5c53c35-c59b-4faf-a313-d196782d52f1" href="AssessmentItems/ASI_85c53c35-c59b-4faf-a313-d196782d52f1.xml" type="singleChoice" subjective="false" isExample="false" prepareDuration="0" responseDuration="14" promptShowDuration="0"><media mimeType="audio/mpeg" src="85c53c35-c59b-4faf-a313-d196782d52f1\201171512197307.mp3" duration="25" content="" repeatTimes="0" repeatInterval="0">播放音频</media><weight identifier="WEIGHT" value="2">2</weight></assessmentItemRef><assessmentItemRef identifier="_x0034_11c0028-5193-40a3-bb91-9473859d9809" href="AssessmentItems/ASI_411c0028-5193-40a3-bb91-9473859d9809.xml" type="readingComprehension" subjective="false" isExample="false" prepareDuration="0" responseDuration="14" promptShowDuration="0"><media mimeType="audio/mpeg" src="411c0028-5193-40a3-bb91-9473859d9809\201171512207744.mp3" duration="65" content="" repeatTimes="0" repeatInterval="0">播放音频</media><weight identifier="WEIGHT" value="6">6</weight></assessmentItemRef><assessmentItemRef identifier="dc090f7f-502f-4a22-9ed0-c99fa7319bb3" href="AssessmentItems/ASI_dc090f7f-502f-4a22-9ed0-c99fa7319bb3.xml" type="readingComprehension" subjective="false" isExample="false" prepareDuration="0" responseDuration="14" promptShowDuration="0"><media mimeType="audio/mpeg" src="dc090f7f-502f-4a22-9ed0-c99fa7319bb3\2011715122138885.mp3" duration="62" content="" repeatTimes="0" repeatInterval="0">播放音频</media><weight identifier="WEIGHT" value="6">6</weight></assessmentItemRef><assessmentItemRef identifier="b07dd896-a142-444a-b4e5-872a96079991" href="AssessmentItems/ASI_b07dd896-a142-444a-b4e5-872a96079991.xml" type="readingComprehension" subjective="false" isExample="false" prepareDuration="0" responseDuration="14" promptShowDuration="0"><media mimeType="audio/mpeg" src="b07dd896-a142-444a-b4e5-872a96079991\2011715122340166.mp3" duration="63" content="" repeatTimes="0" repeatInterval="0">播放音频</media><weight identifier="WEIGHT" value="6">6</weight></assessmentItemRef><assessmentItemRef identifier="_x0036_c9f2bd1-979c-45bd-9f2a-2909d9340d26" href="AssessmentItems/ASI_6c9f2bd1-979c-45bd-9f2a-2909d9340d26.xml" type="readingComprehension" subjective="false" isExample="false" prepareDuration="0" responseDuration="14" promptShowDuration="0"><media mimeType="audio/mpeg" src="6c9f2bd1-979c-45bd-9f2a-2909d9340d26\2011715122528525.mp3" duration="62" content="" repeatTimes="0" repeatInterval="0">播放音频</media><weight identifier="WEIGHT" value="6">6</weight></assessmentItemRef><assessmentItemRef identifier="_x0035_4897f11-a5ea-425f-812a-0fa7c023da2f" href="AssessmentItems/ASI_54897f11-a5ea-425f-812a-0fa7c023da2f.xml" type="readingComprehension" subjective="false" isExample="false" prepareDuration="0" responseDuration="14" promptShowDuration="0"><media mimeType="audio/mpeg" src="54897f11-a5ea-425f-812a-0fa7c023da2f\2011715122714932.mp3" duration="65" content="" repeatTimes="0" repeatInterval="0">播放音频</media><weight identifier="WEIGHT" value="6">6</weight></assessmentItemRef></assessmentSection></testPart><testPart identifier="P02" navigationMode="nonlinear" submissionMode="simultaneous"><rubricBlock view="candidate"><prompt>阅读</prompt></rubricBlock><endBlock /><timeLimits minTime="2400" maxTime="2400" /><assessmentSection identifier="S01" title="第一部分" visible="true" score="25" itemCount="2" optionalItemCount="0" mediaType="0" optionalItemScore="0"><endBlock /><ordering shuffle="false" /><rubricBlock view="candidate"><prompt>选词填空。</prompt></rubricBlock><assessmentItemRef identifier="_x0037_b0117e8-2b1b-4367-b7e9-4c4673773e6b" href="AssessmentItems/ASI_7b0117e8-2b1b-4367-b7e9-4c4673773e6b.xml" type="readingComprehension" subjective="false" isExample="false" prepareDuration="0" responseDuration="0" promptShowDuration="0"><weight identifier="WEIGHT" value="12.5">12.5</weight></assessmentItemRef><assessmentItemRef identifier="_x0039_85e7501-68d6-4a03-8706-78c33330b95d" href="AssessmentItems/ASI_985e7501-68d6-4a03-8706-78c33330b95d.xml" type="readingComprehension" subjective="false" isExample="false" prepareDuration="0" responseDuration="0" promptShowDuration="0"><weight identifier="WEIGHT" value="12.5">12.5</weight></assessmentItemRef></assessmentSection><assessmentSection identifier="S02" title="第二部分" visible="true" score="25" itemCount="10" optionalItemCount="0" mediaType="0" optionalItemScore="0"><endBlock /><ordering shuffle="false" /><rubricBlock view="candidate"><prompt>排列顺序。</prompt></rubricBlock><assessmentItemRef identifier="f7e693bc-ce3e-4dcb-bf96-2812aef31fe6" href="AssessmentItems/ASI_f7e693bc-ce3e-4dcb-bf96-2812aef31fe6.xml" type="textEntry" subjective="true" isExample="true" prepareDuration="0" responseDuration="0" promptShowDuration="0"><weight identifier="WEIGHT" value="0">0</weight></assessmentItemRef><assessmentItemRef identifier="_x0036_c561bf8-2419-4111-b3b7-25daac76b657" href="AssessmentItems/ASI_6c561bf8-2419-4111-b3b7-25daac76b657.xml" type="textEntry" subjective="true" isExample="false" prepareDuration="0" responseDuration="0" promptShowDuration="0"><weight identifier="WEIGHT" value="2.5">2.5</weight></assessmentItemRef><assessmentItemRef identifier="_x0039_292c273-0bd1-476e-9fc6-1985634419fd" href="AssessmentItems/ASI_9292c273-0bd1-476e-9fc6-1985634419fd.xml" type="textEntry" subjective="true" isExample="false" prepareDuration="0" responseDuration="0" promptShowDuration="0"><weight identifier="WEIGHT" value="2.5">2.5</weight></assessmentItemRef><assessmentItemRef identifier="b1c2e2b9-b9eb-47ac-826e-6628b526efd2" href="AssessmentItems/ASI_b1c2e2b9-b9eb-47ac-826e-6628b526efd2.xml" type="textEntry" subjective="true" isExample="false" prepareDuration="0" responseDuration="0" promptShowDuration="0"><weight identifier="WEIGHT" value="2.5">2.5</weight></assessmentItemRef><assessmentItemRef identifier="_x0030_9446580-abf5-4f58-869e-3f0230ff9403" href="AssessmentItems/ASI_09446580-abf5-4f58-869e-3f0230ff9403.xml" type="textEntry" subjective="true" isExample="false" prepareDuration="0" responseDuration="0" promptShowDuration="0"><weight identifier="WEIGHT" value="2.5">2.5</weight></assessmentItemRef><assessmentItemRef identifier="f04f9d03-39ad-48e2-bdb9-c76fddcfd2bf" href="AssessmentItems/ASI_f04f9d03-39ad-48e2-bdb9-c76fddcfd2bf.xml" type="textEntry" subjective="true" isExample="false" prepareDuration="0" responseDuration="0" promptShowDuration="0"><weight identifier="WEIGHT" value="2.5">2.5</weight></assessmentItemRef><assessmentItemRef identifier="_x0034_08f34e6-901b-4219-a3f1-ab9350fa7414" href="AssessmentItems/ASI_408f34e6-901b-4219-a3f1-ab9350fa7414.xml" type="textEntry" subjective="true" isExample="false" prepareDuration="0" responseDuration="0" promptShowDuration="0"><weight identifier="WEIGHT" value="2.5">2.5</weight></assessmentItemRef><assessmentItemRef identifier="acb4a99c-a023-4ef7-a1da-d6a7fb5155bd" href="AssessmentItems/ASI_acb4a99c-a023-4ef7-a1da-d6a7fb5155bd.xml" type="textEntry" subjective="true" isExample="false" prepareDuration="0" responseDuration="0" promptShowDuration="0"><weight identifier="WEIGHT" value="2.5">2.5</weight></assessmentItemRef><assessmentItemRef identifier="e33fb9dc-9708-4973-bc1a-f73bee11bb89" href="AssessmentItems/ASI_e33fb9dc-9708-4973-bc1a-f73bee11bb89.xml" type="textEntry" subjective="true" isExample="false" prepareDuration="0" responseDuration="0" promptShowDuration="0"><weight identifier="WEIGHT" value="2.5">2.5</weight></assessmentItemRef><assessmentItemRef identifier="_x0032_fd071b2-4d68-4efe-87ca-a132d8a281f2" href="AssessmentItems/ASI_2fd071b2-4d68-4efe-87ca-a132d8a281f2.xml" type="textEntry" subjective="true" isExample="false" prepareDuration="0" responseDuration="0" promptShowDuration="0"><weight identifier="WEIGHT" value="2.5">2.5</weight></assessmentItemRef><assessmentItemRef identifier="f672fdd5-abca-4a9e-9306-c88ad83c38a5" href="AssessmentItems/ASI_f672fdd5-abca-4a9e-9306-c88ad83c38a5.xml" type="textEntry" subjective="true" isExample="false" prepareDuration="0" responseDuration="0" promptShowDuration="0"><weight identifier="WEIGHT" value="2.5">2.5</weight></assessmentItemRef></assessmentSection><assessmentSection identifier="S03" title="第三部分" visible="true" score="50" itemCount="17" optionalItemCount="0" mediaType="0" optionalItemScore="0"><endBlock /><ordering shuffle="false" /><rubricBlock view="candidate"><prompt>请选出正确答案。</prompt></rubricBlock><assessmentItemRef identifier="_x0038_4c7d5d7-bd08-4f8b-b673-b32d921e8bd2" href="AssessmentItems/ASI_84c7d5d7-bd08-4f8b-b673-b32d921e8bd2.xml" type="singleChoice" subjective="false" isExample="true" prepareDuration="0" responseDuration="0" promptShowDuration="0"><weight identifier="WEIGHT" value="0">0</weight></assessmentItemRef><assessmentItemRef identifier="e9a116a5-5178-4f67-b9db-254966e609d9" href="AssessmentItems/ASI_e9a116a5-5178-4f67-b9db-254966e609d9.xml" type="singleChoice" subjective="false" isExample="false" prepareDuration="0" responseDuration="0" promptShowDuration="0"><weight identifier="WEIGHT" value="2.5">2.5</weight></assessmentItemRef><assessmentItemRef identifier="_x0039_b956649-d312-4c96-b10a-9a0f1e31147c" href="AssessmentItems/ASI_9b956649-d312-4c96-b10a-9a0f1e31147c.xml" type="singleChoice" subjective="false" isExample="false" prepareDuration="0" responseDuration="0" promptShowDuration="0"><weight identifier="WEIGHT" value="2.5">2.5</weight></assessmentItemRef><assessmentItemRef identifier="_x0033_db913dd-fb8c-42bf-8dc4-10fa5c5d10a0" href="AssessmentItems/ASI_3db913dd-fb8c-42bf-8dc4-10fa5c5d10a0.xml" type="singleChoice" subjective="false" isExample="false" prepareDuration="0" responseDuration="0" promptShowDuration="0"><weight identifier="WEIGHT" value="2.5">2.5</weight></assessmentItemRef><assessmentItemRef identifier="_x0039_c6e1b8e-cf75-40b2-8b2b-351925de9b9b" href="AssessmentItems/ASI_9c6e1b8e-cf75-40b2-8b2b-351925de9b9b.xml" type="singleChoice" subjective="false" isExample="false" prepareDuration="0" responseDuration="0" promptShowDuration="0"><weight identifier="WEIGHT" value="2.5">2.5</weight></assessmentItemRef><assessmentItemRef identifier="_x0031_afea1ee-41cd-4f42-83b5-ca2b0c58c9d0" href="AssessmentItems/ASI_1afea1ee-41cd-4f42-83b5-ca2b0c58c9d0.xml" type="singleChoice" subjective="false" isExample="false" prepareDuration="0" responseDuration="0" promptShowDuration="0"><weight identifier="WEIGHT" value="2.5">2.5</weight></assessmentItemRef><assessmentItemRef identifier="e93c7684-b843-45bd-9063-ba8fb4290233" href="AssessmentItems/ASI_e93c7684-b843-45bd-9063-ba8fb4290233.xml" type="singleChoice" subjective="false" isExample="false" prepareDuration="0" responseDuration="0" promptShowDuration="0"><weight identifier="WEIGHT" value="2.5">2.5</weight></assessmentItemRef><assessmentItemRef identifier="c9b30d25-0dc2-4d1a-9164-6b7f24de9374" href="AssessmentItems/ASI_c9b30d25-0dc2-4d1a-9164-6b7f24de9374.xml" type="singleChoice" subjective="false" isExample="false" prepareDuration="0" responseDuration="0" promptShowDuration="0"><weight identifier="WEIGHT" value="2.5">2.5</weight></assessmentItemRef><assessmentItemRef identifier="_x0038_44f2c77-b994-40d0-9d6e-79d26f1ca44d" href="AssessmentItems/ASI_844f2c77-b994-40d0-9d6e-79d26f1ca44d.xml" type="singleChoice" subjective="false" isExample="false" prepareDuration="0" responseDuration="0" promptShowDuration="0"><weight identifier="WEIGHT" value="2.5">2.5</weight></assessmentItemRef><assessmentItemRef identifier="_x0031_62467e4-f91f-42db-afc7-471ed0384d3c" href="AssessmentItems/ASI_162467e4-f91f-42db-afc7-471ed0384d3c.xml" type="singleChoice" subjective="false" isExample="false" prepareDuration="0" responseDuration="0" promptShowDuration="0"><weight identifier="WEIGHT" value="2.5">2.5</weight></assessmentItemRef><assessmentItemRef identifier="_x0034_152850c-1241-4fe6-99c3-564740ef2ad7" href="AssessmentItems/ASI_4152850c-1241-4fe6-99c3-564740ef2ad7.xml" type="singleChoice" subjective="false" isExample="false" prepareDuration="0" responseDuration="0" promptShowDuration="0"><weight identifier="WEIGHT" value="2.5">2.5</weight></assessmentItemRef><assessmentItemRef identifier="_x0036_458d064-e759-4a37-9839-86ba87beefbe" href="AssessmentItems/ASI_6458d064-e759-4a37-9839-86ba87beefbe.xml" type="singleChoice" subjective="false" isExample="false" prepareDuration="0" responseDuration="0" promptShowDuration="0"><weight identifier="WEIGHT" value="2.5">2.5</weight></assessmentItemRef><assessmentItemRef identifier="_x0035_51dfb40-63fe-4b26-ae42-b618b01b40d3" href="AssessmentItems/ASI_551dfb40-63fe-4b26-ae42-b618b01b40d3.xml" type="singleChoice" subjective="false" isExample="false" prepareDuration="0" responseDuration="0" promptShowDuration="0"><weight identifier="WEIGHT" value="2.5">2.5</weight></assessmentItemRef><assessmentItemRef identifier="_x0030_3d79bc5-2865-420a-9c18-20f40f870599" href="AssessmentItems/ASI_03d79bc5-2865-420a-9c18-20f40f870599.xml" type="singleChoice" subjective="false" isExample="false" prepareDuration="0" responseDuration="0" promptShowDuration="0"><weight identifier="WEIGHT" value="2.5">2.5</weight></assessmentItemRef><assessmentItemRef identifier="d05b2102-f5ff-4d40-8ac8-e51b7344fcb4" href="AssessmentItems/ASI_d05b2102-f5ff-4d40-8ac8-e51b7344fcb4.xml" type="singleChoice" subjective="false" isExample="false" prepareDuration="0" responseDuration="0" promptShowDuration="0"><weight identifier="WEIGHT" value="2.5">2.5</weight></assessmentItemRef><assessmentItemRef identifier="c8ecd0ca-a3d7-435e-baa0-70e3f8a44141" href="AssessmentItems/ASI_c8ecd0ca-a3d7-435e-baa0-70e3f8a44141.xml" type="readingComprehension" subjective="false" isExample="false" prepareDuration="0" responseDuration="0" promptShowDuration="0"><weight identifier="WEIGHT" value="5">5</weight></assessmentItemRef><assessmentItemRef identifier="_x0038_b8a5436-ae99-4334-9781-77695ef38c7c" href="AssessmentItems/ASI_8b8a5436-ae99-4334-9781-77695ef38c7c.xml" type="readingComprehension" subjective="false" isExample="false" prepareDuration="0" responseDuration="0" promptShowDuration="0"><weight identifier="WEIGHT" value="5">5</weight></assessmentItemRef><assessmentItemRef identifier="_x0032_a1f8847-f926-405c-a658-42080d7c28e9" href="AssessmentItems/ASI_2a1f8847-f926-405c-a658-42080d7c28e9.xml" type="readingComprehension" subjective="false" isExample="false" prepareDuration="0" responseDuration="0" promptShowDuration="0"><weight identifier="WEIGHT" value="5">5</weight></assessmentItemRef></assessmentSection></testPart><testPart identifier="P03" navigationMode="nonlinear" submissionMode="simultaneous"><rubricBlock view="candidate"><prompt>书写</prompt></rubricBlock><endBlock /><timeLimits minTime="1500" maxTime="1500" /><assessmentSection identifier="S01" title="第一部分" visible="true" score="65" itemCount="10" optionalItemCount="0" mediaType="0" optionalItemScore="0"><endBlock /><ordering shuffle="false" /><rubricBlock view="candidate"><prompt>完成句子。</prompt></rubricBlock><assessmentItemRef identifier="_x0039_8c3ef0b-d661-492f-b8e4-9c474b763f1a" href="AssessmentItems/ASI_98c3ef0b-d661-492f-b8e4-9c474b763f1a.xml" type="order" subjective="false" isExample="true" prepareDuration="0" responseDuration="0" promptShowDuration="0"><weight identifier="WEIGHT" value="0">0</weight></assessmentItemRef><assessmentItemRef identifier="_x0038_b01ff00-a0ec-4515-8467-e0e4acd96277" href="AssessmentItems/ASI_8b01ff00-a0ec-4515-8467-e0e4acd96277.xml" type="order" subjective="false" isExample="false" prepareDuration="0" responseDuration="0" promptShowDuration="0"><weight identifier="WEIGHT" value="6.5">6.5</weight></assessmentItemRef><assessmentItemRef identifier="_x0031_8bfe963-f8da-49c7-8937-e0910c9a41b2" href="AssessmentItems/ASI_18bfe963-f8da-49c7-8937-e0910c9a41b2.xml" type="order" subjective="false" isExample="false" prepareDuration="0" responseDuration="0" promptShowDuration="0"><weight identifier="WEIGHT" value="6.5">6.5</weight></assessmentItemRef><assessmentItemRef identifier="f90f0106-d04c-48e9-8703-e3d664209ffa" href="AssessmentItems/ASI_f90f0106-d04c-48e9-8703-e3d664209ffa.xml" type="order" subjective="false" isExample="false" prepareDuration="0" responseDuration="0" promptShowDuration="0"><weight identifier="WEIGHT" value="6.5">6.5</weight></assessmentItemRef><assessmentItemRef identifier="_x0032_898c936-9ac7-45fb-9ad0-a16f5df15cd7" href="AssessmentItems/ASI_2898c936-9ac7-45fb-9ad0-a16f5df15cd7.xml" type="order" subjective="false" isExample="false" prepareDuration="0" responseDuration="0" promptShowDuration="0"><weight identifier="WEIGHT" value="6.5">6.5</weight></assessmentItemRef><assessmentItemRef identifier="_x0034_bdc413e-3b1c-4110-8637-d49820795fb8" href="AssessmentItems/ASI_4bdc413e-3b1c-4110-8637-d49820795fb8.xml" type="order" subjective="false" isExample="false" prepareDuration="0" responseDuration="0" promptShowDuration="0"><weight identifier="WEIGHT" value="6.5">6.5</weight></assessmentItemRef><assessmentItemRef identifier="_x0038_fdadc74-7def-432d-bd47-c677b280555c" href="AssessmentItems/ASI_8fdadc74-7def-432d-bd47-c677b280555c.xml" type="order" subjective="false" isExample="false" prepareDuration="0" responseDuration="0" promptShowDuration="0"><weight identifier="WEIGHT" value="6.5">6.5</weight></assessmentItemRef><assessmentItemRef identifier="c2f9f103-2bba-4805-8918-37571d9ff7b1" href="AssessmentItems/ASI_c2f9f103-2bba-4805-8918-37571d9ff7b1.xml" type="order" subjective="false" isExample="false" prepareDuration="0" responseDuration="0" promptShowDuration="0"><weight identifier="WEIGHT" value="6.5">6.5</weight></assessmentItemRef><assessmentItemRef identifier="_x0035_f954161-0dc0-4302-b7bc-bad49930c41d" href="AssessmentItems/ASI_5f954161-0dc0-4302-b7bc-bad49930c41d.xml" type="order" subjective="false" isExample="false" prepareDuration="0" responseDuration="0" promptShowDuration="0"><weight identifier="WEIGHT" value="6.5">6.5</weight></assessmentItemRef><assessmentItemRef identifier="b3a114db-800e-4b49-965d-3440c7ea752f" href="AssessmentItems/ASI_b3a114db-800e-4b49-965d-3440c7ea752f.xml" type="order" subjective="false" isExample="false" prepareDuration="0" responseDuration="0" promptShowDuration="0"><weight identifier="WEIGHT" value="6.5">6.5</weight></assessmentItemRef><assessmentItemRef identifier="_x0036_fa10e06-4950-4509-8629-62a3e5ec653d" href="AssessmentItems/ASI_6fa10e06-4950-4509-8629-62a3e5ec653d.xml" type="order" subjective="false" isExample="false" prepareDuration="0" responseDuration="0" promptShowDuration="0"><weight identifier="WEIGHT" value="6.5">6.5</weight></assessmentItemRef></assessmentSection><assessmentSection identifier="S02" title="第二部分" visible="true" score="35" itemCount="5" optionalItemCount="0" mediaType="0" optionalItemScore="0"><endBlock /><ordering shuffle="false" /><rubricBlock view="candidate"><prompt>看图，用词造句。</prompt></rubricBlock><assessmentItemRef identifier="e624c5bd-2907-419e-bf12-a28161c2cb4f" href="AssessmentItems/ASI_e624c5bd-2907-419e-bf12-a28161c2cb4f.xml" type="extendedText" subjective="true" isExample="true" prepareDuration="0" responseDuration="0" promptShowDuration="0"><weight identifier="WEIGHT" value="0">0</weight></assessmentItemRef><assessmentItemRef identifier="_x0036_f8f103a-7f63-44cc-9f5d-b3ce6087f45e" href="AssessmentItems/ASI_6f8f103a-7f63-44cc-9f5d-b3ce6087f45e.xml" type="extendedText" subjective="true" isExample="false" prepareDuration="0" responseDuration="0" promptShowDuration="0"><weight identifier="WEIGHT" value="7">7</weight></assessmentItemRef><assessmentItemRef identifier="dfa97e42-c805-4e2b-9920-60f24ee8695a" href="AssessmentItems/ASI_dfa97e42-c805-4e2b-9920-60f24ee8695a.xml" type="extendedText" subjective="true" isExample="false" prepareDuration="0" responseDuration="0" promptShowDuration="0"><weight identifier="WEIGHT" value="7">7</weight></assessmentItemRef><assessmentItemRef identifier="_x0031_408fcf2-70f2-4d89-9975-e100a91c2843" href="AssessmentItems/ASI_1408fcf2-70f2-4d89-9975-e100a91c2843.xml" type="extendedText" subjective="true" isExample="false" prepareDuration="0" responseDuration="0" promptShowDuration="0"><weight identifier="WEIGHT" value="7">7</weight></assessmentItemRef><assessmentItemRef identifier="_x0039_75e9e70-73cc-4a01-8685-789217a69640" href="AssessmentItems/ASI_975e9e70-73cc-4a01-8685-789217a69640.xml" type="extendedText" subjective="true" isExample="false" prepareDuration="0" responseDuration="0" promptShowDuration="0"><weight identifier="WEIGHT" value="7">7</weight></assessmentItemRef><assessmentItemRef identifier="_x0034_c36dff6-37f2-448d-86ff-7c7e040b4d57" href="AssessmentItems/ASI_4c36dff6-37f2-448d-86ff-7c7e040b4d57.xml" type="extendedText" subjective="true" isExample="false" prepareDuration="0" responseDuration="0" promptShowDuration="0"><weight identifier="WEIGHT" value="7">7</weight></assessmentItemRef></assessmentSection></testPart></assessmentTest>