<assessmentItem xmlns:xsi="http://www.w3.org/2001/XMLSchema-instance" xmlns:xsd="http://www.w3.org/2001/XMLSchema" xmlns="http://www.open.com.cn/schemas/exam/openqti_v1" identifier="bdef7c82-1105-4d9f-84f0-8a1286158d50" title="听力32" adaptive="false" timeDependent="false"><responseDeclaration identifier="RESPONSE" cardinality="single" baseType="identifier"><correctResponse><value>C</value></correctResponse></responseDeclaration><outcomeDeclaration identifier="SCORE" cardinality="single" baseType="float" normalMaximum="1"><defaultValue><value>0</value></defaultValue></outcomeDeclaration><itemBody><choiceInteraction responseIdentifier="RESPONSE" shuffle="true" maxChoices="1"><prompt>&lt;media src="bdef7c82-1105-4d9f-84f0-8a1286158d50/2011620172336415.mp3" duration="49" repeatTimes="0" repeatInterval="0" mimeType="audio/mpeg" content=""&gt;播放音频&lt;/media&gt;</prompt><simpleChoice identifier="A">&lt;ruby&gt;&lt;rb&gt;&lt;/rb&gt;旅&lt;rp&gt;(&lt;/rp&gt;&lt;rt&gt;lǚ&lt;/rt&gt;&lt;rp&gt;)&lt;/rp&gt;&lt;/ruby&gt; &lt;ruby&gt;&lt;rb&gt;&lt;/rb&gt;游&lt;rp&gt;(&lt;/rp&gt;&lt;rt&gt;yóu&lt;/rt&gt;&lt;rp&gt;)&lt;/rp&gt;&lt;/ruby&gt;</simpleChoice><simpleChoice identifier="B">&lt;ruby&gt;&lt;rb&gt;&lt;/rb&gt;工&lt;rp&gt;(&lt;/rp&gt;&lt;rt&gt;ɡōnɡ&lt;/rt&gt;&lt;rp&gt;)&lt;/rp&gt;&lt;/ruby&gt; &lt;ruby&gt;&lt;rb&gt;&lt;/rb&gt;作&lt;rp&gt;(&lt;/rp&gt;&lt;rt&gt;zuò&lt;/rt&gt;&lt;rp&gt;)&lt;/rp&gt;&lt;/ruby&gt;</simpleChoice><simpleChoice identifier="C">&lt;ruby&gt;&lt;rb&gt;&lt;/rb&gt;看&lt;rp&gt;(&lt;/rp&gt;&lt;rt&gt;kàn&lt;/rt&gt;&lt;rp&gt;)&lt;/rp&gt;&lt;/ruby&gt; &lt;ruby&gt;&lt;rb&gt;&lt;/rb&gt;他&lt;rp&gt;(&lt;/rp&gt;&lt;rt&gt;tā&lt;/rt&gt;&lt;rp&gt;)&lt;/rp&gt;&lt;/ruby&gt; &lt;ruby&gt;&lt;rb&gt;&lt;/rb&gt;妹&lt;rp&gt;(&lt;/rp&gt;&lt;rt&gt;mèi&lt;/rt&gt;&lt;rp&gt;)&lt;/rp&gt;&lt;/ruby&gt; &lt;ruby&gt;&lt;rb&gt;&lt;/rb&gt;妹&lt;rp&gt;(&lt;/rp&gt;&lt;rt&gt;mei&lt;/rt&gt;&lt;rp&gt;)&lt;/rp&gt;&lt;/ruby&gt;</simpleChoice></choiceInteraction></itemBody><responseProcessing><responseCondition><responseIf><match><correct identifier="RESPONSE" /><variable identifier="RESPONSE" /></match><setOutcomeValue identifier="SCORE"><baseValue baseType="float">1</baseValue></setOutcomeValue></responseIf></responseCondition></responseProcessing></assessmentItem>