<assessmentItem xmlns:xsi="http://www.w3.org/2001/XMLSchema-instance" xmlns:xsd="http://www.w3.org/2001/XMLSchema" xmlns="http://www.open.com.cn/schemas/exam/openqti_v1" identifier="aceaf95d-c3ef-42ff-bc3c-64a70e0638b0" title="阅读36-40" adaptive="false" timeDependent="false"><responseDeclaration identifier="RESPONSE_1" cardinality="single" baseType="identifier"><correctResponse><value>F</value></correctResponse></responseDeclaration><responseDeclaration identifier="RESPONSE_2" cardinality="single" baseType="identifier"><correctResponse><value>A</value></correctResponse></responseDeclaration><responseDeclaration identifier="RESPONSE_3" cardinality="single" baseType="identifier"><correctResponse><value>E</value></correctResponse></responseDeclaration><responseDeclaration identifier="RESPONSE_4" cardinality="single" baseType="identifier"><correctResponse><value>C</value></correctResponse></responseDeclaration><responseDeclaration identifier="RESPONSE_5" cardinality="single" baseType="identifier"><correctResponse><value>B</value></correctResponse></responseDeclaration><outcomeDeclaration identifier="SCORE_1" cardinality="single" baseType="float" normalMaximum="0.2"><defaultValue><value>0</value></defaultValue></outcomeDeclaration><outcomeDeclaration identifier="SCORE_2" cardinality="single" baseType="float" normalMaximum="0.2"><defaultValue><value>0</value></defaultValue></outcomeDeclaration><outcomeDeclaration identifier="SCORE_3" cardinality="single" baseType="float" normalMaximum="0.2"><defaultValue><value>0</value></defaultValue></outcomeDeclaration><outcomeDeclaration identifier="SCORE_4" cardinality="single" baseType="float" normalMaximum="0.2"><defaultValue><value>0</value></defaultValue></outcomeDeclaration><outcomeDeclaration identifier="SCORE_5" cardinality="single" baseType="float" normalMaximum="0.2"><defaultValue><value>0</value></defaultValue></outcomeDeclaration><outcomeDeclaration identifier="SCORE" cardinality="single" baseType="float" normalMaximum="1"><defaultValue><value>0</value></defaultValue></outcomeDeclaration><itemBody><compositeInteraction shuffle="false"><prompt>A&amp;nbsp;&lt;img alt="" width="140" height="134" src="aceaf95d-c3ef-42ff-bc3c-64a70e0638b0/201162017352990.jpg" /&gt;&amp;nbsp;B&amp;nbsp;&lt;img alt="" width="140" height="134" src="aceaf95d-c3ef-42ff-bc3c-64a70e0638b0/2011620173538519.jpg" /&gt;&lt;br /&gt;C&amp;nbsp;&lt;img alt="" width="140" height="134" src="aceaf95d-c3ef-42ff-bc3c-64a70e0638b0/2011620173548214.jpg" /&gt;&amp;nbsp;D&amp;nbsp;&lt;img alt="" width="140" height="134" src="aceaf95d-c3ef-42ff-bc3c-64a70e0638b0/201162017363987.jpg" /&gt;&lt;br /&gt;E&amp;nbsp;&lt;img alt="" width="140" height="134" src="aceaf95d-c3ef-42ff-bc3c-64a70e0638b0/2011620173614508.jpg" /&gt;&amp;nbsp;F&amp;nbsp;&lt;img alt="" width="140" height="134" src="aceaf95d-c3ef-42ff-bc3c-64a70e0638b0/2011620173623890.jpg" /&gt;&amp;nbsp;&lt;br /&gt;&lt;br /&gt;&lt;br /&gt;例如：&lt;ruby&gt;每&lt;rp&gt;(&lt;/rp&gt;&lt;rt&gt; Měi &lt;/rt&gt;&lt;rp&gt;)&lt;/rp&gt;&lt;/ruby&gt;&lt;ruby&gt;个&lt;rp&gt;(&lt;/rp&gt;&lt;rt&gt; ge &lt;/rt&gt;&lt;rp&gt;)&lt;/rp&gt;&lt;/ruby&gt;&lt;ruby&gt;星期六&lt;rp&gt;(&lt;/rp&gt;&lt;rt&gt; xīngqīliù，&lt;/rt&gt;&lt;rp&gt;)&lt;/rp&gt;&lt;/ruby&gt;，&lt;ruby&gt;我&lt;rp&gt;(&lt;/rp&gt;&lt;rt&gt; wǒ &lt;/rt&gt;&lt;rp&gt;)&lt;/rp&gt;&lt;/ruby&gt;&lt;ruby&gt;都&lt;rp&gt;(&lt;/rp&gt;&lt;rt&gt; dōu &lt;/rt&gt;&lt;rp&gt;)&lt;/rp&gt;&lt;/ruby&gt;&lt;ruby&gt;去&lt;rp&gt;(&lt;/rp&gt;&lt;rt&gt; qù &lt;/rt&gt;&lt;rp&gt;)&lt;/rp&gt;&lt;/ruby&gt;&lt;ruby&gt;打&lt;rp&gt;(&lt;/rp&gt;&lt;rt&gt; dǎ &lt;/rt&gt;&lt;rp&gt;)&lt;/rp&gt;&lt;/ruby&gt;&lt;ruby&gt;篮球&lt;rp&gt;(&lt;/rp&gt;&lt;rt&gt; lánqiú&lt;/rt&gt;&lt;rp&gt;)&lt;/rp&gt;&lt;/ruby&gt;&lt;ruby&gt;&lt;rb&gt;&lt;/rb&gt;。&lt;rp&gt;(&lt;/rp&gt;&lt;rt&gt;.&lt;/rt&gt;&lt;rp&gt;)&lt;/rp&gt;&lt;/ruby&gt;（&amp;nbsp;&amp;nbsp;&amp;nbsp;D&amp;nbsp;&amp;nbsp;&amp;nbsp;）</prompt><subItem sequenceIndex="1" itemType="singleChoice"><choiceInteraction responseIdentifier="RESPONSE_1" shuffle="false" maxChoices="1"><prompt>&lt;ruby&gt;&lt;rb&gt;&lt;/rb&gt;你&lt;rp&gt;(&lt;/rp&gt;&lt;rt&gt;Nǐ&lt;/rt&gt;&lt;rp&gt;)&lt;/rp&gt;&lt;/ruby&gt; &lt;ruby&gt;&lt;rb&gt;&lt;/rb&gt;的&lt;rp&gt;(&lt;/rp&gt;&lt;rt&gt;de&lt;/rt&gt;&lt;rp&gt;)&lt;/rp&gt;&lt;/ruby&gt; &lt;ruby&gt;&lt;rb&gt;&lt;/rb&gt;衣&lt;rp&gt;(&lt;/rp&gt;&lt;rt&gt;yī&lt;/rt&gt;&lt;rp&gt;)&lt;/rp&gt;&lt;/ruby&gt; &lt;ruby&gt;&lt;rb&gt;&lt;/rb&gt;服&lt;rp&gt;(&lt;/rp&gt;&lt;rt&gt;fu&lt;/rt&gt;&lt;rp&gt;)&lt;/rp&gt;&lt;/ruby&gt; &lt;ruby&gt;&lt;rb&gt;&lt;/rb&gt;还&lt;rp&gt;(&lt;/rp&gt;&lt;rt&gt;hái&lt;/rt&gt;&lt;rp&gt;)&lt;/rp&gt;&lt;/ruby&gt; &lt;ruby&gt;&lt;rb&gt;&lt;/rb&gt;没&lt;rp&gt;(&lt;/rp&gt;&lt;rt&gt;méi&lt;/rt&gt;&lt;rp&gt;)&lt;/rp&gt;&lt;/ruby&gt; &lt;ruby&gt;&lt;rb&gt;&lt;/rb&gt;穿&lt;rp&gt;(&lt;/rp&gt;&lt;rt&gt;chuān&lt;/rt&gt;&lt;rp&gt;)&lt;/rp&gt;&lt;/ruby&gt; &lt;ruby&gt;&lt;rb&gt;&lt;/rb&gt;好&lt;rp&gt;(&lt;/rp&gt;&lt;rt&gt;hǎo&lt;/rt&gt;&lt;rp&gt;)&lt;/rp&gt;&lt;/ruby&gt; &lt;ruby&gt;&lt;rb&gt;&lt;/rb&gt;呢&lt;rp&gt;(&lt;/rp&gt;&lt;rt&gt;ne&lt;/rt&gt;&lt;rp&gt;)&lt;/rp&gt;&lt;/ruby&gt; &lt;ruby&gt;&lt;rb&gt;&lt;/rb&gt;。&lt;rp&gt;(&lt;/rp&gt;&lt;rt&gt;.&lt;/rt&gt;&lt;rp&gt;)&lt;/rp&gt;&lt;/ruby&gt;</prompt><simpleChoice identifier="A" /><simpleChoice identifier="B" /><simpleChoice identifier="C" /><simpleChoice identifier="D" /><simpleChoice identifier="E" /><simpleChoice identifier="F" /></choiceInteraction></subItem><subItem sequenceIndex="2" itemType="singleChoice"><choiceInteraction responseIdentifier="RESPONSE_2" shuffle="false" maxChoices="1"><prompt>&lt;ruby&gt;&lt;rb&gt;&lt;/rb&gt;不&lt;rp&gt;(&lt;/rp&gt;&lt;rt&gt;Bú&lt;/rt&gt;&lt;rp&gt;)&lt;/rp&gt;&lt;/ruby&gt; &lt;ruby&gt;&lt;rb&gt;&lt;/rb&gt;下&lt;rp&gt;(&lt;/rp&gt;&lt;rt&gt;xià&lt;/rt&gt;&lt;rp&gt;)&lt;/rp&gt;&lt;/ruby&gt; &lt;ruby&gt;&lt;rb&gt;&lt;/rb&gt;雨&lt;rp&gt;(&lt;/rp&gt;&lt;rt&gt;yǔ&lt;/rt&gt;&lt;rp&gt;)&lt;/rp&gt;&lt;/ruby&gt; &lt;ruby&gt;&lt;rb&gt;&lt;/rb&gt;了&lt;rp&gt;(&lt;/rp&gt;&lt;rt&gt;le&lt;/rt&gt;&lt;rp&gt;)&lt;/rp&gt;&lt;/ruby&gt; &lt;ruby&gt;&lt;rb&gt;&lt;/rb&gt;，&lt;rp&gt;(&lt;/rp&gt;&lt;rt&gt;,&lt;/rt&gt;&lt;rp&gt;)&lt;/rp&gt;&lt;/ruby&gt; &lt;ruby&gt;&lt;rb&gt;&lt;/rb&gt;天&lt;rp&gt;(&lt;/rp&gt;&lt;rt&gt;tiān&lt;/rt&gt;&lt;rp&gt;)&lt;/rp&gt;&lt;/ruby&gt; &lt;ruby&gt;&lt;rb&gt;&lt;/rb&gt;晴&lt;rp&gt;(&lt;/rp&gt;&lt;rt&gt;qínɡ&lt;/rt&gt;&lt;rp&gt;)&lt;/rp&gt;&lt;/ruby&gt; &lt;ruby&gt;&lt;rb&gt;&lt;/rb&gt;了&lt;rp&gt;(&lt;/rp&gt;&lt;rt&gt;le&lt;/rt&gt;&lt;rp&gt;)&lt;/rp&gt;&lt;/ruby&gt; &lt;ruby&gt;&lt;rb&gt;&lt;/rb&gt;。&lt;rp&gt;(&lt;/rp&gt;&lt;rt&gt;.&lt;/rt&gt;&lt;rp&gt;)&lt;/rp&gt;&lt;/ruby&gt;</prompt><simpleChoice identifier="A" /><simpleChoice identifier="B" /><simpleChoice identifier="C" /><simpleChoice identifier="D" /><simpleChoice identifier="E" /><simpleChoice identifier="F" /></choiceInteraction></subItem><subItem sequenceIndex="3" itemType="singleChoice"><choiceInteraction responseIdentifier="RESPONSE_3" shuffle="false" maxChoices="1"><prompt>&lt;ruby&gt;&lt;rb&gt;&lt;/rb&gt;她&lt;rp&gt;(&lt;/rp&gt;&lt;rt&gt;Tā&lt;/rt&gt;&lt;rp&gt;)&lt;/rp&gt;&lt;/ruby&gt; &lt;ruby&gt;&lt;rb&gt;&lt;/rb&gt;们&lt;rp&gt;(&lt;/rp&gt;&lt;rt&gt;men&lt;/rt&gt;&lt;rp&gt;)&lt;/rp&gt;&lt;/ruby&gt; &lt;ruby&gt;&lt;rb&gt;&lt;/rb&gt;两&lt;rp&gt;(&lt;/rp&gt;&lt;rt&gt;liǎnɡ&lt;/rt&gt;&lt;rp&gt;)&lt;/rp&gt;&lt;/ruby&gt; &lt;ruby&gt;&lt;rb&gt;&lt;/rb&gt;个&lt;rp&gt;(&lt;/rp&gt;&lt;rt&gt;ɡe&lt;/rt&gt;&lt;rp&gt;)&lt;/rp&gt;&lt;/ruby&gt; &lt;ruby&gt;&lt;rb&gt;&lt;/rb&gt;正&lt;rp&gt;(&lt;/rp&gt;&lt;rt&gt;zhènɡ&lt;/rt&gt;&lt;rp&gt;)&lt;/rp&gt;&lt;/ruby&gt; &lt;ruby&gt;&lt;rb&gt;&lt;/rb&gt;在&lt;rp&gt;(&lt;/rp&gt;&lt;rt&gt;zài&lt;/rt&gt;&lt;rp&gt;)&lt;/rp&gt;&lt;/ruby&gt; &lt;ruby&gt;&lt;rb&gt;&lt;/rb&gt;房&lt;rp&gt;(&lt;/rp&gt;&lt;rt&gt;fánɡ&lt;/rt&gt;&lt;rp&gt;)&lt;/rp&gt;&lt;/ruby&gt; &lt;ruby&gt;&lt;rb&gt;&lt;/rb&gt;间&lt;rp&gt;(&lt;/rp&gt;&lt;rt&gt;jiān&lt;/rt&gt;&lt;rp&gt;)&lt;/rp&gt;&lt;/ruby&gt; &lt;ruby&gt;&lt;rb&gt;&lt;/rb&gt;里&lt;rp&gt;(&lt;/rp&gt;&lt;rt&gt;li&lt;/rt&gt;&lt;rp&gt;)&lt;/rp&gt;&lt;/ruby&gt; &lt;ruby&gt;&lt;rb&gt;&lt;/rb&gt;看&lt;rp&gt;(&lt;/rp&gt;&lt;rt&gt;kàn&lt;/rt&gt;&lt;rp&gt;)&lt;/rp&gt;&lt;/ruby&gt; &lt;ruby&gt;&lt;rb&gt;&lt;/rb&gt;电&lt;rp&gt;(&lt;/rp&gt;&lt;rt&gt;diàn&lt;/rt&gt;&lt;rp&gt;)&lt;/rp&gt;&lt;/ruby&gt; &lt;ruby&gt;&lt;rb&gt;&lt;/rb&gt;视&lt;rp&gt;(&lt;/rp&gt;&lt;rt&gt;shì&lt;/rt&gt;&lt;rp&gt;)&lt;/rp&gt;&lt;/ruby&gt; &lt;ruby&gt;&lt;rb&gt;&lt;/rb&gt;。&lt;rp&gt;(&lt;/rp&gt;&lt;rt&gt;.&lt;/rt&gt;&lt;rp&gt;)&lt;/rp&gt;&lt;/ruby&gt;</prompt><simpleChoice identifier="A" /><simpleChoice identifier="B" /><simpleChoice identifier="C" /><simpleChoice identifier="D" /><simpleChoice identifier="E" /><simpleChoice identifier="F" /></choiceInteraction></subItem><subItem sequenceIndex="4" itemType="singleChoice"><choiceInteraction responseIdentifier="RESPONSE_4" shuffle="false" maxChoices="1"><prompt>&lt;ruby&gt;&lt;rb&gt;&lt;/rb&gt;别&lt;rp&gt;(&lt;/rp&gt;&lt;rt&gt;Bié&lt;/rt&gt;&lt;rp&gt;)&lt;/rp&gt;&lt;/ruby&gt; &lt;ruby&gt;&lt;rb&gt;&lt;/rb&gt;说&lt;rp&gt;(&lt;/rp&gt;&lt;rt&gt;shuō&lt;/rt&gt;&lt;rp&gt;)&lt;/rp&gt;&lt;/ruby&gt; &lt;ruby&gt;&lt;rb&gt;&lt;/rb&gt;话&lt;rp&gt;(&lt;/rp&gt;&lt;rt&gt;huà&lt;/rt&gt;&lt;rp&gt;)&lt;/rp&gt;&lt;/ruby&gt; &lt;ruby&gt;&lt;rb&gt;&lt;/rb&gt;了&lt;rp&gt;(&lt;/rp&gt;&lt;rt&gt;le&lt;/rt&gt;&lt;rp&gt;)&lt;/rp&gt;&lt;/ruby&gt; &lt;ruby&gt;&lt;rb&gt;&lt;/rb&gt;，&lt;rp&gt;(&lt;/rp&gt;&lt;rt&gt;,&lt;/rt&gt;&lt;rp&gt;)&lt;/rp&gt;&lt;/ruby&gt; &lt;ruby&gt;&lt;rb&gt;&lt;/rb&gt;睡&lt;rp&gt;(&lt;/rp&gt;&lt;rt&gt;shuì&lt;/rt&gt;&lt;rp&gt;)&lt;/rp&gt;&lt;/ruby&gt; &lt;ruby&gt;&lt;rb&gt;&lt;/rb&gt;觉&lt;rp&gt;(&lt;/rp&gt;&lt;rt&gt;jiào&lt;/rt&gt;&lt;rp&gt;)&lt;/rp&gt;&lt;/ruby&gt; &lt;ruby&gt;&lt;rb&gt;&lt;/rb&gt;吧&lt;rp&gt;(&lt;/rp&gt;&lt;rt&gt;bɑ&lt;/rt&gt;&lt;rp&gt;)&lt;/rp&gt;&lt;/ruby&gt; &lt;ruby&gt;&lt;rb&gt;&lt;/rb&gt;，&lt;rp&gt;(&lt;/rp&gt;&lt;rt&gt;,&lt;/rt&gt;&lt;rp&gt;)&lt;/rp&gt;&lt;/ruby&gt; &lt;ruby&gt;&lt;rb&gt;&lt;/rb&gt;明&lt;rp&gt;(&lt;/rp&gt;&lt;rt&gt;mínɡ&lt;/rt&gt;&lt;rp&gt;)&lt;/rp&gt;&lt;/ruby&gt; &lt;ruby&gt;&lt;rb&gt;&lt;/rb&gt;天&lt;rp&gt;(&lt;/rp&gt;&lt;rt&gt;tiān&lt;/rt&gt;&lt;rp&gt;)&lt;/rp&gt;&lt;/ruby&gt; &lt;ruby&gt;&lt;rb&gt;&lt;/rb&gt;早&lt;rp&gt;(&lt;/rp&gt;&lt;rt&gt;zǎo&lt;/rt&gt;&lt;rp&gt;)&lt;/rp&gt;&lt;/ruby&gt; &lt;ruby&gt;&lt;rb&gt;&lt;/rb&gt;点儿&lt;rp&gt;(&lt;/rp&gt;&lt;rt&gt;diǎnr&lt;/rt&gt;&lt;rp&gt;)&lt;/rp&gt;&lt;/ruby&gt; &lt;ruby&gt;&lt;rb&gt;&lt;/rb&gt;起&lt;rp&gt;(&lt;/rp&gt;&lt;rt&gt;qǐ&lt;/rt&gt;&lt;rp&gt;)&lt;/rp&gt;&lt;/ruby&gt; &lt;ruby&gt;&lt;rb&gt;&lt;/rb&gt;床&lt;rp&gt;(&lt;/rp&gt;&lt;rt&gt;chuánɡ&lt;/rt&gt;&lt;rp&gt;)&lt;/rp&gt;&lt;/ruby&gt; &lt;ruby&gt;&lt;rb&gt;&lt;/rb&gt;。&lt;rp&gt;(&lt;/rp&gt;&lt;rt&gt;.&lt;/rt&gt;&lt;rp&gt;)&lt;/rp&gt;&lt;/ruby&gt;</prompt><simpleChoice identifier="A" /><simpleChoice identifier="B" /><simpleChoice identifier="C" /><simpleChoice identifier="D" /><simpleChoice identifier="E" /><simpleChoice identifier="F" /></choiceInteraction></subItem><subItem sequenceIndex="5" itemType="singleChoice"><choiceInteraction responseIdentifier="RESPONSE_5" shuffle="false" maxChoices="1"><prompt>&lt;ruby&gt;&lt;rb&gt;&lt;/rb&gt;有&lt;rp&gt;(&lt;/rp&gt;&lt;rt&gt;Yǒu&lt;/rt&gt;&lt;rp&gt;)&lt;/rp&gt;&lt;/ruby&gt; &lt;ruby&gt;&lt;rb&gt;&lt;/rb&gt;什&lt;rp&gt;(&lt;/rp&gt;&lt;rt&gt;shén&lt;/rt&gt;&lt;rp&gt;)&lt;/rp&gt;&lt;/ruby&gt; &lt;ruby&gt;&lt;rb&gt;&lt;/rb&gt;么&lt;rp&gt;(&lt;/rp&gt;&lt;rt&gt;me&lt;/rt&gt;&lt;rp&gt;)&lt;/rp&gt;&lt;/ruby&gt; &lt;ruby&gt;&lt;rb&gt;&lt;/rb&gt;问&lt;rp&gt;(&lt;/rp&gt;&lt;rt&gt;wèn&lt;/rt&gt;&lt;rp&gt;)&lt;/rp&gt;&lt;/ruby&gt; &lt;ruby&gt;&lt;rb&gt;&lt;/rb&gt;题&lt;rp&gt;(&lt;/rp&gt;&lt;rt&gt;tí&lt;/rt&gt;&lt;rp&gt;)&lt;/rp&gt;&lt;/ruby&gt; &lt;ruby&gt;&lt;rb&gt;&lt;/rb&gt;，&lt;rp&gt;(&lt;/rp&gt;&lt;rt&gt;,&lt;/rt&gt;&lt;rp&gt;)&lt;/rp&gt;&lt;/ruby&gt; &lt;ruby&gt;&lt;rb&gt;&lt;/rb&gt;你&lt;rp&gt;(&lt;/rp&gt;&lt;rt&gt;nǐ&lt;/rt&gt;&lt;rp&gt;)&lt;/rp&gt;&lt;/ruby&gt; &lt;ruby&gt;&lt;rb&gt;&lt;/rb&gt;可&lt;rp&gt;(&lt;/rp&gt;&lt;rt&gt;kě&lt;/rt&gt;&lt;rp&gt;)&lt;/rp&gt;&lt;/ruby&gt; &lt;ruby&gt;&lt;rb&gt;&lt;/rb&gt;以&lt;rp&gt;(&lt;/rp&gt;&lt;rt&gt;yǐ&lt;/rt&gt;&lt;rp&gt;)&lt;/rp&gt;&lt;/ruby&gt; &lt;ruby&gt;&lt;rb&gt;&lt;/rb&gt;给&lt;rp&gt;(&lt;/rp&gt;&lt;rt&gt;ɡěi&lt;/rt&gt;&lt;rp&gt;)&lt;/rp&gt;&lt;/ruby&gt; &lt;ruby&gt;&lt;rb&gt;&lt;/rb&gt;我&lt;rp&gt;(&lt;/rp&gt;&lt;rt&gt;wǒ&lt;/rt&gt;&lt;rp&gt;)&lt;/rp&gt;&lt;/ruby&gt; &lt;ruby&gt;&lt;rb&gt;&lt;/rb&gt;打&lt;rp&gt;(&lt;/rp&gt;&lt;rt&gt;dǎ&lt;/rt&gt;&lt;rp&gt;)&lt;/rp&gt;&lt;/ruby&gt; &lt;ruby&gt;&lt;rb&gt;&lt;/rb&gt;电&lt;rp&gt;(&lt;/rp&gt;&lt;rt&gt;diàn&lt;/rt&gt;&lt;rp&gt;)&lt;/rp&gt;&lt;/ruby&gt; &lt;ruby&gt;&lt;rb&gt;&lt;/rb&gt;话&lt;rp&gt;(&lt;/rp&gt;&lt;rt&gt;huà&lt;/rt&gt;&lt;rp&gt;)&lt;/rp&gt;&lt;/ruby&gt; &lt;ruby&gt;&lt;rb&gt;&lt;/rb&gt;。&lt;rp&gt;(&lt;/rp&gt;&lt;rt&gt;.&lt;/rt&gt;&lt;rp&gt;)&lt;/rp&gt;&lt;/ruby&gt;</prompt><simpleChoice identifier="A" /><simpleChoice identifier="B" /><simpleChoice identifier="C" /><simpleChoice identifier="D" /><simpleChoice identifier="E" /><simpleChoice identifier="F" /></choiceInteraction></subItem></compositeInteraction></itemBody><responseProcessing><responseCondition><responseIf><match><correct identifier="RESPONSE_1" /><variable identifier="RESPONSE_1" /></match><setOutcomeValue identifier="SCORE_1"><baseValue baseType="float">0.2</baseValue></setOutcomeValue></responseIf></responseCondition><responseCondition><responseIf><match><correct identifier="RESPONSE_2" /><variable identifier="RESPONSE_2" /></match><setOutcomeValue identifier="SCORE_2"><baseValue baseType="float">0.2</baseValue></setOutcomeValue></responseIf></responseCondition><responseCondition><responseIf><match><correct identifier="RESPONSE_3" /><variable identifier="RESPONSE_3" /></match><setOutcomeValue identifier="SCORE_3"><baseValue baseType="float">0.2</baseValue></setOutcomeValue></responseIf></responseCondition><responseCondition><responseIf><match><correct identifier="RESPONSE_4" /><variable identifier="RESPONSE_4" /></match><setOutcomeValue identifier="SCORE_4"><baseValue baseType="float">0.2</baseValue></setOutcomeValue></responseIf></responseCondition><responseCondition><responseIf><match><correct identifier="RESPONSE_5" /><variable identifier="RESPONSE_5" /></match><setOutcomeValue identifier="SCORE_5"><baseValue baseType="float">0.2</baseValue></setOutcomeValue></responseIf></responseCondition><setOutcomeValue identifier="SCORE"><sum><variable identifier="SCORE_1" /><variable identifier="SCORE_2" /><variable identifier="SCORE_3" /><variable identifier="SCORE_4" /><variable identifier="SCORE_5" /></sum></setOutcomeValue></responseProcessing></assessmentItem>