<assessmentItem xmlns:xsi="http://www.w3.org/2001/XMLSchema-instance" xmlns:xsd="http://www.w3.org/2001/XMLSchema" xmlns="http://www.open.com.cn/schemas/exam/openqti_v1" identifier="eabf0429-eb5e-4a6f-a0d5-963a5812c74f" title="阅读例题1" adaptive="false" timeDependent="false"><responseDeclaration identifier="RESPONSE" cardinality="single" baseType="identifier"><correctResponse><value>T</value></correctResponse></responseDeclaration><outcomeDeclaration identifier="SCORE" cardinality="single" baseType="float" normalMaximum="1"><defaultValue><value>0</value></defaultValue></outcomeDeclaration><itemBody><choiceInteraction responseIdentifier="RESPONSE" shuffle="false" maxChoices="1"><prompt>&lt;ruby&gt;&lt;rb&gt;&lt;/rb&gt;现&lt;rp&gt;(&lt;/rp&gt;&lt;rt&gt;Xiàn&lt;/rt&gt;&lt;rp&gt;)&lt;/rp&gt;&lt;/ruby&gt; &lt;ruby&gt;&lt;rb&gt;&lt;/rb&gt;在&lt;rp&gt;(&lt;/rp&gt;&lt;rt&gt;zài&lt;/rt&gt;&lt;rp&gt;)&lt;/rp&gt;&lt;/ruby&gt; &lt;ruby&gt;&lt;rb&gt;&lt;/rb&gt;是&lt;rp&gt;(&lt;/rp&gt;&lt;rt&gt;shì&lt;/rt&gt;&lt;rp&gt;)&lt;/rp&gt;&lt;/ruby&gt; 11&lt;ruby&gt;&lt;rb&gt;&lt;/rb&gt;点&lt;rp&gt;(&lt;/rp&gt;&lt;rt&gt;diǎn&lt;/rt&gt;&lt;rp&gt;)&lt;/rp&gt;&lt;/ruby&gt; 30&lt;ruby&gt;&lt;rb&gt;&lt;/rb&gt;分&lt;rp&gt;(&lt;/rp&gt;&lt;rt&gt;fēn&lt;/rt&gt;&lt;rp&gt;)&lt;/rp&gt;&lt;/ruby&gt; &lt;ruby&gt;&lt;rb&gt;&lt;/rb&gt;，&lt;rp&gt;(&lt;/rp&gt;&lt;rt&gt;,&lt;/rt&gt;&lt;rp&gt;)&lt;/rp&gt;&lt;/ruby&gt; &lt;ruby&gt;&lt;rb&gt;&lt;/rb&gt;他&lt;rp&gt;(&lt;/rp&gt;&lt;rt&gt;tā&lt;/rt&gt;&lt;rp&gt;)&lt;/rp&gt;&lt;/ruby&gt; &lt;ruby&gt;&lt;rb&gt;&lt;/rb&gt;们&lt;rp&gt;(&lt;/rp&gt;&lt;rt&gt;men&lt;/rt&gt;&lt;rp&gt;)&lt;/rp&gt;&lt;/ruby&gt; &lt;ruby&gt;&lt;rb&gt;&lt;/rb&gt;已&lt;rp&gt;(&lt;/rp&gt;&lt;rt&gt;yǐ&lt;/rt&gt;&lt;rp&gt;)&lt;/rp&gt;&lt;/ruby&gt; &lt;ruby&gt;&lt;rb&gt;&lt;/rb&gt;经&lt;rp&gt;(&lt;/rp&gt;&lt;rt&gt;jīnɡ&lt;/rt&gt;&lt;rp&gt;)&lt;/rp&gt;&lt;/ruby&gt; &lt;ruby&gt;&lt;rb&gt;&lt;/rb&gt;游&lt;rp&gt;(&lt;/rp&gt;&lt;rt&gt;yóu&lt;/rt&gt;&lt;rp&gt;)&lt;/rp&gt;&lt;/ruby&gt; &lt;ruby&gt;&lt;rb&gt;&lt;/rb&gt;了&lt;rp&gt;(&lt;/rp&gt;&lt;rt&gt;le&lt;/rt&gt;&lt;rp&gt;)&lt;/rp&gt;&lt;/ruby&gt; 20&lt;ruby&gt;&lt;rb&gt;&lt;/rb&gt;分&lt;rp&gt;(&lt;/rp&gt;&lt;rt&gt;fēn&lt;/rt&gt;&lt;rp&gt;)&lt;/rp&gt;&lt;/ruby&gt; &lt;ruby&gt;&lt;rb&gt;&lt;/rb&gt;钟&lt;rp&gt;(&lt;/rp&gt;&lt;rt&gt;zhōnɡ&lt;/rt&gt;&lt;rp&gt;)&lt;/rp&gt;&lt;/ruby&gt; &lt;ruby&gt;&lt;rb&gt;&lt;/rb&gt;了&lt;rp&gt;(&lt;/rp&gt;&lt;rt&gt;le&lt;/rt&gt;&lt;rp&gt;)&lt;/rp&gt;&lt;/ruby&gt; &lt;ruby&gt;&lt;rb&gt;&lt;/rb&gt;。&lt;rp&gt;(&lt;/rp&gt;&lt;rt&gt;.&lt;/rt&gt;&lt;rp&gt;)&lt;/rp&gt;&lt;/ruby&gt;&lt;br /&gt;★&amp;nbsp;&amp;nbsp;&amp;nbsp;&lt;ruby&gt;&lt;rb&gt;&lt;/rb&gt;他&lt;rp&gt;(&lt;/rp&gt;&lt;rt&gt;Tā&lt;/rt&gt;&lt;rp&gt;)&lt;/rp&gt;&lt;/ruby&gt; &lt;ruby&gt;&lt;rb&gt;&lt;/rb&gt;们&lt;rp&gt;(&lt;/rp&gt;&lt;rt&gt;men&lt;/rt&gt;&lt;rp&gt;)&lt;/rp&gt;&lt;/ruby&gt; 11&lt;ruby&gt;&lt;rb&gt;&lt;/rb&gt;点&lt;rp&gt;(&lt;/rp&gt;&lt;rt&gt;diǎn&lt;/rt&gt;&lt;rp&gt;)&lt;/rp&gt;&lt;/ruby&gt; 10&lt;ruby&gt;&lt;rb&gt;&lt;/rb&gt;分&lt;rp&gt;(&lt;/rp&gt;&lt;rt&gt;fēn&lt;/rt&gt;&lt;rp&gt;)&lt;/rp&gt;&lt;/ruby&gt; &lt;ruby&gt;&lt;rb&gt;&lt;/rb&gt;开&lt;rp&gt;(&lt;/rp&gt;&lt;rt&gt;kāi&lt;/rt&gt;&lt;rp&gt;)&lt;/rp&gt;&lt;/ruby&gt; &lt;ruby&gt;&lt;rb&gt;&lt;/rb&gt;始&lt;rp&gt;(&lt;/rp&gt;&lt;rt&gt;shǐ&lt;/rt&gt;&lt;rp&gt;)&lt;/rp&gt;&lt;/ruby&gt; &lt;ruby&gt;&lt;rb&gt;&lt;/rb&gt;游&lt;rp&gt;(&lt;/rp&gt;&lt;rt&gt;yóu&lt;/rt&gt;&lt;rp&gt;)&lt;/rp&gt;&lt;/ruby&gt; &lt;ruby&gt;&lt;rb&gt;&lt;/rb&gt;泳&lt;rp&gt;(&lt;/rp&gt;&lt;rt&gt;yǒnɡ&lt;/rt&gt;&lt;rp&gt;)&lt;/rp&gt;&lt;/ruby&gt; &lt;ruby&gt;&lt;rb&gt;&lt;/rb&gt;。&lt;rp&gt;(&lt;/rp&gt;&lt;rt&gt;.&lt;/rt&gt;&lt;rp&gt;)&lt;/rp&gt;&lt;/ruby&gt;</prompt><simpleChoice identifier="T" fixed="true">√</simpleChoice><simpleChoice identifier="F" fixed="true">×</simpleChoice></choiceInteraction></itemBody><responseProcessing><responseCondition><responseIf><match><correct identifier="RESPONSE" /><variable identifier="RESPONSE" /></match><setOutcomeValue identifier="SCORE"><baseValue baseType="float">1</baseValue></setOutcomeValue></responseIf></responseCondition></responseProcessing></assessmentItem>