<assessmentItem xmlns:xsi="http://www.w3.org/2001/XMLSchema-instance" xmlns:xsd="http://www.w3.org/2001/XMLSchema" xmlns="http://www.open.com.cn/schemas/exam/openqti_v1" identifier="35f84fd4-729d-4e04-b04b-3b91cc2cb4cc" title="阅读46" adaptive="false" timeDependent="false"><responseDeclaration identifier="RESPONSE" cardinality="single" baseType="identifier"><correctResponse><value>F</value></correctResponse></responseDeclaration><outcomeDeclaration identifier="SCORE" cardinality="single" baseType="float" normalMaximum="1"><defaultValue><value>0</value></defaultValue></outcomeDeclaration><itemBody><choiceInteraction responseIdentifier="RESPONSE" shuffle="false" maxChoices="1"><prompt>&lt;ruby&gt;&lt;rb&gt;&lt;/rb&gt;这&lt;rp&gt;(&lt;/rp&gt;&lt;rt&gt;Zhè&lt;/rt&gt;&lt;rp&gt;)&lt;/rp&gt;&lt;/ruby&gt; &lt;ruby&gt;&lt;rb&gt;&lt;/rb&gt;本&lt;rp&gt;(&lt;/rp&gt;&lt;rt&gt;běn&lt;/rt&gt;&lt;rp&gt;)&lt;/rp&gt;&lt;/ruby&gt; &lt;ruby&gt;&lt;rb&gt;&lt;/rb&gt;书&lt;rp&gt;(&lt;/rp&gt;&lt;rt&gt;shū&lt;/rt&gt;&lt;rp&gt;)&lt;/rp&gt;&lt;/ruby&gt; &lt;ruby&gt;&lt;rb&gt;&lt;/rb&gt;是&lt;rp&gt;(&lt;/rp&gt;&lt;rt&gt;shì&lt;/rt&gt;&lt;rp&gt;)&lt;/rp&gt;&lt;/ruby&gt; &lt;ruby&gt;&lt;rb&gt;&lt;/rb&gt;我&lt;rp&gt;(&lt;/rp&gt;&lt;rt&gt;wǒ&lt;/rt&gt;&lt;rp&gt;)&lt;/rp&gt;&lt;/ruby&gt; &lt;ruby&gt;&lt;rb&gt;&lt;/rb&gt;写&lt;rp&gt;(&lt;/rp&gt;&lt;rt&gt;xiě&lt;/rt&gt;&lt;rp&gt;)&lt;/rp&gt;&lt;/ruby&gt; &lt;ruby&gt;&lt;rb&gt;&lt;/rb&gt;的&lt;rp&gt;(&lt;/rp&gt;&lt;rt&gt;de&lt;/rt&gt;&lt;rp&gt;)&lt;/rp&gt;&lt;/ruby&gt; &lt;ruby&gt;&lt;rb&gt;&lt;/rb&gt;，&lt;rp&gt;(&lt;/rp&gt;&lt;rt&gt;,&lt;/rt&gt;&lt;rp&gt;)&lt;/rp&gt;&lt;/ruby&gt; &lt;ruby&gt;&lt;rb&gt;&lt;/rb&gt;送&lt;rp&gt;(&lt;/rp&gt;&lt;rt&gt;sònɡ&lt;/rt&gt;&lt;rp&gt;)&lt;/rp&gt;&lt;/ruby&gt; &lt;ruby&gt;&lt;rb&gt;&lt;/rb&gt;给&lt;rp&gt;(&lt;/rp&gt;&lt;rt&gt;ɡěi&lt;/rt&gt;&lt;rp&gt;)&lt;/rp&gt;&lt;/ruby&gt; &lt;ruby&gt;&lt;rb&gt;&lt;/rb&gt;你&lt;rp&gt;(&lt;/rp&gt;&lt;rt&gt;nǐ&lt;/rt&gt;&lt;rp&gt;)&lt;/rp&gt;&lt;/ruby&gt; &lt;ruby&gt;&lt;rb&gt;&lt;/rb&gt;，&lt;rp&gt;(&lt;/rp&gt;&lt;rt&gt;,&lt;/rt&gt;&lt;rp&gt;)&lt;/rp&gt;&lt;/ruby&gt; &lt;ruby&gt;&lt;rb&gt;&lt;/rb&gt;希&lt;rp&gt;(&lt;/rp&gt;&lt;rt&gt;xī&lt;/rt&gt;&lt;rp&gt;)&lt;/rp&gt;&lt;/ruby&gt; &lt;ruby&gt;&lt;rb&gt;&lt;/rb&gt;望&lt;rp&gt;(&lt;/rp&gt;&lt;rt&gt;wànɡ&lt;/rt&gt;&lt;rp&gt;)&lt;/rp&gt;&lt;/ruby&gt; &lt;ruby&gt;&lt;rb&gt;&lt;/rb&gt;能&lt;rp&gt;(&lt;/rp&gt;&lt;rt&gt;nénɡ&lt;/rt&gt;&lt;rp&gt;)&lt;/rp&gt;&lt;/ruby&gt; &lt;ruby&gt;&lt;rb&gt;&lt;/rb&gt;对&lt;rp&gt;(&lt;/rp&gt;&lt;rt&gt;duì&lt;/rt&gt;&lt;rp&gt;)&lt;/rp&gt;&lt;/ruby&gt; &lt;ruby&gt;&lt;rb&gt;&lt;/rb&gt;你&lt;rp&gt;(&lt;/rp&gt;&lt;rt&gt;nǐ&lt;/rt&gt;&lt;rp&gt;)&lt;/rp&gt;&lt;/ruby&gt; &lt;ruby&gt;&lt;rb&gt;&lt;/rb&gt;有&lt;rp&gt;(&lt;/rp&gt;&lt;rt&gt;yǒu&lt;/rt&gt;&lt;rp&gt;)&lt;/rp&gt;&lt;/ruby&gt; &lt;ruby&gt;&lt;rb&gt;&lt;/rb&gt;帮&lt;rp&gt;(&lt;/rp&gt;&lt;rt&gt;bānɡ&lt;/rt&gt;&lt;rp&gt;)&lt;/rp&gt;&lt;/ruby&gt; &lt;ruby&gt;&lt;rb&gt;&lt;/rb&gt;助&lt;rp&gt;(&lt;/rp&gt;&lt;rt&gt;zhù&lt;/rt&gt;&lt;rp&gt;)&lt;/rp&gt;&lt;/ruby&gt; &lt;ruby&gt;&lt;rb&gt;&lt;/rb&gt;。&lt;rp&gt;(&lt;/rp&gt;&lt;rt&gt;.&lt;/rt&gt;&lt;rp&gt;)&lt;/rp&gt;&lt;/ruby&gt;&lt;br /&gt;★&amp;nbsp;&amp;nbsp;&amp;nbsp;&lt;ruby&gt;&lt;rb&gt;&lt;/rb&gt;这&lt;rp&gt;(&lt;/rp&gt;&lt;rt&gt;Zhè&lt;/rt&gt;&lt;rp&gt;)&lt;/rp&gt;&lt;/ruby&gt; &lt;ruby&gt;&lt;rb&gt;&lt;/rb&gt;本&lt;rp&gt;(&lt;/rp&gt;&lt;rt&gt;běn&lt;/rt&gt;&lt;rp&gt;)&lt;/rp&gt;&lt;/ruby&gt; &lt;ruby&gt;&lt;rb&gt;&lt;/rb&gt;书&lt;rp&gt;(&lt;/rp&gt;&lt;rt&gt;shū&lt;/rt&gt;&lt;rp&gt;)&lt;/rp&gt;&lt;/ruby&gt; &lt;ruby&gt;&lt;rb&gt;&lt;/rb&gt;还&lt;rp&gt;(&lt;/rp&gt;&lt;rt&gt;hái&lt;/rt&gt;&lt;rp&gt;)&lt;/rp&gt;&lt;/ruby&gt; &lt;ruby&gt;&lt;rb&gt;&lt;/rb&gt;没&lt;rp&gt;(&lt;/rp&gt;&lt;rt&gt;méi&lt;/rt&gt;&lt;rp&gt;)&lt;/rp&gt;&lt;/ruby&gt; &lt;ruby&gt;&lt;rb&gt;&lt;/rb&gt;写&lt;rp&gt;(&lt;/rp&gt;&lt;rt&gt;xiě&lt;/rt&gt;&lt;rp&gt;)&lt;/rp&gt;&lt;/ruby&gt; &lt;ruby&gt;&lt;rb&gt;&lt;/rb&gt;完&lt;rp&gt;(&lt;/rp&gt;&lt;rt&gt;wán&lt;/rt&gt;&lt;rp&gt;)&lt;/rp&gt;&lt;/ruby&gt; &lt;ruby&gt;&lt;rb&gt;&lt;/rb&gt;。&lt;rp&gt;(&lt;/rp&gt;&lt;rt&gt;.&lt;/rt&gt;&lt;rp&gt;)&lt;/rp&gt;&lt;/ruby&gt;</prompt><simpleChoice identifier="T" fixed="true">√</simpleChoice><simpleChoice identifier="F" fixed="true">×</simpleChoice></choiceInteraction></itemBody><responseProcessing><responseCondition><responseIf><match><correct identifier="RESPONSE" /><variable identifier="RESPONSE" /></match><setOutcomeValue identifier="SCORE"><baseValue baseType="float">1</baseValue></setOutcomeValue></responseIf></responseCondition></responseProcessing></assessmentItem>