<assessmentItem xmlns:xsi="http://www.w3.org/2001/XMLSchema-instance" xmlns:xsd="http://www.w3.org/2001/XMLSchema" xmlns="http://www.open.com.cn/schemas/exam/openqti_v1" identifier="7bddfc22-8a6a-482a-866b-ac5b3393efbc" title="听力33" adaptive="false" timeDependent="false"><responseDeclaration identifier="RESPONSE" cardinality="single" baseType="identifier"><correctResponse><value>A</value></correctResponse></responseDeclaration><outcomeDeclaration identifier="SCORE" cardinality="single" baseType="float" normalMaximum="1"><defaultValue><value>0</value></defaultValue></outcomeDeclaration><itemBody><choiceInteraction responseIdentifier="RESPONSE" shuffle="true" maxChoices="1"><prompt>&lt;media src="7bddfc22-8a6a-482a-866b-ac5b3393efbc/2011620172446587.mp3" duration="47" repeatTimes="0" repeatInterval="0" mimeType="audio/mpeg" content=""&gt;播放音频&lt;/media&gt;</prompt><simpleChoice identifier="A">&lt;ruby&gt;&lt;rb&gt;&lt;/rb&gt;乐&lt;rp&gt;(&lt;/rp&gt;&lt;rt&gt;lè&lt;/rt&gt;&lt;rp&gt;)&lt;/rp&gt;&lt;/ruby&gt;</simpleChoice><simpleChoice identifier="B">&lt;ruby&gt;&lt;rb&gt;&lt;/rb&gt;姓&lt;rp&gt;(&lt;/rp&gt;&lt;rt&gt;xìnɡ&lt;/rt&gt;&lt;rp&gt;)&lt;/rp&gt;&lt;/ruby&gt;</simpleChoice><simpleChoice identifier="C">&lt;ruby&gt;&lt;rb&gt;&lt;/rb&gt;向&lt;rp&gt;(&lt;/rp&gt;&lt;rt&gt;xiànɡ&lt;/rt&gt;&lt;rp&gt;)&lt;/rp&gt;&lt;/ruby&gt;</simpleChoice></choiceInteraction></itemBody><responseProcessing><responseCondition><responseIf><match><correct identifier="RESPONSE" /><variable identifier="RESPONSE" /></match><setOutcomeValue identifier="SCORE"><baseValue baseType="float">1</baseValue></setOutcomeValue></responseIf></responseCondition></responseProcessing></assessmentItem>