<assessmentItem xmlns:xsi="http://www.w3.org/2001/XMLSchema-instance" xmlns:xsd="http://www.w3.org/2001/XMLSchema" xmlns="http://www.open.com.cn/schemas/exam/openqti_v1" identifier="def42eb7-55ca-405b-bb0f-7826e86a364c" title="听力6" adaptive="false" timeDependent="false"><responseDeclaration identifier="RESPONSE" cardinality="single" baseType="identifier"><correctResponse><value>T</value></correctResponse></responseDeclaration><outcomeDeclaration identifier="SCORE" cardinality="single" baseType="float" normalMaximum="1"><defaultValue><value>0</value></defaultValue></outcomeDeclaration><itemBody><choiceInteraction responseIdentifier="RESPONSE" shuffle="false" maxChoices="1"><prompt>&lt;media src="def42eb7-55ca-405b-bb0f-7826e86a364c/201162016454224.mp3" duration="14" repeatTimes="0" repeatInterval="0" mimeType="audio/mpeg" content=""&gt;播放音频&lt;/media&gt;&lt;br /&gt;&lt;img alt="" width="143" height="115" src="def42eb7-55ca-405b-bb0f-7826e86a364c/201162016462462.jpg" /&gt;</prompt><simpleChoice identifier="T" fixed="true">√</simpleChoice><simpleChoice identifier="F" fixed="true">×</simpleChoice></choiceInteraction></itemBody><responseProcessing><responseCondition><responseIf><match><correct identifier="RESPONSE" /><variable identifier="RESPONSE" /></match><setOutcomeValue identifier="SCORE"><baseValue baseType="float">1</baseValue></setOutcomeValue></responseIf></responseCondition></responseProcessing></assessmentItem>