<assessmentTest xmlns:xsi="http://www.w3.org/2001/XMLSchema-instance" xmlns:xsd="http://www.w3.org/2001/XMLSchema" identifier="740c1fe9-a79c-e011-abdb-005056b834eb" title="HSK二级1106（H21115）" xmlns="http://www.open.com.cn/schemas/exam/openqti_v1"><outcomeDeclaration identifier="SCORE" cardinality="single" baseType="float" /><testPart identifier="P01" navigationMode="linear" submissionMode="simultaneous"><rubricBlock view="candidate"><prompt>听力&lt;media src="740c1fe9-a79c-e011-abdb-005056b834eb\P01\201162216149459.mp3" mimeType="audio/mpeg" content="" duration="64" repeatInterval="0" repeatTimes="0"&gt;答题说明&lt;/media&gt;</prompt></rubricBlock><endBlock><prompt>&lt;media src="740c1fe9-a79c-e011-abdb-005056b834eb\P01\201471517542856.mp3" mimeType="audio/mpeg" content="" duration="4" repeatInterval="0" repeatTimes="0"&gt;模块结束音频&lt;/media&gt;</prompt></endBlock><timeLimits maxTime="1771" checkTime="180" /><assessmentSection identifier="S01" title="第一部分" visible="true" score="25" itemCount="10" optionalItemCount="0" mediaType="1" optionalItemScore="0"><endBlock /><ordering shuffle="false" /><rubricBlock view="candidate"><prompt>&lt;media src="740c1fe9-a79c-e011-abdb-005056b834eb\P01\S01\201162216223474.mp3" mimeType="audio/mpeg" content="" duration="9" repeatInterval="0" repeatTimes="0"&gt;答题说明&lt;/media&gt;</prompt></rubricBlock><assessmentItemRef identifier="ef4bc7eb-d1a6-493f-814d-314da375666b" href="AssessmentItems/ASI_ef4bc7eb-d1a6-493f-814d-314da375666b.xml" type="judgement" subjective="false" isExample="true" prepareDuration="0" responseDuration="0" promptShowDuration="0"><media mimeType="audio/mpeg" src="ef4bc7eb-d1a6-493f-814d-314da375666b\201162016325487.mp3" duration="18" content="" repeatTimes="0" repeatInterval="0">播放音频</media><weight identifier="WEIGHT" value="0">0</weight></assessmentItemRef><assessmentItemRef identifier="_x0036_89f7519-a5af-4012-a99b-8eac5b00c60c" href="AssessmentItems/ASI_689f7519-a5af-4012-a99b-8eac5b00c60c.xml" type="judgement" subjective="false" isExample="true" prepareDuration="0" responseDuration="0" promptShowDuration="0"><media mimeType="audio/mpeg" src="689f7519-a5af-4012-a99b-8eac5b00c60c\2011620163413181.mp3" duration="21" content="" repeatTimes="0" repeatInterval="0">播放音频</media><weight identifier="WEIGHT" value="0">0</weight></assessmentItemRef><assessmentItemRef identifier="_x0031_8d41f29-b9e1-4ce0-bba3-83c74a4998d2" href="AssessmentItems/ASI_18d41f29-b9e1-4ce0-bba3-83c74a4998d2.xml" type="judgement" subjective="false" isExample="false" prepareDuration="0" responseDuration="5" promptShowDuration="0"><media mimeType="audio/mpeg" src="18d41f29-b9e1-4ce0-bba3-83c74a4998d2\201162016417556.mp3" duration="17" content="" repeatTimes="0" repeatInterval="0">播放音频</media><weight identifier="WEIGHT" value="2.5">2.5</weight></assessmentItemRef><assessmentItemRef identifier="b39a44ef-2b83-4f70-8e38-10317a503250" href="AssessmentItems/ASI_b39a44ef-2b83-4f70-8e38-10317a503250.xml" type="judgement" subjective="false" isExample="false" prepareDuration="0" responseDuration="5" promptShowDuration="0"><media mimeType="audio/mpeg" src="b39a44ef-2b83-4f70-8e38-10317a503250\201162016428352.mp3" duration="12" content="" repeatTimes="0" repeatInterval="0">播放音频</media><weight identifier="WEIGHT" value="2.5">2.5</weight></assessmentItemRef><assessmentItemRef identifier="_x0035_577b684-aff6-4fdc-abab-bbf6fc08dc7f" href="AssessmentItems/ASI_5577b684-aff6-4fdc-abab-bbf6fc08dc7f.xml" type="judgement" subjective="false" isExample="false" prepareDuration="0" responseDuration="5" promptShowDuration="0"><media mimeType="audio/mpeg" src="5577b684-aff6-4fdc-abab-bbf6fc08dc7f\201162016439102.mp3" duration="17" content="" repeatTimes="0" repeatInterval="0">播放音频</media><weight identifier="WEIGHT" value="2.5">2.5</weight></assessmentItemRef><assessmentItemRef identifier="f80ceb14-6486-4dab-ac82-4b71ecaaca39" href="AssessmentItems/ASI_f80ceb14-6486-4dab-ac82-4b71ecaaca39.xml" type="judgement" subjective="false" isExample="false" prepareDuration="0" responseDuration="5" promptShowDuration="0"><media mimeType="audio/mpeg" src="f80ceb14-6486-4dab-ac82-4b71ecaaca39\201162016446931.mp3" duration="12" content="" repeatTimes="0" repeatInterval="0">播放音频</media><weight identifier="WEIGHT" value="2.5">2.5</weight></assessmentItemRef><assessmentItemRef identifier="fe913b16-03d5-473c-8d21-c310c2d52859" href="AssessmentItems/ASI_fe913b16-03d5-473c-8d21-c310c2d52859.xml" type="judgement" subjective="false" isExample="false" prepareDuration="0" responseDuration="5" promptShowDuration="0"><media mimeType="audio/mpeg" src="fe913b16-03d5-473c-8d21-c310c2d52859\2011620164455696.mp3" duration="16" content="" repeatTimes="0" repeatInterval="0">播放音频</media><weight identifier="WEIGHT" value="2.5">2.5</weight></assessmentItemRef><assessmentItemRef identifier="def42eb7-55ca-405b-bb0f-7826e86a364c" href="AssessmentItems/ASI_def42eb7-55ca-405b-bb0f-7826e86a364c.xml" type="judgement" subjective="false" isExample="false" prepareDuration="0" responseDuration="5" promptShowDuration="0"><media mimeType="audio/mpeg" src="def42eb7-55ca-405b-bb0f-7826e86a364c\201162016454224.mp3" duration="14" content="" repeatTimes="0" repeatInterval="0">播放音频</media><weight identifier="WEIGHT" value="2.5">2.5</weight></assessmentItemRef><assessmentItemRef identifier="b60171bb-6ff0-4b5b-9fe7-019103bd4398" href="AssessmentItems/ASI_b60171bb-6ff0-4b5b-9fe7-019103bd4398.xml" type="judgement" subjective="false" isExample="false" prepareDuration="0" responseDuration="5" promptShowDuration="0"><media mimeType="audio/mpeg" src="b60171bb-6ff0-4b5b-9fe7-019103bd4398\2011620164632696.mp3" duration="14" content="" repeatTimes="0" repeatInterval="0">播放音频</media><weight identifier="WEIGHT" value="2.5">2.5</weight></assessmentItemRef><assessmentItemRef identifier="_x0036_76a2869-2d3a-4ffb-a03d-d01346d6c1fa" href="AssessmentItems/ASI_676a2869-2d3a-4ffb-a03d-d01346d6c1fa.xml" type="judgement" subjective="false" isExample="false" prepareDuration="0" responseDuration="5" promptShowDuration="0"><media mimeType="audio/mpeg" src="676a2869-2d3a-4ffb-a03d-d01346d6c1fa\2011620164716837.mp3" duration="12" content="" repeatTimes="0" repeatInterval="0">播放音频</media><weight identifier="WEIGHT" value="2.5">2.5</weight></assessmentItemRef><assessmentItemRef identifier="_x0039_ad9cfc5-1b3d-4e82-85b0-7401e5e787e5" href="AssessmentItems/ASI_9ad9cfc5-1b3d-4e82-85b0-7401e5e787e5.xml" type="judgement" subjective="false" isExample="false" prepareDuration="0" responseDuration="5" promptShowDuration="0"><media mimeType="audio/mpeg" src="9ad9cfc5-1b3d-4e82-85b0-7401e5e787e5\201162016482837.mp3" duration="17" content="" repeatTimes="0" repeatInterval="0">播放音频</media><weight identifier="WEIGHT" value="2.5">2.5</weight></assessmentItemRef><assessmentItemRef identifier="_x0039_e30184c-5d9d-451d-8235-deed7379170f" href="AssessmentItems/ASI_9e30184c-5d9d-451d-8235-deed7379170f.xml" type="judgement" subjective="false" isExample="false" prepareDuration="0" responseDuration="5" promptShowDuration="0"><media mimeType="audio/mpeg" src="9e30184c-5d9d-451d-8235-deed7379170f\2011620164850806.mp3" duration="14" content="" repeatTimes="0" repeatInterval="0">播放音频</media><weight identifier="WEIGHT" value="2.5">2.5</weight></assessmentItemRef></assessmentSection><assessmentSection identifier="S02" title="第二部分" visible="true" score="25" itemCount="2" optionalItemCount="0" mediaType="1" optionalItemScore="0"><endBlock /><ordering shuffle="false" /><rubricBlock view="candidate"><prompt>&lt;media src="740c1fe9-a79c-e011-abdb-005056b834eb\P01\S02\201162216357990.mp3" mimeType="audio/mpeg" content="" duration="8" repeatInterval="0" repeatTimes="0"&gt;答题说明&lt;/media&gt;</prompt></rubricBlock><assessmentItemRef identifier="f7d3e5fc-600e-431f-9e91-89a9656bfbfd" href="AssessmentItems/ASI_f7d3e5fc-600e-431f-9e91-89a9656bfbfd.xml" type="readingComprehension" subjective="false" isExample="false" prepareDuration="0" responseDuration="9" promptShowDuration="0"><media mimeType="audio/mpeg" src="f7d3e5fc-600e-431f-9e91-89a9656bfbfd\2011620165132806.mp3" duration="187" content="" repeatTimes="0" repeatInterval="0">播放音频</media><weight identifier="WEIGHT" value="12.5">12.5</weight></assessmentItemRef><assessmentItemRef identifier="_x0031_195ff66-0c9e-4365-9d8a-7340f024b2d3" href="AssessmentItems/ASI_1195ff66-0c9e-4365-9d8a-7340f024b2d3.xml" type="readingComprehension" subjective="false" isExample="false" prepareDuration="0" responseDuration="9" promptShowDuration="0"><media mimeType="audio/mpeg" src="1195ff66-0c9e-4365-9d8a-7340f024b2d3\2011620165810118.mp3" duration="157" content="" repeatTimes="0" repeatInterval="0">播放音频</media><weight identifier="WEIGHT" value="12.5">12.5</weight></assessmentItemRef></assessmentSection><assessmentSection identifier="S03" title="第三部分" visible="true" score="25" itemCount="10" optionalItemCount="0" mediaType="1" optionalItemScore="0"><endBlock /><ordering shuffle="false" /><rubricBlock view="candidate"><prompt>&lt;media src="740c1fe9-a79c-e011-abdb-005056b834eb\P01\S03\201162216445177.mp3" mimeType="audio/mpeg" content="" duration="8" repeatInterval="0" repeatTimes="0"&gt;答题说明&lt;/media&gt;</prompt></rubricBlock><assessmentItemRef identifier="d6d8ff7c-5d1a-47f4-ac5e-ec811bc44e73" href="AssessmentItems/ASI_d6d8ff7c-5d1a-47f4-ac5e-ec811bc44e73.xml" type="singleChoice" subjective="false" isExample="true" prepareDuration="0" responseDuration="0" promptShowDuration="0"><media mimeType="audio/mpeg" src="d6d8ff7c-5d1a-47f4-ac5e-ec811bc44e73\201162017619149.mp3" duration="50" content="" repeatTimes="0" repeatInterval="0">播放音频</media><weight identifier="WEIGHT" value="0">0</weight></assessmentItemRef><assessmentItemRef identifier="_x0032_e7ea1dc-da63-40aa-b191-5e6bba1b692d" href="AssessmentItems/ASI_2e7ea1dc-da63-40aa-b191-5e6bba1b692d.xml" type="singleChoice" subjective="false" isExample="false" prepareDuration="0" responseDuration="12" promptShowDuration="0"><media mimeType="audio/mpeg" src="2e7ea1dc-da63-40aa-b191-5e6bba1b692d\201162017829806.mp3" duration="42" content="" repeatTimes="0" repeatInterval="0">播放音频</media><weight identifier="WEIGHT" value="2.5">2.5</weight></assessmentItemRef><assessmentItemRef identifier="_x0038_74211da-37f2-46fa-8d05-c1c7a35d07e4" href="AssessmentItems/ASI_874211da-37f2-46fa-8d05-c1c7a35d07e4.xml" type="singleChoice" subjective="false" isExample="false" prepareDuration="0" responseDuration="12" promptShowDuration="0"><media mimeType="audio/mpeg" src="874211da-37f2-46fa-8d05-c1c7a35d07e4\201162017928634.mp3" duration="35" content="" repeatTimes="0" repeatInterval="0">播放音频</media><weight identifier="WEIGHT" value="2.5">2.5</weight></assessmentItemRef><assessmentItemRef identifier="_x0037_845f5c7-8192-4ba4-8374-cb65b9eae72d" href="AssessmentItems/ASI_7845f5c7-8192-4ba4-8374-cb65b9eae72d.xml" type="singleChoice" subjective="false" isExample="false" prepareDuration="0" responseDuration="12" promptShowDuration="0"><media mimeType="audio/mpeg" src="7845f5c7-8192-4ba4-8374-cb65b9eae72d\2011620171021509.mp3" duration="42" content="" repeatTimes="0" repeatInterval="0">播放音频</media><weight identifier="WEIGHT" value="2.5">2.5</weight></assessmentItemRef><assessmentItemRef identifier="_x0035_2cf8bda-e148-4759-b221-7d4e4030fbf5" href="AssessmentItems/ASI_52cf8bda-e148-4759-b221-7d4e4030fbf5.xml" type="singleChoice" subjective="false" isExample="false" prepareDuration="0" responseDuration="12" promptShowDuration="0"><media mimeType="audio/mpeg" src="52cf8bda-e148-4759-b221-7d4e4030fbf5\2011620171219634.mp3" duration="38" content="" repeatTimes="0" repeatInterval="0">播放音频</media><weight identifier="WEIGHT" value="2.5">2.5</weight></assessmentItemRef><assessmentItemRef identifier="_x0031_91145b2-5738-472b-855f-3b5e2bf73df8" href="AssessmentItems/ASI_191145b2-5738-472b-855f-3b5e2bf73df8.xml" type="singleChoice" subjective="false" isExample="false" prepareDuration="0" responseDuration="12" promptShowDuration="0"><media mimeType="audio/mpeg" src="191145b2-5738-472b-855f-3b5e2bf73df8\2011620171315915.mp3" duration="36" content="" repeatTimes="0" repeatInterval="0">播放音频</media><weight identifier="WEIGHT" value="2.5">2.5</weight></assessmentItemRef><assessmentItemRef identifier="_x0035_119ffa4-9b62-48b7-a136-bc3404379782" href="AssessmentItems/ASI_5119ffa4-9b62-48b7-a136-bc3404379782.xml" type="singleChoice" subjective="false" isExample="false" prepareDuration="0" responseDuration="12" promptShowDuration="0"><media mimeType="audio/mpeg" src="5119ffa4-9b62-48b7-a136-bc3404379782\201162017144224.mp3" duration="43" content="" repeatTimes="0" repeatInterval="0">播放音频</media><weight identifier="WEIGHT" value="2.5">2.5</weight></assessmentItemRef><assessmentItemRef identifier="fa455a17-c884-4bea-a16d-1eaadcda6677" href="AssessmentItems/ASI_fa455a17-c884-4bea-a16d-1eaadcda6677.xml" type="singleChoice" subjective="false" isExample="false" prepareDuration="0" responseDuration="12" promptShowDuration="0"><media mimeType="audio/mpeg" src="fa455a17-c884-4bea-a16d-1eaadcda6677\2011620171537431.mp3" duration="35" content="" repeatTimes="0" repeatInterval="0">播放音频</media><weight identifier="WEIGHT" value="2.5">2.5</weight></assessmentItemRef><assessmentItemRef identifier="_x0031_19469bf-d1eb-46f7-a847-c5a2500b7729" href="AssessmentItems/ASI_119469bf-d1eb-46f7-a847-c5a2500b7729.xml" type="singleChoice" subjective="false" isExample="false" prepareDuration="0" responseDuration="12" promptShowDuration="0"><media mimeType="audio/mpeg" src="119469bf-d1eb-46f7-a847-c5a2500b7729\2011620171631759.mp3" duration="31" content="" repeatTimes="0" repeatInterval="0">播放音频</media><weight identifier="WEIGHT" value="2.5">2.5</weight></assessmentItemRef><assessmentItemRef identifier="_x0030_bb00b63-1ee7-4a80-8f04-bb995e182c0f" href="AssessmentItems/ASI_0bb00b63-1ee7-4a80-8f04-bb995e182c0f.xml" type="singleChoice" subjective="false" isExample="false" prepareDuration="0" responseDuration="12" promptShowDuration="0"><media mimeType="audio/mpeg" src="0bb00b63-1ee7-4a80-8f04-bb995e182c0f\2011620171733837.mp3" duration="30" content="" repeatTimes="0" repeatInterval="0">播放音频</media><weight identifier="WEIGHT" value="2.5">2.5</weight></assessmentItemRef><assessmentItemRef identifier="_x0032_3ecfc3e-f808-49a8-ab32-0fa00346d4a7" href="AssessmentItems/ASI_23ecfc3e-f808-49a8-ab32-0fa00346d4a7.xml" type="singleChoice" subjective="false" isExample="false" prepareDuration="0" responseDuration="12" promptShowDuration="0"><media mimeType="audio/mpeg" src="23ecfc3e-f808-49a8-ab32-0fa00346d4a7\2011620171826431.mp3" duration="34" content="" repeatTimes="0" repeatInterval="0">播放音频</media><weight identifier="WEIGHT" value="2.5">2.5</weight></assessmentItemRef></assessmentSection><assessmentSection identifier="S04" title="第四部分" visible="true" score="25" itemCount="5" optionalItemCount="0" mediaType="1" optionalItemScore="0"><endBlock /><ordering shuffle="false" /><rubricBlock view="candidate"><prompt>&lt;media src="740c1fe9-a79c-e011-abdb-005056b834eb\P01\S04\201162216558724.mp3" mimeType="audio/mpeg" content="" duration="8" repeatInterval="0" repeatTimes="0"&gt;答题说明&lt;/media&gt;</prompt></rubricBlock><assessmentItemRef identifier="_x0038_082fc4f-2522-42fd-8b66-7636b23d4a7c" href="AssessmentItems/ASI_8082fc4f-2522-42fd-8b66-7636b23d4a7c.xml" type="singleChoice" subjective="false" isExample="true" prepareDuration="0" responseDuration="0" promptShowDuration="0"><media mimeType="audio/mpeg" src="8082fc4f-2522-42fd-8b66-7636b23d4a7c\201162017203962.mp3" duration="44" content="" repeatTimes="0" repeatInterval="0">播放音频</media><weight identifier="WEIGHT" value="0">0</weight></assessmentItemRef><assessmentItemRef identifier="af8fdf9d-34e7-44d9-87d3-ec94b84cb5c0" href="AssessmentItems/ASI_af8fdf9d-34e7-44d9-87d3-ec94b84cb5c0.xml" type="singleChoice" subjective="false" isExample="false" prepareDuration="0" responseDuration="11" promptShowDuration="0"><media mimeType="audio/mpeg" src="af8fdf9d-34e7-44d9-87d3-ec94b84cb5c0\2011620172227837.mp3" duration="58" content="" repeatTimes="0" repeatInterval="0">播放音频</media><weight identifier="WEIGHT" value="5">5</weight></assessmentItemRef><assessmentItemRef identifier="bdef7c82-1105-4d9f-84f0-8a1286158d50" href="AssessmentItems/ASI_bdef7c82-1105-4d9f-84f0-8a1286158d50.xml" type="singleChoice" subjective="false" isExample="false" prepareDuration="0" responseDuration="11" promptShowDuration="0"><media mimeType="audio/mpeg" src="bdef7c82-1105-4d9f-84f0-8a1286158d50\2011620172336415.mp3" duration="49" content="" repeatTimes="0" repeatInterval="0">播放音频</media><weight identifier="WEIGHT" value="5">5</weight></assessmentItemRef><assessmentItemRef identifier="_x0037_bddfc22-8a6a-482a-866b-ac5b3393efbc" href="AssessmentItems/ASI_7bddfc22-8a6a-482a-866b-ac5b3393efbc.xml" type="singleChoice" subjective="false" isExample="false" prepareDuration="0" responseDuration="11" promptShowDuration="0"><media mimeType="audio/mpeg" src="7bddfc22-8a6a-482a-866b-ac5b3393efbc\2011620172446587.mp3" duration="47" content="" repeatTimes="0" repeatInterval="0">播放音频</media><weight identifier="WEIGHT" value="5">5</weight></assessmentItemRef><assessmentItemRef identifier="a16d5da5-4894-4dc5-be75-e58dd84bf930" href="AssessmentItems/ASI_a16d5da5-4894-4dc5-be75-e58dd84bf930.xml" type="singleChoice" subjective="false" isExample="false" prepareDuration="0" responseDuration="11" promptShowDuration="0"><media mimeType="audio/mpeg" src="a16d5da5-4894-4dc5-be75-e58dd84bf930\2011620173248212.mp3" duration="56" content="" repeatTimes="0" repeatInterval="0">播放音频</media><weight identifier="WEIGHT" value="5">5</weight></assessmentItemRef><assessmentItemRef identifier="dc8195a8-efcf-4b3a-a54a-f7326a95628c" href="AssessmentItems/ASI_dc8195a8-efcf-4b3a-a54a-f7326a95628c.xml" type="singleChoice" subjective="false" isExample="false" prepareDuration="0" responseDuration="11" promptShowDuration="0"><media mimeType="audio/mpeg" src="dc8195a8-efcf-4b3a-a54a-f7326a95628c\2011620173348102.mp3" duration="49" content="" repeatTimes="0" repeatInterval="0">播放音频</media><weight identifier="WEIGHT" value="5">5</weight></assessmentItemRef></assessmentSection></testPart><testPart identifier="P02" navigationMode="nonlinear" submissionMode="simultaneous"><rubricBlock view="candidate"><prompt>阅读</prompt></rubricBlock><endBlock /><timeLimits minTime="1320" maxTime="1320" /><assessmentSection identifier="S01" title="第一部分" visible="true" score="20" itemCount="1" optionalItemCount="0" mediaType="0" optionalItemScore="0"><endBlock /><ordering shuffle="false" /><rubricBlock view="candidate" /><assessmentItemRef identifier="aceaf95d-c3ef-42ff-bc3c-64a70e0638b0" href="AssessmentItems/ASI_aceaf95d-c3ef-42ff-bc3c-64a70e0638b0.xml" type="readingComprehension" subjective="false" isExample="false" prepareDuration="0" responseDuration="0" promptShowDuration="0"><weight identifier="WEIGHT" value="20">20</weight></assessmentItemRef></assessmentSection><assessmentSection identifier="S02" title="第二部分" visible="true" score="20" itemCount="1" optionalItemCount="0" mediaType="0" optionalItemScore="0"><endBlock /><ordering shuffle="false" /><rubricBlock view="candidate" /><assessmentItemRef identifier="dd08350a-1458-4057-b214-508e50a32f78" href="AssessmentItems/ASI_dd08350a-1458-4057-b214-508e50a32f78.xml" type="readingComprehension" subjective="false" isExample="false" prepareDuration="0" responseDuration="0" promptShowDuration="0"><weight identifier="WEIGHT" value="20">20</weight></assessmentItemRef></assessmentSection><assessmentSection identifier="S03" title="第三部分" visible="true" score="20" itemCount="5" optionalItemCount="0" mediaType="0" optionalItemScore="0"><endBlock /><ordering shuffle="false" /><rubricBlock view="candidate" /><assessmentItemRef identifier="eabf0429-eb5e-4a6f-a0d5-963a5812c74f" href="AssessmentItems/ASI_eabf0429-eb5e-4a6f-a0d5-963a5812c74f.xml" type="judgement" subjective="false" isExample="true" prepareDuration="0" responseDuration="0" promptShowDuration="0"><weight identifier="WEIGHT" value="0">0</weight></assessmentItemRef><assessmentItemRef identifier="_x0036_3798c18-7074-4885-a616-46f8bd671dd4" href="AssessmentItems/ASI_63798c18-7074-4885-a616-46f8bd671dd4.xml" type="judgement" subjective="false" isExample="true" prepareDuration="0" responseDuration="0" promptShowDuration="0"><weight identifier="WEIGHT" value="0">0</weight></assessmentItemRef><assessmentItemRef identifier="_x0033_5f84fd4-729d-4e04-b04b-3b91cc2cb4cc" href="AssessmentItems/ASI_35f84fd4-729d-4e04-b04b-3b91cc2cb4cc.xml" type="judgement" subjective="false" isExample="false" prepareDuration="0" responseDuration="0" promptShowDuration="0"><weight identifier="WEIGHT" value="4">4</weight></assessmentItemRef><assessmentItemRef identifier="_x0035_32fc489-6288-41c0-90b6-ba2a7785e046" href="AssessmentItems/ASI_532fc489-6288-41c0-90b6-ba2a7785e046.xml" type="judgement" subjective="false" isExample="false" prepareDuration="0" responseDuration="0" promptShowDuration="0"><weight identifier="WEIGHT" value="4">4</weight></assessmentItemRef><assessmentItemRef identifier="_x0038_e8c4529-850f-4575-9ed8-29643eff38d7" href="AssessmentItems/ASI_8e8c4529-850f-4575-9ed8-29643eff38d7.xml" type="judgement" subjective="false" isExample="false" prepareDuration="0" responseDuration="0" promptShowDuration="0"><weight identifier="WEIGHT" value="4">4</weight></assessmentItemRef><assessmentItemRef identifier="_x0039_9a050be-30e3-496b-8b0c-1c0f7392d49c" href="AssessmentItems/ASI_99a050be-30e3-496b-8b0c-1c0f7392d49c.xml" type="judgement" subjective="false" isExample="false" prepareDuration="0" responseDuration="0" promptShowDuration="0"><weight identifier="WEIGHT" value="4">4</weight></assessmentItemRef><assessmentItemRef identifier="_x0036_e0f370a-60c1-404a-81aa-7b76c1a086a2" href="AssessmentItems/ASI_6e0f370a-60c1-404a-81aa-7b76c1a086a2.xml" type="judgement" subjective="false" isExample="false" prepareDuration="0" responseDuration="0" promptShowDuration="0"><weight identifier="WEIGHT" value="4">4</weight></assessmentItemRef></assessmentSection><assessmentSection identifier="S04" title="第四部分" visible="true" score="40" itemCount="2" optionalItemCount="0" mediaType="0" optionalItemScore="0"><endBlock /><ordering shuffle="false" /><rubricBlock view="candidate" /><assessmentItemRef identifier="_x0035_befbdc6-181d-4f87-a7e9-88373067bcc1" href="AssessmentItems/ASI_5befbdc6-181d-4f87-a7e9-88373067bcc1.xml" type="readingComprehension" subjective="false" isExample="false" prepareDuration="0" responseDuration="0" promptShowDuration="0"><weight identifier="WEIGHT" value="20">20</weight></assessmentItemRef><assessmentItemRef identifier="_x0034_601196a-4fa1-40f1-9cfb-8f1def184a9d" href="AssessmentItems/ASI_4601196a-4fa1-40f1-9cfb-8f1def184a9d.xml" type="readingComprehension" subjective="false" isExample="false" prepareDuration="0" responseDuration="0" promptShowDuration="0"><weight identifier="WEIGHT" value="20">20</weight></assessmentItemRef></assessmentSection></testPart></assessmentTest>